<?xml version="1.0" encoding="UTF-8" standalone="no"?>
<cpgs>
<guideline Category="Medical" FileName="ADHD CPG_Booklet" Topic="Attention Deficit Hyperactivity Disorder" Year="2014" id="">
<session PageNumber="1" ReferencePage="12" SessionTitle="Definition and diagnostic classification"/>
<classification Grade="B" Level="2+"/>
<fullstring>
diagnosis of attention deficit hyperactivity disorder should be
made through a thorough clinical assessment, which should include an
interview with the parent or significant caregiver of the child (pg 12).
Grade B, Level 2 ++
</fullstring>
</guideline>
<guideline Category="Medical" FileName="ADHD CPG_Booklet" Topic="Attention Deficit Hyperactivity Disorder" Year="2014" id="">
<session PageNumber="1" ReferencePage="12" SessionTitle="Definition and diagnostic classification"/>
<classification Grade="B" Level="2++"/>
<fullstring>
When diagnosing attention deficit hyperactivity disorder, in addition
to information from interviews with parents or caregivers, information
from another adult who has interacted with the child in another setting
(e.g. school teachers) should also be obtained (pg 12).
Grade B, Level 2 ++
</fullstring>
</guideline>
<guideline Category="Medical" FileName="ADHD CPG_Booklet" Topic="Attention Deficit Hyperactivity Disorder" Year="2014" id="">
<session PageNumber="1" ReferencePage="12" SessionTitle="Definition and diagnostic classification"/>
<classification Grade="B" Level="2++"/>
<fullstring>
Before diagnosing attention deficit hyperactivity disorder (ADHD),
a careful evaluation to exclude psychiatric or medical conditions which
can account for ADHD-like symptoms should be performed (pg 12).
Grade B, Level 2 ++
</fullstring>
</guideline>
<guideline Category="Medical" FileName="ADHD CPG_Booklet" Topic="Attention Deficit Hyperactivity Disorder" Year="2014" id="">
<session PageNumber="1" ReferencePage="13" SessionTitle="Definition and diagnostic classification"/>
<classification Grade="B" Level="2++"/>
<fullstring>
Attention deficit hyperactivity disorder is a diagnosis that should
be considered when a pre-schooler presents with disruptive behaviour
(pg 13).
Grade B, Level 2 ++
</fullstring>
</guideline>
<guideline Category="Medical" FileName="ADHD CPG_Booklet" Topic="Attention Deficit Hyperactivity Disorder" Year="2014" id="">
<session PageNumber="1" ReferencePage="13" SessionTitle="Definition and diagnostic classification"/>
<classification Grade="C" Level="2+"/>
<fullstring>
C 	 The clinician should assess a child diagnosed with attention deficit
hyperactivity disorder for co-morbid conditions (pg 13).
Grade C, Level 2 +
</fullstring>
</guideline>
<guideline Category="Medical" FileName="ADHD CPG_Booklet" Topic="Attention Deficit Hyperactivity Disorder" Year="2014" id="">
<session PageNumber="1" ReferencePage="13" SessionTitle="Definition and diagnostic classification"/>
<classification Grade="C" Level="2+"/>
<fullstring>
If there is a suspected learning disorder, appropriate psycho-
educational or speech and language assessments should be sought from
the appropriate specialists (pg 13).
Grade C, Level 2 +
</fullstring>
</guideline>
<guideline Category="Medical" FileName="ADHD CPG_Booklet" Topic="Attention Deficit Hyperactivity Disorder" Year="2014" id="">
<session PageNumber="2" ReferencePage="14" SessionTitle="Definition and diagnostic classification"/>
<classification Grade="A" Level="1+"/>
<fullstring>
There is no need for investigations such as thyroid function test, lead
level or brain imaging to be done when assessing a child for attention
deficit hyperactivity disorder, unless there is another medical indication
(pg 14).
Grade A, Level 1 +
</fullstring>
</guideline>
<guideline Category="Medical" FileName="ADHD CPG_Booklet" Topic="Attention Deficit Hyperactivity Disorder" Year="2014" id="">
<session PageNumber="2" ReferencePage="15" SessionTitle="Definition and diagnostic classification"/>
<classification Grade="A" Level="1+"/>
<fullstring>
Electroencephalogram is not recommended as a diagnostic tool for
attention deficit hyperactivity disorder in clinical practice (pg 15).
Grade A, Level 1 +
</fullstring>
</guideline>
<guideline Category="Medical" FileName="ADHD CPG_Booklet" Topic="Attention Deficit Hyperactivity Disorder" Year="2014" id="">
<session PageNumber="2" ReferencePage="17" SessionTitle="Overview of treatment for ADHD"/>
<classification Grade="D" Level="4"/>
<fullstring>
Clinicians who treat adolescents with attention deficit hyperactivity
disorder should plan for the transition to adult health services in advance,
discuss this with the patients and their families, and ensure that they can
continue to receive care (pg 17).
Grade D, Level 4
</fullstring>
</guideline>
<guideline Category="Medical" FileName="ADHD CPG_Booklet" Topic="Attention Deficit Hyperactivity Disorder" Year="2014" id="">
<session PageNumber="2" ReferencePage="18" SessionTitle="Psychosocial/alternative/complementary interventions"/>
<classification Grade="B" Level="1+"/>
<fullstring>
After diagnosis, doctors should provide appropriate education about
attention deficit hyperactivity disorder to children, families and teachers
(pg 18).Grade B, Level 1 +
</fullstring>
</guideline>
<guideline Category="Medical" FileName="ADHD CPG_Booklet" Topic="Attention Deficit Hyperactivity Disorder" Year="2014" id="">
<session PageNumber="2" ReferencePage="19" SessionTitle="Psychosocial/alternative/complementary interventions"/>
<classification Grade="A" Level="1+"/>
<fullstring>
Doctors should consider educating parents of children with attention
deficit hyperactivity disorder about behaviour management strategies,
or refer them to professionals who can do so [e.g. psychologists]
(pg 19).
Grade A, Level 1 ++
</fullstring>
</guideline>
<guideline Category="Medical" FileName="ADHD CPG_Booklet" Topic="Attention Deficit Hyperactivity Disorder" Year="2014" id="">
<session PageNumber="2" ReferencePage="20" SessionTitle="Psychosocial/alternative/complementary interventions"/>
<classification Grade="B" Level="1+"/>
<fullstring>
Parent training should be offered for parents of pre-school children
with attention deficit hyperactivity disorder (pg 20).
Grade B, Level 1 +
</fullstring>
</guideline>
<guideline Category="Medical" FileName="ADHD CPG_Booklet" Topic="Attention Deficit Hyperactivity Disorder" Year="2014" id="">
<session PageNumber="2" ReferencePage="20" SessionTitle="Psychosocial/alternative/complementary interventions"/>
<classification Grade="B" Level="1+"/>
<fullstring>
Doctors should consider referring parents of children and adolescents
with attention deficit hyperactivity disorder for parent training programmes
offered within the community, particularly when negative parenting
practices are identified (pg 20).
Grade B, Level 1 +
</fullstring>
</guideline>
<guideline Category="Medical" FileName="ADHD CPG_Booklet" Topic="Attention Deficit Hyperactivity Disorder" Year="2014" id="">
<session PageNumber="3" ReferencePage="21" SessionTitle="Psychosocial/alternative/complementary interventions"/>
<classification Grade="D" Level="3"/>
<fullstring>
During the delivery of parent training, the professional should
consider the use of behaviour management strategies which are more
likely to be acceptable to the parents, based on an understanding of their
cultural background (pg 21).
Grade D, Level 3
</fullstring>
</guideline>
<guideline Category="Medical" FileName="ADHD CPG_Booklet" Topic="Attention Deficit Hyperactivity Disorder" Year="2014" id="">
<session PageNumber="3" ReferencePage="21" SessionTitle="Psychosocial/alternative/complementary interventions"/>
<classification Grade="GPP" Level="GPP"/>
<fullstring>
Family therapy may be considered for the family of a child or
adolescent with attention deficit hyperactivity disorder if severe disruption
in relationships within the family is evident (pg 21).
GPP
</fullstring>
</guideline>
<guideline Category="Medical" FileName="ADHD CPG_Booklet" Topic="Attention Deficit Hyperactivity Disorder" Year="2014" id="">
<session PageNumber="3" ReferencePage="22" SessionTitle="Psychosocial/alternative/complementary interventions"/>
<classification Grade="C" Level="2+"/>
<fullstring>
Academic interventions should be considered for the child with
attention deficit hyperactivity disorder and should be made in consultation
with educational professionals who work closely with the child in the
learning or school context. [Guidelines for communications between the
physician and the child’s school are provided in Annex 5.] (pg 22).
Grade C, Level 2 +
</fullstring>
</guideline>
<guideline Category="Medical" FileName="ADHD CPG_Booklet" Topic="Attention Deficit Hyperactivity Disorder" Year="2014" id="">
<session PageNumber="3" ReferencePage="24" SessionTitle="Psychosocial/alternative/complementary interventions"/>
<classification Grade="GPP" Level="GPP"/>
<fullstring>
Parents and caregivers should be encouraged to actively share
information about the child’s attention deficit hyperactivity disorder
condition with his school, and collaborate with professionals and teachers
in preparing the child for the educational setting (pg 24).
GPP
</fullstring>
</guideline>
<guideline Category="Medical" FileName="ADHD CPG_Booklet" Topic="Attention Deficit Hyperactivity Disorder" Year="2014" id="">
<session PageNumber="3" ReferencePage="25" SessionTitle="Psychosocial/alternative/complementary interventions"/>
<classification Grade="B" Level="1+"/>
<fullstring>
Social skills training alone is not recommended for the management
of attention deficit hyperactivity disorder (pg 25).
Grade B, Level 1 +
</fullstring>
</guideline>
<guideline Category="Medical" FileName="ADHD CPG_Booklet" Topic="Attention Deficit Hyperactivity Disorder" Year="2014" id="">
<session PageNumber="3" ReferencePage="25" SessionTitle="Psychosocial/alternative/complementary interventions"/>
<classification Grade="B" Level="1+"/>
<fullstring>
Cognitive-behavioural therapy alone is not recommended for the
management of attention deficit hyperactivity disorder (pg 25).
Grade B, Level 1 +
</fullstring>
</guideline>
<guideline Category="Medical" FileName="ADHD CPG_Booklet" Topic="Attention Deficit Hyperactivity Disorder" Year="2014" id="">
<session PageNumber="3" ReferencePage="26" SessionTitle="Psychosocial/alternative/complementary interventions"/>
<classification Grade="B" Level="1+"/>
<fullstring>
There is no clear evidence for food additives and sugars to be related
to attention deficit hyperactivity disorder. Parents and children should be
advised to control food items containing additives or high sugar content
that have been observed to consistently provoke physical or behavioural
reactions (pg 26).
Grade B, Level 1 +
</fullstring>
</guideline>
<guideline Category="Medical" FileName="ADHD CPG_Booklet" Topic="Attention Deficit Hyperactivity Disorder" Year="2014" id="">
<session PageNumber="4" ReferencePage="27" SessionTitle="Psychosocial/alternative/complementary interventions"/>
<classification Grade="C" Level="2++"/>
<fullstring>
C 	 A restrictive elimination diet is not recommended for the management
of attention deficit hyperactivity disorder (pg 27).
Grade C, Level 2 ++
</fullstring>
</guideline>
<guideline Category="Medical" FileName="ADHD CPG_Booklet" Topic="Attention Deficit Hyperactivity Disorder" Year="2014" id="">
<session PageNumber="4" ReferencePage="27" SessionTitle="Psychosocial/alternative/complementary interventions"/>
<classification Grade="B" Level="1+"/>
<fullstring>
Omega-3 supplementation may be used as an adjunctive treatment
for attention deficit hyperactivity disorder (pg 27).
Grade B, Level 1 +
</fullstring>
</guideline>
<guideline Category="Medical" FileName="ADHD CPG_Booklet" Topic="Attention Deficit Hyperactivity Disorder" Year="2014" id="">
<session PageNumber="4" ReferencePage="29" SessionTitle="Psychosocial/alternative/complementary interventions"/>
<classification Grade="B" Level="1+"/>
<fullstring>
Neurofeedback should not be used alone for the treatment of attention
deficit hyperactivity disorder (pg 29).
Grade B, Level 1 +
</fullstring>
</guideline>
<guideline Category="Medical" FileName="ADHD CPG_Booklet" Topic="Attention Deficit Hyperactivity Disorder" Year="2014" id="">
<session PageNumber="4" ReferencePage="29" SessionTitle="Psychosocial/alternative/complementary interventions"/>
<classification Grade="A" Level="1+"/>
<fullstring>
	A 	 Cognitive remediation alone is not recommended for the treatment
of attention deficit hyperactivity disorder with significant impairment
(pg 29).
Grade A, Level 1 +
</fullstring>
</guideline>
<guideline Category="Medical" FileName="ADHD CPG_Booklet" Topic="Attention Deficit Hyperactivity Disorder" Year="2014" id="">
<session PageNumber="4" ReferencePage="30" SessionTitle="Psychosocial/alternative/complementary interventions"/>
<classification Grade="D" Level="3"/>
<fullstring>
	D 	 A referral to an Occupational Therapist may be considered for
children with sensory processing or motor skill deficits in addition to
attention deficit hyperactivity disorder (pg 30).
Grade D, Level 3
</fullstring>
</guideline>
<guideline Category="Medical" FileName="ADHD CPG_Booklet" Topic="Attention Deficit Hyperactivity Disorder" Year="2014" id="">
<session PageNumber="4" ReferencePage="32" SessionTitle="Pharmacological treatment"/>
<classification Grade="A" Level="1+"/>
<fullstring>
When medication is considered for the treatment of attention
deficit hyperactivity disorder, methylphenidate should be considered first
(pg 32).Grade A, Level 1 +
</fullstring>
</guideline>
<guideline Category="Medical" FileName="ADHD CPG_Booklet" Topic="Attention Deficit Hyperactivity Disorder" Year="2014" id="">
<session PageNumber="4" ReferencePage="32" SessionTitle="Pharmacological treatment"/>
<classification Grade="B" Level="1+"/>
<fullstring>	
Methylphenidate may be used for long term treatment of attention
deficit hyperactivity disorder symptoms, although the benefits of treatment
should be reviewed regularly (pg 32).
Grade B, Level 1 +
</fullstring>
</guideline>
<guideline Category="Medical" FileName="ADHD CPG_Booklet" Topic="Attention Deficit Hyperactivity Disorder" Year="2014" id="">
<session PageNumber="4" ReferencePage="33" SessionTitle="Pharmacological treatment"/>
<classification Grade="B" Level="1+"/>
<fullstring>
Drug holidays during treatment with methylphenidate may be
considered in order to limit adverse effects. Attention deficit hyperactivity
disorder symptoms and impairment during the non-medication days should
be monitored (pg 33).
Grade B, Level 1 +
</fullstring>
</guideline>
<guideline Category="Medical" FileName="ADHD CPG_Booklet" Topic="Attention Deficit Hyperactivity Disorder" Year="2014" id="">
<session PageNumber="4" ReferencePage="33" SessionTitle="Pharmacological treatment"/>
<classification Grade="A" Level="1++"/>
<fullstring>
A 	 The height, weight and body-mass-index (BMI) of children receiving
treatment with methylphenidate should be regularly monitored (pg 33).
Grade A, Level 1 ++
</fullstring>
</guideline>
<guideline Category="Medical" FileName="ADHD CPG_Booklet" Topic="Attention Deficit Hyperactivity Disorder" Year="2014" id="">
<session PageNumber="5" ReferencePage="33" SessionTitle="Pharmacological treatment"/>
<classification Grade="D" Level="4"/>
<fullstring>
	D 	 The height, weight and body-mass-index (BMI) of children receiving
treatment with methylphenidate should be monitored every 6 months. If
there is concern about slowing of growth rate, the need for continued
medication use should be reviewed and jointly decided with parents, and
there may be a need to evaluate for other medical reasons explaining this
(pg 33).
Grade D, Level 4
</fullstring>
</guideline>
<guideline Category="Medical" FileName="ADHD CPG_Booklet" Topic="Attention Deficit Hyperactivity Disorder" Year="2014" id="">
<session PageNumber="5" ReferencePage="34" SessionTitle="Pharmacological treatment"/>
<classification Grade="B" Level="1+"/>
<fullstring>
	B 	
During treatment with methylphenidate, start at a low dose and
slowly titrate upwards according to the child’s response, or adjust the
timing of medication, to minimise short-term adverse effects (pg 34).
Grade B, Level 1 +
</fullstring>
</guideline>
<guideline Category="Medical" FileName="ADHD CPG_Booklet" Topic="Attention Deficit Hyperactivity Disorder" Year="2014" id="">
<session PageNumber="5" ReferencePage="34" SessionTitle="Pharmacological treatment"/>
<classification Grade="C" Level="2+"/>
<fullstring>
A careful personal and family history of cardiovascular disease
should be taken before starting medication treatment for attention deficit
hyperactivity disorder. Children with pre-existing cardiac problems
should be referred to a cardiologist for evaluation before treatment with
methylphenidate or atomoxetine is initiated (pg 34).
Grade C, Level 2 +
</fullstring>
</guideline>
<guideline Category="Medical" FileName="ADHD CPG_Booklet" Topic="Attention Deficit Hyperactivity Disorder" Year="2014" id="">
<session PageNumber="5" ReferencePage="35" SessionTitle="Pharmacological treatment"/>
<classification Grade="A" Level="1+"/>
<fullstring>
Methylphenidate may be used to treat attention deficit hyperactivity
disorder in children with comorbid tic disorder but treatment should be
stopped if the tics worsen following treatment (pg 35).
Grade A, Level 1 +
</fullstring>
</guideline>
<guideline Category="Medical" FileName="ADHD CPG_Booklet" Topic="Attention Deficit Hyperactivity Disorder" Year="2014" id="">
<session PageNumber="5" ReferencePage="35" SessionTitle="Pharmacological treatment"/>
<classification Grade="B" Level="1+"/>
<fullstring>
The use of methylphenidate should be considered when treating
attention deficit hyperactivity disorder in the presence of co-morbid
disruptive behavioural disorder (pg 35).
Grade B, Level 1 +
</fullstring>
</guideline>
<guideline Category="Medical" FileName="ADHD CPG_Booklet" Topic="Attention Deficit Hyperactivity Disorder" Year="2014" id="">
<session PageNumber="5" ReferencePage="35" SessionTitle="Pharmacological treatment"/>
<classification Grade="B" Level="1+"/>
<fullstring>
The use of an extended-release methylphenidate instead of immediate-
release methylphenidate should be considered if there is concern about
medication abuse. Medication use by these patients should be carefully
monitored (pg 35).
Grade B, Level 1 +
</fullstring>
</guideline>
<guideline Category="Medical" FileName="ADHD CPG_Booklet" Topic="Attention Deficit Hyperactivity Disorder" Year="2014" id="">
<session PageNumber="6" ReferencePage="36" SessionTitle="Pharmacological treatment"/>
<classification Grade="A" Level="1+"/>
<fullstring>
A 	 Methylphenidate may be considered for the treatment of attention
deficit hyperactivity disorder in individuals who have also been diagnosed
with autistic spectrum disorder. Care should be taken to watch for side
effects (pg 36).
Grade A, Level 1 +
</fullstring>
</guideline>
<guideline Category="Medical" FileName="ADHD CPG_Booklet" Topic="Attention Deficit Hyperactivity Disorder" Year="2014" id="">
<session PageNumber="6" ReferencePage="37" SessionTitle="Pharmacological treatment"/>
<classification Grade="A" Level="1+"/>
<fullstring>
	A 	 Atomoxetine may be used for the treatment of attention deficit
hyperactivity disorder symptoms when there is increased risk with
methylphenidate use [e.g. high risk of abuse or diversion] (pg 37).
Grade A, Level 1 +
</fullstring>
</guideline>
<guideline Category="Medical" FileName="ADHD CPG_Booklet" Topic="Attention Deficit Hyperactivity Disorder" Year="2014" id="">
<session PageNumber="6" ReferencePage="37" SessionTitle="Pharmacological treatment"/>
<classification Grade="A" Level="1++"/>
<fullstring>
	A 	 During treatment with atomoxetine, there should be periodic
monitoring of growth (height and weight) and mental state (suicidal
thinking). If there is concern about slowing of growth rate, the need for
continued medication use should be reviewed and jointly decided with
parents, and there may be a need to evaluate for other medical reasons
explaining this (pg 37).
Grade A, Level 1 ++
</fullstring>
</guideline>
<guideline Category="Medical" FileName="ADHD CPG_Booklet" Topic="Attention Deficit Hyperactivity Disorder" Year="2014" id="">
<session PageNumber="6" ReferencePage="38" SessionTitle="Pharmacological treatment"/>
<classification Grade="D" Level="4"/>
<fullstring>
	D 	 The height, weight and body-mass-index (BMI) of children
receiving treatment with atomoxetine should be monitored every 6 months
(pg 38).
Grade D, Level 4
</fullstring>
</guideline>
<guideline Category="Medical" FileName="ADHD CPG_Booklet" Topic="Attention Deficit Hyperactivity Disorder" Year="2014" id="">
<session PageNumber="6" ReferencePage="38" SessionTitle="Pharmacological treatment"/>
<classification Grade="B" Level="1+"/>
<fullstring>
Atomoxetine may be used as first line treatment when there is comorbid attention deficit hyperactivity disorder and tic disorder
(pg 38).
Grade B, Level 1 +
</fullstring>
</guideline>
<guideline Category="Medical" FileName="ADHD CPG_Booklet" Topic="Attention Deficit Hyperactivity Disorder" Year="2014" id="">
<session PageNumber="6" ReferencePage="40" SessionTitle="Pharmacological treatment"/>
<classification Grade="C" Level="2+"/>
<fullstring>
The combination of methylphenidate and atomoxetine should not be
used for the treatment of attention deficit hyperactivity disorder symptoms
(pg 40).
Grade C, Level 2 +
</fullstring>
</guideline>
<guideline Category="Medical" FileName="ADHD CPG_Booklet" Topic="Attention Deficit Hyperactivity Disorder" Year="2014" id="">
<session PageNumber="6" ReferencePage="41" SessionTitle="Pharmacological treatment"/>
<classification Grade="A" Level="1+"/>
<fullstring>
	A 	 To improve treatment adherence, treatment should be individualised
for each patient with attention deficit hyperactivity disorder, and the
parents’ and their child’s preferences should be considered (pg 41).
Grade A, Level 1 +
</fullstring>
</guideline>
<guideline Category="Medical" FileName="ADHD CPG_Booklet" Topic="Attention Deficit Hyperactivity Disorder" Year="2014" id="">
<session PageNumber="7" ReferencePage="41" SessionTitle="Pharmacological treatment"/>
<classification Grade="A" Level="1++"/>
<fullstring>
A 	 The use of methylphenidate or atomoxetine in pre-schoolers should
be considered only if psychosocial interventions have failed. Care should
be taken to regularly assess response and monitor for side effects, so as to
decide if medication should continue to be administered (pg 41).
Grade A, Level 1 ++
</fullstring>
</guideline>
<guideline Category="Medical" FileName="ADHD CPG_Booklet" Topic="Attention Deficit Hyperactivity Disorder" Year="2014" id="">
<session PageNumber="7" ReferencePage="42" SessionTitle="Cost-effectiveness issues"/>
<classification Grade="A" Level="1++"/>
<fullstring>

	A 	 Although medication is a cost-effective treatment for attention
deficit hyperactivity disorder (ADHD), treatment for ADHD should be
individualised and other factors (e.g. presence of co-morbidity) should be
considered before initiating medications (pg 42).
Grade A, Level 1 ++
</fullstring>
</guideline>
<guideline Category="Medical" FileName="ADHD CPG_Booklet" Topic="Attention Deficit Hyperactivity Disorder" Year="2014" id="">
<session PageNumber="12" ReferencePage="" SessionTitle="Assessment"/>
<classification Grade="B" Level="2++"/>
<fullstring>
A diagnosis of attention deficit hyperactivity disorder should be	
made through a thorough clinical assessment, which should include an
interview with the parent or significant caregiver of the child.
Grade B, Level 2 ++
</fullstring>
</guideline>
<guideline Category="Medical" FileName="ADHD CPG_Booklet" Topic="Attention Deficit Hyperactivity Disorder" Year="2014" id="">
<session PageNumber="12" ReferencePage="" SessionTitle="Assessment"/>
<classification Grade="B" Level="2++"/>
<fullstring>
	 B 	 When diagnosing attention deficit hyperactivity disorder, in addition
to information from interviews with parents or caregivers, information
from another adult who has interacted with the child in another setting
(e.g. school teachers) should also be obtained.
Grade B, Level 2 ++
</fullstring>
</guideline>
<guideline Category="Medical" FileName="ADHD CPG_Booklet" Topic="Attention Deficit Hyperactivity Disorder" Year="2014" id="">
<session PageNumber="12" ReferencePage="" SessionTitle="Assessment"/>
<classification Grade="B" Level="2++"/>
<fullstring>
	 B 	 Before diagnosing attention deficit hyperactivity disorder (ADHD),
a careful evaluation to exclude psychiatric or medical conditions which
can account for ADHD-like symptoms should be performed.
Grade B, Level 2 ++
</fullstring>
</guideline>
<guideline Category="Medical" FileName="ADHD CPG_Booklet" Topic="Attention Deficit Hyperactivity Disorder" Year="2014" id="">
<session PageNumber="13" ReferencePage="" SessionTitle="Diagnosis of ADHD in pre-schoolers"/>
<classification Grade="B" Level="2++"/>
<fullstring>
B 	 Attention deficit hyperactivity disorder is a diagnosis that should be
considered when a pre-schooler presents with disruptive behaviour.
Grade B, Level 2 ++
</fullstring>
</guideline>
<guideline Category="Medical" FileName="ADHD CPG_Booklet" Topic="Attention Deficit Hyperactivity Disorder" Year="2014" id="">
<session PageNumber="13" ReferencePage="" SessionTitle="Co-morbidities of ADHD"/>
<classification Grade="C" Level="2+"/>
<fullstring>
The clinician should assess a child diagnosed with attention deficit
hyperactivity disorder for co-morbid conditions.
Grade C, Level 2 +
</fullstring>
</guideline>
<guideline Category="Medical" FileName="ADHD CPG_Booklet" Topic="Attention Deficit Hyperactivity Disorder" Year="2014" id="">
<session PageNumber="13" ReferencePage="" SessionTitle="Co-morbidities of ADHD"/>
<classification Grade="C" Level="2+"/>
<fullstring>
C 	 If there is a suspected learning disorder, appropriate psycho-
educational or speech and language assessments should be sought from
the appropriate specialists.
Grade C, Level 2 +
</fullstring>
</guideline>
<guideline Category="Medical" FileName="ADHD CPG_Booklet" Topic="Attention Deficit Hyperactivity Disorder" Year="2014" id="">
<session PageNumber="14" ReferencePage="" SessionTitle="Co-morbidities of ADHD"/>
<classification Grade="A" Level="1+"/>
<fullstring>
A 	 There is no need for investigations such as thyroid function test, lead
level or brain imaging to be done when assessing a child for attention
deficit hyperactivity disorder, unless there is another medical indication.
Grade A, Level 1 +
</fullstring>
</guideline>
<guideline Category="Medical" FileName="ADHD CPG_Booklet" Topic="Attention Deficit Hyperactivity Disorder" Year="2014" id="">
<session PageNumber="15" ReferencePage="" SessionTitle="Co-morbidities of ADHD"/>
<classification Grade="A" Level="1+"/>
<fullstring>
A 	 Electroencephalogram is not recommended as a diagnostic tool for
attention deficit hyperactivity disorder in clinical practice.
Grade A, Level 1 +
</fullstring>
</guideline>
<guideline Category="Medical" FileName="ADHD CPG_Booklet" Topic="Attention Deficit Hyperactivity Disorder" Year="2014" id="">
<session PageNumber="17" ReferencePage="" SessionTitle="Care transition"/>
<classification Grade="D" Level="4"/>
<fullstring>
D 	 Clinicians who treat adolescents with attention deficit hyperactivity
disorder should plan for the transition to adult health services in advance,
discuss this with the patients and their families, and ensure that they can
continue to receive care.
Grade D, Level 4
</fullstring>
</guideline>
<guideline Category="Medical" FileName="ADHD CPG_Booklet" Topic="Attention Deficit Hyperactivity Disorder" Year="2014" id="">
<session PageNumber="18" ReferencePage="" SessionTitle="Education about ADHD"/>
<classification Grade="B" Level="1+"/>
<fullstring>
B 	 After diagnosis, doctors should provide appropriate education
about attention deficit hyperactivity disorder to children, families and
teachers.
Grade B, Level 1 +
</fullstring>
</guideline>
<guideline Category="Medical" FileName="ADHD CPG_Booklet" Topic="Attention Deficit Hyperactivity Disorder" Year="2014" id="">
<session PageNumber="19" ReferencePage="" SessionTitle="Education about ADHD"/>
<classification Grade="A" Level="1++"/>
<fullstring>
Doctors should consider educating parents of children with attention deficit hyperactivity disorder about behaviour management strategies, or
refer them to professionals who can do so (e.g. psychologists).
</fullstring>
</guideline>
<guideline Category="Medical" FileName="ADHD CPG_Booklet" Topic="Attention Deficit Hyperactivity Disorder" Year="2014" id="">
<session PageNumber="20" ReferencePage="" SessionTitle="Education about ADHD"/>
<classification Grade="B" Level="1+"/>
<fullstring>
Parent training should be offered for parents of pre-school children
with attention deficit hyperactivity disorder.
Grade B, Level 1 +
</fullstring>
</guideline>
<guideline Category="Medical" FileName="ADHD CPG_Booklet" Topic="Attention Deficit Hyperactivity Disorder" Year="2014" id="">
<session PageNumber="20" ReferencePage="" SessionTitle="Education about ADHD"/>
<classification Grade="B" Level="1+"/>
<fullstring>
B 	 Doctors should consider referring parents of children and
adolescents with attention deficit hyperactivity disorder for parent
training programmes offered within the community, particularly when
negative parenting practices are identified.
Grade B, Level 1 +
</fullstring>
</guideline>
<guideline Category="Medical" FileName="ADHD CPG_Booklet" Topic="Attention Deficit Hyperactivity Disorder" Year="2014" id="">
<session PageNumber="21" ReferencePage="" SessionTitle="Education about ADHD"/>
<classification Grade="D" Level="3"/>
<fullstring>
D 	 During the delivery of parent training, the professional should
consider the use of behaviour management strategies which are more
likely to be acceptable to the parents, based on an understanding of their
cultural background.
Grade D, Level 3
</fullstring>
</guideline>
<guideline Category="Medical" FileName="ADHD CPG_Booklet" Topic="Attention Deficit Hyperactivity Disorder" Year="2014" id="">
<session PageNumber="21" ReferencePage="" SessionTitle="Intensive training programme"/>
<classification Grade="GPP" Level="GPP"/>
<fullstring>
GPP 		 Family therapy may be considered for the family of a child
or adolescent with attention deficit hyperactivity disorder if severe
disruption in relationships within the family is evident.
GPP
</fullstring>
</guideline>
<guideline Category="Medical" FileName="ADHD CPG_Booklet" Topic="Attention Deficit Hyperactivity Disorder" Year="2014" id="">
<session PageNumber="21" ReferencePage="" SessionTitle="Parent training"/>
<classification Grade="C" Level="2+"/>
<fullstring>
Academic interventions should be considered for the child with
attention deficit hyperactivity disorder and should be made in consultation
with educational professionals who work closely with the child in the
learning or school context. (Guidelines for communications between the
physician and the child’s school are provided in Annex 5)
Grade C, Level 2 +
</fullstring>
</guideline>
<guideline Category="Medical" FileName="ADHD CPG_Booklet" Topic="Attention Deficit Hyperactivity Disorder" Year="2014" id="">
<session PageNumber="21" ReferencePage="" SessionTitle="Parent training"/>
<classification Grade="D" Level="3"/>
<fullstring>
D 	 During the delivery of parent training, the professional should
consider the use of behaviour management strategies which are more
likely to be acceptable to the parents, based on an understanding of their
cultural background.
Grade D, Level 3
</fullstring>
</guideline>
<guideline Category="Medical" FileName="ADHD CPG_Booklet" Topic="Attention Deficit Hyperactivity Disorder" Year="2014" id="">
<session PageNumber="21" ReferencePage="" SessionTitle="Parent training"/>
<classification Grade="GPP" Level="GPP"/>
<fullstring>
GPP 		 Family therapy may be considered for the family of a child
or adolescent with attention deficit hyperactivity disorder if severe
disruption in relationships within the family is evident.
GPP
</fullstring>
</guideline>
<guideline Category="Medical" FileName="ADHD CPG_Booklet" Topic="Attention Deficit Hyperactivity Disorder" Year="2014" id="">
<session PageNumber="22" ReferencePage="" SessionTitle="Academic interventions"/>
<classification Grade="C" Level="2+"/>
<fullstring>
C 	 Academic interventions should be considered for the child with
attention deficit hyperactivity disorder and should be made in consultation
with educational professionals who work closely with the child in the
learning or school context. (Guidelines for communications between the
physician and the child’s school are provided in Annex 5)
Grade C, Level 2 +
</fullstring>
</guideline>
<guideline Category="Medical" FileName="ADHD CPG_Booklet" Topic="Attention Deficit Hyperactivity Disorder" Year="2014" id="">
<session PageNumber="24" ReferencePage="" SessionTitle="Access arrangements"/>
<classification Grade="GPP" Level="GPP"/>
<fullstring>
GPP 		 Parents and caregivers should be encouraged to actively share
information about the child’s attention deficit hyperactivity disorder
condition with his school, and collaborate with professionals and teachers
in preparing the child for the educational setting.
</fullstring>
</guideline>
<guideline Category="Medical" FileName="ADHD CPG_Booklet" Topic="Attention Deficit Hyperactivity Disorder" Year="2014" id="">
<session PageNumber="25" ReferencePage="" SessionTitle="Parent training"/>
<classification Grade="B" Level="1+"/>
<fullstring>
B 	 Social skills training alone is not recommended for the management
of attention deficit hyperactivity disorder.
Grade B, Level 1 +
</fullstring>
</guideline>
<guideline Category="Medical" FileName="ADHD CPG_Booklet" Topic="Attention Deficit Hyperactivity Disorder" Year="2014" id="">
<session PageNumber="25" ReferencePage="" SessionTitle="Psychological intervention"/>
<classification Grade="B" Level="1+"/>
<fullstring>
B 	 Cognitive-behavioural therapy alone is not recommended for the
management of attention deficit hyperactivity disorder.
Grade B, Level 1 +
</fullstring>
</guideline>
<guideline Category="Medical" FileName="ADHD CPG_Booklet" Topic="Attention Deficit Hyperactivity Disorder" Year="2014" id="">
<session PageNumber="26" ReferencePage="" SessionTitle="Sugars"/>
<classification Grade="B" Level="1+"/>
<fullstring>
There is no clear evidence for food additives and sugars to be related
to attention deficit hyperactivity disorder. Parents and children should be
advised to control food items containing additives or high sugar content
that have been observed to consistently provoke physical or behavioural
reactions.
</fullstring>
</guideline>
<guideline Category="Medical" FileName="ADHD CPG_Booklet" Topic="Attention Deficit Hyperactivity Disorder" Year="2014" id="">
<session PageNumber="27" ReferencePage="" SessionTitle="Restricted elimination diet"/>
<classification Grade="C" Level="2++"/>
<fullstring>
C 	 A restrictive elimination diet is not recommended for the management
of attention deficit hyperactivity disorder.
Grade C, Level 2 ++
</fullstring>
</guideline>
<guideline Category="Medical" FileName="ADHD CPG_Booklet" Topic="Attention Deficit Hyperactivity Disorder" Year="2014" id="">
<session PageNumber="27" ReferencePage="" SessionTitle="Omega-3 supplementation"/>
<classification Grade="B" Level="1+"/>
<fullstring>
B 	 Omega-3 supplementation may be used as an adjunctive treatment
for attention deficit hyperactivity disorder.
Grade B, Level 1 +
</fullstring>
</guideline>
<guideline Category="Medical" FileName="ADHD CPG_Booklet" Topic="Attention Deficit Hyperactivity Disorder" Year="2014" id="">
<session PageNumber="29" ReferencePage="" SessionTitle="Neurofeedback"/>
<classification Grade="B" Level="1+"/>
<fullstring>
B 	 Neurofeedback should not be used alone for the treatment of
attention deficit hyperactivity disorder.
Grade B, Level 1 +
</fullstring>
</guideline>
<guideline Category="Medical" FileName="ADHD CPG_Booklet" Topic="Attention Deficit Hyperactivity Disorder" Year="2014" id="">
<session PageNumber="29" ReferencePage="" SessionTitle="Cognitive remediation"/>
<classification Grade="A" Level="1+"/>
<fullstring>
Cognitive remediation alone is not recommended for the treatment
of attention deficit hyperactivity disorder with significant impairment.
Grade A, Level 1 +
</fullstring>
</guideline>
<guideline Category="Medical" FileName="ADHD CPG_Booklet" Topic="Attention Deficit Hyperactivity Disorder" Year="2014" id="">
<session PageNumber="30" ReferencePage="" SessionTitle="Cognitive remediation"/>
<classification Grade="D" Level="3"/>
<fullstring>
A referral to an Occupational Therapist may be considered for
children with sensory processing or motor skill deficits in addition to
attention deficit hyperactivity disorder.
Grade D, Level 3
</fullstring>
</guideline>
<guideline Category="Medical" FileName="ADHD CPG_Booklet" Topic="Attention Deficit Hyperactivity Disorder" Year="2014" id="">
<session PageNumber="32" ReferencePage="" SessionTitle="Methylphenidate"/>
<classification Grade="A" Level="1+"/>
<fullstring>
	A 	 When medication is considered for the treatment of attention deficit
hyperactivity disorder, methylphenidate should be considered first.
Grade A, Level 1 +
</fullstring>
</guideline>
<guideline Category="Medical" FileName="ADHD CPG_Booklet" Topic="Attention Deficit Hyperactivity Disorder" Year="2014" id="">
<session PageNumber="32" ReferencePage="" SessionTitle="Methylphenidate"/>
<classification Grade="B" Level="1+"/>
<fullstring>
	B 	 Methylphenidate may be used for long term treatment of attention
deficit hyperactivity disorder symptoms, although the benefits of
treatment should be reviewed regularly.
Grade B, Level 1 +
</fullstring>
</guideline>
<guideline Category="Medical" FileName="ADHD CPG_Booklet" Topic="Attention Deficit Hyperactivity Disorder" Year="2014" id="">
<session PageNumber="33" ReferencePage="" SessionTitle="Safety and tolerability"/>
<classification Grade="B" Level="1+"/>
<fullstring>
Drug holidays during treatment with methylphenidate may be
considered in order to limit adverse effects. Attention deficit hyperactivity
disorder symptoms and impairment during the non-medication days
should be monitored.
Grade B, Level 1 +
</fullstring>
</guideline>
<guideline Category="Medical" FileName="ADHD CPG_Booklet" Topic="Attention Deficit Hyperactivity Disorder" Year="2014" id="">
<session PageNumber="33" ReferencePage="" SessionTitle="Growth suppression"/>
<classification Grade="A" Level="1++"/>
<fullstring>
A 	 The height, weight and body-mass-index (BMI) of children receiving
treatment with methylphenidate should be regularly monitored.
Grade A, Level 1 ++
</fullstring>
</guideline>
<guideline Category="Medical" FileName="ADHD CPG_Booklet" Topic="Attention Deficit Hyperactivity Disorder" Year="2014" id="">
<session PageNumber="33" ReferencePage="" SessionTitle="Growth suppression"/>
<classification Grade="D" Level="4"/>
<fullstring>
	D 	 The height, weight and body-mass-index (BMI) of children receiving
treatment with methylphenidate should be monitored every 6 months. If
there is concern about slowing of growth rate, the need for continued
medication use should be reviewed and jointly decided with parents, and
there may be a need to evaluate for other medical reasons explaining
this.
Grade D, Level 4
</fullstring>
</guideline>
<guideline Category="Medical" FileName="ADHD CPG_Booklet" Topic="Attention Deficit Hyperactivity Disorder" Year="2014" id="">
<session PageNumber="34" ReferencePage="" SessionTitle="Growth suppression"/>
<classification Grade="B" Level="1+"/>
<fullstring>
	B 	 During treatment with methylphenidate, start at a low dose and
slowly titrate upwards according to the child’s response, or adjust the
timing of medication, to minimise short-term adverse effects.
Grade B, Level 1 +
</fullstring>
</guideline>
<guideline Category="Medical" FileName="ADHD CPG_Booklet" Topic="Attention Deficit Hyperactivity Disorder" Year="2014" id="">
<session PageNumber="34" ReferencePage="" SessionTitle="Cardiovascular effects"/>
<classification Grade="C" Level="2+"/>
<fullstring>
A careful personal and family history of cardiovascular disease
should be taken before starting medication treatment for attention deficit
hyperactivity disorder. Children with pre-existing cardiac problems
should be referred to a cardiologist for evaluation before treatment with
methylphenidate or atomoxetine is initiated.
Grade C, Level 2 +
</fullstring>
</guideline>
<guideline Category="Medical" FileName="ADHD CPG_Booklet" Topic="Attention Deficit Hyperactivity Disorder" Year="2014" id="">
<session PageNumber="35" ReferencePage="" SessionTitle="Substance use disorder"/>
<classification Grade="A" Level="1+"/>
<fullstring>
A 	 Methylphenidate may be used to treat attention deficit hyperactivity
disorder in children with comorbid tic disorder but treatment should be
stopped if the tics worsen following treatment.
Grade A, Level 1 +
</fullstring>
</guideline>
<guideline Category="Medical" FileName="ADHD CPG_Booklet" Topic="Attention Deficit Hyperactivity Disorder" Year="2014" id="">
<session PageNumber="36" ReferencePage="" SessionTitle="Autistic spectrum disorder"/>
<classification Grade="A" Level="1+"/>
<fullstring>
Methylphenidate may be considered for the treatment of attention
deficit hyperactivity disorder in individuals who have also been diagnosed
with autistic spectrum disorder. Care should be taken to watch for side
effects.
Grade A, Level 1 +
</fullstring>
</guideline>
<guideline Category="Medical" FileName="ADHD CPG_Booklet" Topic="Attention Deficit Hyperactivity Disorder" Year="2014" id="">
<session PageNumber="37" ReferencePage="" SessionTitle="Atomoxetine"/>
<classification Grade="A" Level="1+"/>
<fullstring>
A 	 Atomoxetine may be used for the treatment of attention deficit
hyperactivity disorder symptoms when there is increased risk with
methylphenidate use (e.g. high risk of abuse or diversion).
Grade A, Level 1 +
</fullstring>
</guideline>
<guideline Category="Medical" FileName="ADHD CPG_Booklet" Topic="Attention Deficit Hyperactivity Disorder" Year="2014" id="">
<session PageNumber="37" ReferencePage="" SessionTitle="Atomoxetine"/>
<classification Grade="A" Level="1++"/>
<fullstring>
A 	 During treatment with atomoxetine, there should be periodic
monitoring of growth (height and weight) and mental state (suicidal
thinking). If there is concern about slowing of growth rate, the need for
continued medication use should be reviewed and jointly decided with
parents, and there may be a need to evaluate for other medical reasons
explaining this.
Grade A, Level 1 ++
</fullstring>
</guideline>
<guideline Category="Medical" FileName="ADHD CPG_Booklet" Topic="Attention Deficit Hyperactivity Disorder" Year="2014" id="">
<session PageNumber="38" ReferencePage="" SessionTitle="Atomoxetine"/>
<classification Grade="D" Level="4"/>
<fullstring>
D 	 The height, weight and body-mass-index (BMI) of children receiving
treatment with atomoxetine should be monitored every 6 months.
Grade D, Level 4
</fullstring>
</guideline>
<guideline Category="Medical" FileName="ADHD CPG_Booklet" Topic="Attention Deficit Hyperactivity Disorder" Year="2014" id="">
<session PageNumber="37" ReferencePage="" SessionTitle="Substance use disorder"/>
<classification Grade="B" Level="1+"/>
<fullstring>
Atomoxetine may be used as first line treatment when there is
comorbid attention deficit hyperactivity disorder and tic disorder.
Grade B, Level 1 +
</fullstring>
</guideline>
<guideline Category="Medical" FileName="ADHD CPG_Booklet" Topic="Attention Deficit Hyperactivity Disorder" Year="2014" id="">
<session PageNumber="37" ReferencePage="" SessionTitle="Medication combination for treating ADHD symptoms"/>
<classification Grade="C" Level="2+"/>
<fullstring>
The combination of methylphenidate and atomoxetine should not
be used for the treatment of attention deficit hyperactivity disorder
symptoms.
Grade C, Level 2 +
</fullstring>
</guideline>
<guideline Category="Medical" FileName="ADHD CPG_Booklet" Topic="Attention Deficit Hyperactivity Disorder" Year="2014" id="">
<session PageNumber="41" ReferencePage="" SessionTitle="Use of medication in pre-schoolers"/>
<classification Grade="A" Level="1++"/>
<fullstring>
A 	 The use of methylphenidate or atomoxetine in pre-schoolers should
be considered only if psychosocial interventions have failed. Care should
be taken to regularly assess response and monitor for side effects, so as to
decide if medication should continue to be administered.
Grade A, Level 1 ++
</fullstring>
</guideline>
<guideline Category="Medical" FileName="ADHD CPG_Booklet" Topic="Attention Deficit Hyperactivity Disorder" Year="2014" id="">
<session PageNumber="42" ReferencePage="" SessionTitle="Cost-effectiveness issues"/>
<classification Grade="A" Level="1++"/>
<fullstring>
 A 	 Although medication is a cost-effective treatment for attention
deficit hyperactivity disorder (ADHD), treatment for ADHD should be
individualised and other factors (e.g. presence of co-morbidity) should
be considered before initiating medications.
Grade A, Level 1 ++
</fullstring>
</guideline>
</cpgs>
