<?xml version="1.0" encoding="UTF-8" standalone="no"?>
<cpgs>
<guideline Category="Medical" FileName="cpg-Chronic Hep B Infection - Mar 2011" Topic="Chronic Hepatitis B Infection" Year="2011" id="">
<session PageNumber="1" ReferencePage="13" SessionTitle="Epidemiology and natural history"/>
<classification Grade="C" Level="2+"/>
<fullstring>
Patients with chronic hepatitis B virus infection and who are HBeAg
negative should be checked for presence of hepatitis B virus DNA if
their serum alanine aminotransferase is repeatedly or persistently above
normal limits (pg 13).Grade C, Level 2+
</fullstring>
</guideline>
<guideline Category="Medical" FileName="cpg-Chronic Hep B Infection - Mar 2011" Topic="Chronic Hepatitis B Infection" Year="2011" id="">
<session PageNumber="1" ReferencePage="14" SessionTitle="Epidemiology and natural history"/>
<classification Grade="B" Level="2++"/>
<fullstring>
B Patients with chronic hepatitis B virus infection who are above 40
years of age should be followed up closely if they are still HBeAg
positive or have chronic HBe-negative-hepatitis B. These patients should
be actively evaluated for cirrhosis and be more readily considered for
treatment of hepatitis B virus infection. Regular and frequent surveillance
of hepatocellular carcinoma should be carried out in these patients (pg
14).Grade B, Level 2++
</fullstring>
</guideline>
<guideline Category="Medical" FileName="cpg-Chronic Hep B Infection - Mar 2011" Topic="Chronic Hepatitis B Infection" Year="2011" id="">
<session PageNumber="1" ReferencePage="17" SessionTitle="Screening and vaccination of those at risk"/>
<classification Grade="C" Level="2+"/>
<fullstring>
Hepatitis B vaccine should be given to protect children at birth or as soon as possible thereafter in regions where the prevalence of hepatitis
B virus infection is high. Babies born to HBsAg-positive mothers are at high risk of developing chronic infection (pg 17).
</fullstring>
</guideline>
<guideline Category="Medical" FileName="cpg-Chronic Hep B Infection - Mar 2011" Topic="Chronic Hepatitis B Infection" Year="2011" id="">
<session PageNumber="1" ReferencePage="17" SessionTitle="Screening and vaccination of those at risk"/>
<classification Grade="D" Level="4"/>
<fullstring>
D Other high risk groups, including persons who come into contact with
blood or blood products (e.g. laboratory staff, surgeons and dentists,
hospital personnel, drug abusers) and individuals requiring repeated
transfusions of blood or blood products, should also be vaccinated for
hepatitis B (pg 17).
</fullstring>
</guideline>
<guideline Category="Medical" FileName="cpg-Chronic Hep B Infection - Mar 2011" Topic="Chronic Hepatitis B Infection" Year="2011" id="">
<session PageNumber="1" ReferencePage="17" SessionTitle="Screening and vaccination of those at risk"/>
<classification Grade="D" Level="4"/>
<fullstring>
The following individuals should be vaccinated for Hepatitis B:Sexually active individuals, especially those with multiple partners,	
Close family and sexual contacts of subjects with chronic hepatitis
B virus infection, Individuals infected with human immunodeficiency virus (HIV), Travellers to hepatitis B endemic areas.(pg 17).
</fullstring>
</guideline>
<guideline Category="Medical" FileName="cpg-Chronic Hep B Infection - Mar 2011" Topic="Chronic Hepatitis B Infection" Year="2011" id="">
<session PageNumber="2" ReferencePage="18" SessionTitle="Screening prior to Hepatitis B vaccination"/>
<classification Grade="D" Level="4"/>
<fullstring>
The following groups of people should be screened prior to hepatitis B vaccination: Persons born in intermediate and high endemic areas (see Fig. 1)
Young adults, Health care workers, Pregnant women, Contacts of subjects with chronic hepatitis B virus infection (family, household and sexual contacts).Persons with multiple sexual partners/ history of sexually transmitted diseases.Individuals with chronically elevated alanine aminotransferase (ALT) or aspartate aminotransferase (AST). Individuals infected with hepatitic C virus or human immunodeficiency virus (HIV).	 Men who have sex with men. Subjects with high risk behaviours (IV drug users, sex workers). Immunocompromised subjects (dialysis patients, HIV-infected patients). Immigrants. Prisoners.(pg 18)	
Grade D, Level 4
</fullstring>
</guideline>
<guideline Category="Medical" FileName="cpg-Chronic Hep B Infection - Mar 2011" Topic="Chronic Hepatitis B Infection" Year="2011" id="">
<session PageNumber="2" ReferencePage="18" SessionTitle="Screening prior to Hepatitis B vaccination"/>
<classification Grade="D" Level="4"/>
<fullstring>
D The following blood tests should be done as part of serologic screening
before hepatitis B vaccination:HBsAg,Anti-HBs, Anti-HBc, (pg 20).
Grade D, Level 4
</fullstring>
</guideline>
<guideline Category="Medical" FileName="cpg-Chronic Hep B Infection - Mar 2011" Topic="Chronic Hepatitis B Infection" Year="2011" id="">
<session PageNumber="2" ReferencePage="20" SessionTitle="Screening prior to Hepatitis B vaccination"/>
<classification Grade="D" Level="4"/>
<fullstring>
D Serological screening for hepatitis B surface antigen and antibody should be done within 6 months pre-vaccination for all except newborn babies (pg 20).
Grade D, Level 4
</fullstring>
</guideline>
<guideline Category="Medical" FileName="cpg-Chronic Hep B Infection - Mar 2011" Topic="Chronic Hepatitis B Infection" Year="2011" id="">
<session PageNumber="3" ReferencePage="21" SessionTitle="Screening and vaccination of those at risk"/>
<classification Grade="B" Level="2+"/>
<fullstring>
Based on the results of an individual’s serological screening for HBs antigen and antibody, clinicians should then act according to the table below:
HBsAg:non-active,less than 10 IU/L,i) If an individual did not have i) Administer hepatitis B
hepatitis B vaccination before, vaccination- Not immune to hepatitis B virus.ii) If an individual had
Anti-HBs either :
a) the antibody level has waned to less than 10 IU/L, but the individual is still immune to the hepatitis B virus. ii) Offer a booster dose of
hepatitis B vaccination and check anti-HBs within 3 months
OR OR
b) the individual did not develop immunity against hepatitis B virus after the primary course of hepatitis B
vaccination. Give them another course (3 injections) of hepatitis B vaccination and recheck anti- HBs within 3 months NB * (to discuss options with
patient) HBsAg,Non reactive and Anti-HBs > 10 IU/L Immune to hepatitis B. Immunisation is not required. if HBsAg Reactive and Anti-HBs less than 10 IU/L Presence of hepatitis B virus infection. Then Clinically assess the patient for liver disease. To repeat the HBsAg test 6 months later. If HBsAg positive 2 times, 6 months apart, chronic hepatitis B infection confirmed. *Under rare circumstances, the emergence of hepatitis B surface mutant (‘s’ mutant) virus can be associated with the absence of HBsAg and a negative or low titre of anti-HBs antibody.(pg 21).
</fullstring>
</guideline>
<guideline Category="Medical" FileName="cpg-Chronic Hep B Infection - Mar 2011" Topic="Chronic Hepatitis B Infection" Year="2011" id="">
<session PageNumber="4" ReferencePage="22" SessionTitle="Screening and vaccination of those at risk"/>
<classification Grade="D" Level="4"/>
<fullstring>
D Babies born to HBsAg-positive mothers should be tested for seroconversion following the hepatitis B vaccination, preferably 3 months after completion of course (pg 22).
Grade D, Level 4.
</fullstring>
</guideline>
<guideline Category="Medical" FileName="cpg-Chronic Hep B Infection - Mar 2011" Topic="Chronic Hepatitis B Infection" Year="2011" id="">
<session PageNumber="4" ReferencePage="22" SessionTitle="Screening and vaccination of those at risk"/>
<classification Grade="C" Level="2+"/>
<fullstring>
C For children not born to HBsAg-positive mothers, as well as adults, three doses of hepatitis B vaccine should be given at months 0, 1 and 6. After the primary 3-dose vaccine series, check anti-HBs within 3 months after the booster dose at month 6 (pg 22).Grade C, Level 2+
</fullstring>
</guideline>
<guideline Category="Medical" FileName="cpg-Chronic Hep B Infection - Mar 2011" Topic="Chronic Hepatitis B Infection" Year="2011" id="">
<session PageNumber="4" ReferencePage="23" SessionTitle="Screening and vaccination of those at risk"/>
<classification Grade="C" Level="2+"/>
<fullstring>
If anti-HBs ≥ 10 IU/L, the individual has developed immunity against hepatitis B virus. C For individuals previously vaccinated for hepatitis B and with anti-
HBs levels less than 10 IU/L, consider repeat booster of hepatitis B vaccination or give a second course of hepatitis B vaccination before rechecking the
anti-HBs antibody titre (pg 23).Grade C, Level 2+
</fullstring>
</guideline>
<guideline Category="Medical" FileName="cpg-Chronic Hep B Infection - Mar 2011" Topic="Chronic Hepatitis B Infection" Year="2011" id="">
<session PageNumber="4" ReferencePage="23" SessionTitle="C For immuno-competent people"/>
<classification Grade="C" Level="2+"/>
<fullstring>
C For immuno-competent people: with low risk of acquiring hepatitis B and who have completed their hepatitis B vaccination and who had previously demonstrated immunity to hepatitis B virus after their vaccination, there is no need to check for immunity again or receive booster injections if their anti-HBs is less than 10 IU/L later on.
(pg 23) Grade C, Level 2+ 
</fullstring>
</guideline>
<guideline Category="Medical" FileName="cpg-Chronic Hep B Infection - Mar 2011" Topic="Chronic Hepatitis B Infection" Year="2011" id="">
<session PageNumber="5" ReferencePage="24" SessionTitle="C For immuno-competent people"/>
<classification Grade="D" Level="3"/>
<fullstring>
D Anti-HBc total should be checked if an otherwise Immunocompetent
individual fails to seroconvert after 2 courses of hepatitis B
vaccinations.
1) 	HBsAg negative, anti-HBs less than 10 IU/L, anti-HBc positive
These individuals may have hepatitis B virus infection with
low viral load and an undetectable level of HBsAg. Those who
are tested positive for anti‐HBc alone may be in the ‘window’
phase of acute hepatitis B infection or they may have chronic
hepatitis B virus infection with low level viraemia. Refer them to
gastronterologists/hepatologists for further workup.
2) 	HBsAg negative, anti-HBs less than 10 IU/L, anti-HBc negative
Consider repeat vaccination with pre-S vaccine or other 3 rd
generation vaccine, if available, especially if the individuals
belong to the high-risk group. They should be advised against
high risk behaviour, which may expose them to hepatitis B virus
infections.
(pg 24)	
Grade D, Level 3
</fullstring>
</guideline>
<guideline Category="Medical" FileName="cpg-Chronic Hep B Infection - Mar 2011" Topic="Chronic Hepatitis B Infection" Year="2011" id="">
<session PageNumber="5" ReferencePage="26" SessionTitle="C For immuno-competent people"/>
<classification Grade="GPP" Level="GPP"/>
<fullstring>	
GPP Patients whose HBsAg is positive for the first time should be
evaluated as they may be patients with undiagnosed chronic hepatitis
B virus infection even if the clinical criteria may not have been met yet.
The appropriate follow-up actions should then be taken:
1) 	History taking
Ask for symptoms of liver disease, family history of chronic
hepatitis B virus infection, any recent travel or high risk activity.
2)	Physical Examination
Examine the patients. Look for signs of liver disease e.g. stigmata
of chronic liver disease, ascites, jaundice, etc.
3)	Investigation
Check blood for liver function test and alpha-fetoprotein level.
If either the physical examination or the blood test results are abnormal,
refer to the gastroenterologist. Consider admitting the patient to the
hospital through A and E or direct access, if acute hepatitis B infection is
suspected (pg 26).
GPP
</fullstring>
</guideline>
<guideline Category="Medical" FileName="cpg-Chronic Hep B Infection - Mar 2011" Topic="Chronic Hepatitis B Infection" Year="2011" id="">
<session PageNumber="6" ReferencePage="29" SessionTitle="Management of Chronic Hepatitis B Virus Infection"/>
<classification Grade="D" Level="4"/>
<fullstring>
D The following advice should be given to patients with chronic hepatitis
B virus infection:
• Ensure that their sexual partners are vaccinated
• No sharing of toothbrushes and razors
• Cover open wounds
• No donation of body parts
• Clean blood spills with bleach/detergents
Note: Hepatitis B virus transmission is not transmissible through: Sharing of utensils, food or kissing as part of social greetings
Participating in all activities including contact sports Social interaction with others (e.g. in schools, day care centres).(pg 29).
Grade D, Level 4
</fullstring>
</guideline>
<guideline Category="Medical" FileName="cpg-Chronic Hep B Infection - Mar 2011" Topic="Chronic Hepatitis B Infection" Year="2011" id="">
<session PageNumber="6" ReferencePage="30" SessionTitle="Management of Chronic Hepatitis B Virus Infection"/>
<classification Grade="D" Level="4"/>
<fullstring>
D Management of patients with chronic hepatitis B should be tailored
according to the patients’ clinical state of liver disease (compensated versus
decompensated liver disease) as well as their virologic and biochemical
(i.e. the liver function test, in particular the serum transaminase levels)
status.
1)	For patients with HBsAg positive > 6 months and well–
compensated liver disease, in association with:
(A)	HBeAg–positive Hepatitis B virus infection and:
i)	Alanine aminotransferase (ALT) less than Upper limit of
normal (ULN): no pharmacotherapy needed. Monitor
ALT at least 6 monthly and HBeAg at least 12
monthly.
ii)	ALT 1-2 X ULN: monitor ALT 3 to 6 monthly and
HBeAg 6 monthly. Refer to specialist if persistent
evidence of early deterioration of liver function or age
> 40. Consider liver biopsy and treatment if biopsy
shows significant liver damage.
iii)	ALT > 2X ULN: repeat ALT and HBeAg within
1 to 3 months. Refer to specialist if persistent.
Treat immediately upon evidence of hepatic
decompensation.
6(B)	HBeAg–negative Hepatitis B virus infection and:
i)	ALT less than ULN: Monitor ALT 3 months later. If still
normal, monitor ALT every 6 to 12 monthly.
ii)	 ALT 1-2X ULN: Monitor ALT 3 to 6 monthly. Refer to
specialist if persistent, evidence of early deterioration
of liver function or age > 40. If HBV DNA is > 2000
IU/ml, consider liver biopsy and treat if biopsy shows
significant liver damage.
iii)	ALT > 2X ULN: repeat ALT within 1 to 3 months.
Refer to specialist if persistent. If HBV DNA > 2000
IU/ml, consider treatment if persistent.2)	
For patients with decompensated hepatitis B virus–related
cirrhosis:Refer to gastroenterologist or hepatologist for management.
(pg 30)	Grade D, Level 4
</fullstring>
</guideline>
<guideline Category="Medical" FileName="cpg-Chronic Hep B Infection - Mar 2011" Topic="Chronic Hepatitis B Infection" Year="2011" id="">
<session PageNumber="7" ReferencePage="33" SessionTitle="Management of Chronic Hepatitis B Virus Infection"/>
<classification Grade="D" Level="4"/>
<fullstring>
GPP Surveillance of patients with chronic hepatitis B should be carried
out regularly. The required frequency of surveillance for an individual
will depend on his/her risk profile, which should be determined before
the start of the surveillance programme (see below):
(A)	Baseline assessment to stratify risk- 	- 	
(B)	check serum ALT, AST, bilirubin, albumin, prothrombin
time, alpha-fetoprotein, HBsAg, HBeAg, anti-HBe and
hepatitis B virus DNA liver imaging Periodic reassessment is necessary
Frequency of surveillance is dependent on patients’ risk profile:
i)	Low-risk group: 6 monthly serum ALT and bilirubin assessment - if
abnormal, hepatitis B virus DNA should be checked.
ii)	Medium-risk group: 4-6 monthly serum ALT and bilirubin assessment - if
abnormal, hepatitis B virus DNA should be checked.7iii)
High-risk group 2-4 monthly serum ALT, bilirubin assessment, hepatitis
B virus DNA assessment, appropriate to each set of
circumstances. If abnormal the specialist will have to
decide on further appropriate management
(pg 33).GPP
</fullstring>
</guideline>
<guideline Category="Medical" FileName="cpg-Chronic Hep B Infection - Mar 2011" Topic="Chronic Hepatitis B Infection" Year="2011" id="">
<session PageNumber="8" ReferencePage="33" SessionTitle="Management of Chronic Hepatitis B Virus Infection"/>
<classification Grade="GPP" Level="4"/>
<fullstring>
Most patients in medium risk group and all patients in high risk group should be referred for management by a specialist (pg 33).
</fullstring>
</guideline>
<guideline Category="Medical" FileName="cpg-Chronic Hep B Infection - Mar 2011" Topic="Chronic Hepatitis B Infection" Year="2011" id="">
<session PageNumber="8" ReferencePage="34" SessionTitle="Management of Chronic Hepatitis B Virus Infection"/>
<classification Grade="B" Level="2++"/>
<fullstring>
For patients who have average risk of developing hepatocellular carcinoma (HCC), six-monthly blood tests for alpha-fetoprotein level
and annual ultrasonographic examination of the liver is recommended. For patients with increased risk of HCC, such as patients with cirrhosis, frequency of blood tests and ultrasonographic examination can be
increased (pg 34).
</fullstring>
</guideline>
<guideline Category="Medical" FileName="cpg-Chronic Hep B Infection - Mar 2011" Topic="Chronic Hepatitis B Infection" Year="2011" id="">
<session PageNumber="8" ReferencePage="35" SessionTitle="Management of Chronic Hepatitis B Virus Infection"/>
<classification Grade="GPP" Level="GPP"/>
<fullstring>
GPP Patients who have undergone treatment for hepatitis B within the last 6 months and developed serum ALT > ULN or patients who display
evidence of hepatic decompensation should be referred to a specialist for further management immediately (pg 35).
GPP
</fullstring>
</guideline>
<guideline Category="Medical" FileName="cpg-Chronic Hep B Infection - Mar 2011" Topic="Chronic Hepatitis B Infection" Year="2011" id="">
<session PageNumber="8" ReferencePage="35" SessionTitle="Management of Chronic Hepatitis B Virus Infection"/>
<classification Grade="GPP" Level="GPP"/>
<fullstring>
B Patients can be considered for alternative class of therapeutic agents after they fail to respond to one class of drug.
Patients should be actively screened for contraindications for use of interferon-alpha before they are considered for treatment with
interferon-alpha as an alternative therapeutic agent.Treatment with nucleoside/tide analogue indefinitely may be
considered in patients who have persistently elevated serum ALT and evidence of active cirrhosis histologically when he/she has failed to
respond to treatment with interferon-alpha previously.
</fullstring>
</guideline>
<guideline Category="Medical" FileName="cpg-Chronic Hep B Infection - Mar 2011" Topic="Chronic Hepatitis B Infection" Year="2011" id="">
<session PageNumber="9" ReferencePage="36" SessionTitle="Management of Chronic Hepatitis B Virus Infection"/>
<classification Grade="GPP" Level="GPP"/>
<fullstring>
These patients, however, should only be managed by specialists (pg 35). GPP Patients with HIV or hepatitis C virus co-infection should be
referred for management by specialists (pg 36).GPP
</fullstring>
</guideline>
<guideline Category="Medical" FileName="cpg-Chronic Hep B Infection - Mar 2011" Topic="Chronic Hepatitis B Infection" Year="2011" id="">
<session PageNumber="9" ReferencePage="36" SessionTitle="Management of Chronic Hepatitis B Virus Infection"/>
<classification Grade="GPP" Level="GPP"/>
<fullstring>
Patients with chronic hepatitis B virus infection post-organ transplantation should be managed by specialists, even if the liver
function test appears normal (pg 36).
</fullstring>
</guideline>
<guideline Category="Medical" FileName="cpg-Chronic Hep B Infection - Mar 2011" Topic="Chronic Hepatitis B Infection" Year="2011" id="">
<session PageNumber="9" ReferencePage="36" SessionTitle="Management of Chronic Hepatitis B Virus Infection"/>
<classification Grade="C" Level="2+"/>
<fullstring>
Pregnant women with replicative hepatitis B virus infection should be monitored closely after the mid-trimester and immediately postpartum
for acute exacerbation of chronic hepatitis B (pg 36).
</fullstring>
</guideline>
<guideline Category="Medical" FileName="cpg-Chronic Hep B Infection - Mar 2011" Topic="Chronic Hepatitis B Infection" Year="2011" id="">
<session PageNumber="13" ReferencePage="" SessionTitle="Management of Chronic Hepatitis B Virus Infection"/>
<classification Grade="C" Level="2+"/>
<fullstring>	
Patients with chronic hepatitis B virus infection and who are HBeAg negative should be checked for presence of hepatitis B virus DNA if
their serum alanine aminotransferase is repeatedly or persistently above normal limits.
</fullstring>
</guideline>
<guideline Category="Medical" FileName="cpg-Chronic Hep B Infection - Mar 2011" Topic="Chronic Hepatitis B Infection" Year="2011" id="">
<session PageNumber="14" ReferencePage="" SessionTitle="HBeAg–negative Hepatitis B virus infection"/>
<classification Grade="B" Level="2++"/>
<fullstring>	
B Patients with chronic hepatitis B virus infection who are above 40
years of age should be followed up closely if they are still HBeAg
positive or have chronic HBe-negative-hepatitis B. These patients should
be actively evaluated for cirrhosis and be more readily considered for
treatment of hepatitis B virus infection. Regular and frequent surveillance
of hepatocellular carcinoma should be carried out in these patients.
Grade B, Level 2++
</fullstring>
</guideline>
<guideline Category="Medical" FileName="cpg-Chronic Hep B Infection - Mar 2011" Topic="Chronic Hepatitis B Infection" Year="2011" id="">
<session PageNumber="17" ReferencePage="" SessionTitle="Indications for Hepatitis B vaccination"/>
<classification Grade="B" Level="2++"/>
<fullstring>
C Hepatitis B vaccine should be given to protect children at birth or as
soon as possible thereafter in regions where the prevalence of hepatitis
B virus infection is high. Babies born to HBsAg-positive mothers are at
high risk of developing chronic infection.Grade C, Level 2+
</fullstring>
</guideline>
<guideline Category="Medical" FileName="cpg-Chronic Hep B Infection - Mar 2011" Topic="Chronic Hepatitis B Infection" Year="2011" id="">
<session PageNumber="17" ReferencePage="" SessionTitle="Indications for Hepatitis B vaccination"/>
<classification Grade="D" Level="4"/>
<fullstring>
D Other high risk groups, including persons who come into contact with
blood or blood products (e.g. laboratory staff, surgeons and dentists,
hospital personnel, drug abusers) and individuals requiring repeated
transfusions of blood or blood products, should also be vaccinated for
hepatitis B.
Grade D, Level 4
</fullstring>
</guideline>
<guideline Category="Medical" FileName="cpg-Chronic Hep B Infection - Mar 2011" Topic="Chronic Hepatitis B Infection" Year="2011" id="">
<session PageNumber="17" ReferencePage="" SessionTitle="Indications for Hepatitis B vaccination"/>
<classification Grade="D" Level="4"/>
<fullstring>
D The following individuals should be vaccinated for hepatitis B:
Sexually active individuals, especially those with multiple partners
Close family and sexual contacts of subjects with chronic hepatitis
B virus infection. Individuals infected with human immunodeficiency virus (HIV)
Travellers to hepatitis B endemic areas.
Grade D, Level 4
</fullstring>
</guideline>
<guideline Category="Medical" FileName="cpg-Chronic Hep B Infection - Mar 2011" Topic="Chronic Hepatitis B Infection" Year="2011" id="">
<session PageNumber="17" ReferencePage="" SessionTitle="Screening prior to Hepatitis B vaccination"/>
<classification Grade="D" Level="4"/>
<fullstring>
The following groups of people should be screened prior to hepatitis B vaccination: 
Persons born in intermediate and high endemic areas (see Fig. 1).Young adults
Health care workers,Pregnant women,Contacts of subjects with chronic hepatitis B virus infection (family,
household and sexual contacts),Persons with multiple sexual partners/ history of sexually transmitted
diseases,Individuals with chronically elevated alanine aminotransferase,(ALT) or aspartate aminotransferase (AST)
Individuals infected with hepatitic C virus or human immunodeficiency
virus (HIV),Men who have sex with men,Subjects with high risk behaviours (IV drug users, sex workers)
Immunocompromised subjects (dialysis patients, HIV-infected patients).Immigrants Prisoners.
Grade D, Level 4.
</fullstring>
</guideline>
<guideline Category="Medical" FileName="cpg-Chronic Hep B Infection - Mar 2011" Topic="Chronic Hepatitis B Infection" Year="2011" id="">
<session PageNumber="20" ReferencePage="" SessionTitle="Screening prior to Hepatitis B vaccination"/>
<classification Grade="D" Level="4"/>
<fullstring>
The following blood tests should be done as part of serologic screening
before hepatitis B vaccination: HBsAg,Anti-HBs,Anti-HBc,Grade D, Level 4
</fullstring>
</guideline>
<guideline Category="Medical" FileName="cpg-Chronic Hep B Infection - Mar 2011" Topic="Chronic Hepatitis B Infection" Year="2011" id="">
<session PageNumber="22" ReferencePage="" SessionTitle="For newborns"/>
<classification Grade="D" Level="4"/>
<fullstring>
Babies born to HBsAg-positive mothers should be tested for seroconversion following the hepatitis B vaccination, preferably 3 months after completion of course.
</fullstring>
</guideline>
<guideline Category="Medical" FileName="cpg-Chronic Hep B Infection - Mar 2011" Topic="Chronic Hepatitis B Infection" Year="2011" id="">
<session PageNumber="22" ReferencePage="23-24" SessionTitle="For newborns"/>
<classification Grade="C" Level="2+"/>
<fullstring>
For other children and adults
C For children not born to HBsAg-positive mothers, as well as adults, three doses of hepatitis B vaccine should be given at months 0, 1 and 6. After the primary 3-dose vaccine series, check anti-HBs within 3 months after the booster dose at month 6. 23-24. If anti-HBs > 10 IU/L, the individual has developed immunity against
hepatitis B virus.
</fullstring>
</guideline>
<guideline Category="Medical" FileName="cpg-Chronic Hep B Infection - Mar 2011" Topic="Chronic Hepatitis B Infection" Year="2011" id="">
<session PageNumber="23" ReferencePage="23-24" SessionTitle="For newborns"/>
<classification Grade="C" Level="2+"/>
<fullstring>
For individuals previously vaccinated for hepatitis B and with anti- HBs levels less than 10 IU/L, consider repeat booster of hepatitis B vaccination
or give a second course of hepatitis B vaccination before rechecking the anti-HBs antibody titre. Grade C, Level 2+.
</fullstring>
</guideline>
<guideline Category="Medical" FileName="cpg-Chronic Hep B Infection - Mar 2011" Topic="Chronic Hepatitis B Infection" Year="2011" id="">
<session PageNumber="23" ReferencePage="23-24" SessionTitle="For immuno-competent people"/>
<classification Grade="C" Level="2+"/>
<fullstring>
with low risk of acquiring hepatitis B and who have completed their hepatitis B vaccination and who had previously demonstrated immunity to hepatitis B virus
after their vaccination, there is no need to check for immunity again or receive booster injections if their anti-HBs is less than 10 IU/L
later on.
</fullstring>
</guideline>
<guideline Category="Medical" FileName="cpg-Chronic Hep B Infection - Mar 2011" Topic="Chronic Hepatitis B Infection" Year="2011" id="">
<session PageNumber="23" ReferencePage="23-24" SessionTitle="For immuno-competent people"/>
<classification Grade="D" Level="3"/>
<fullstring>
D Anti-HBc total should be checked if an otherwise Immunocompetent
individual fails to seroconvert after 2 courses of hepatitis B
vaccinations.
1)	 HBsAg negative, anti-HBs less than 10 IU/L, anti-HBc positive
	 These individuals may have hepatitis B virus infection with
low viral load and an undetectable level of HBsAg. Those who
are tested positive for anti‐HBc alone may be in the ‘window’
phase of acute hepatitis B infection or they may have chronic
hepatitis B virus infection with low level viraemia. Refer
them to specialists for further workup.
2)	 HBsAg negative, anti-HBs less than 10 IU/L, anti-HBc negative
	 Consider repeat vaccination with pre-S vaccine or other 3rd
generation vaccine, if available, especially if the individuals
belong to the high-risk group. They should be advised against
high risk behaviour, which may expose them to hepatitis B
virus infections, and also counselled about post-exposure
prophylaxis with hepatitis B immunoglobulin (HBIG)
infection if they do sustain high risk exposure.
Grade D, Level 3
</fullstring>
</guideline>

<guideline Category="Medical" FileName="cpg-Chronic Hep B Infection - Mar 2011" Topic="Chronic Hepatitis B Infection" Year="2011" id="">
<session PageNumber="23" ReferencePage="26" SessionTitle="Individuals found to be HBsAg-positive"/>
<classification Grade="GPP" Level="GPP"/>
<fullstring>
GPP Patients whose HBsAg is positive for the first time should be
evaluated as they may be patients with undiagnosed chronic hepatitis
B virus infection even if the clinical criteria may not have been met yet.
The appropriate follow-up actions should then be taken:
1)	History taking
Ask for symptoms of liver disease, family history of chronic
hepatitis B virus infection, any recent travel or high risk
activity.
2) 	Physical Examination
Examine the patients. Look for signs of liver disease e.g.
stigmata of chronic liver disease, ascites, jaundice, etc.
3) 	Investigation
Check blood for liver function test and alpha-fetoprotein
level.
If either the physical examination or the blood test results are abnormal,
refer to the gastroenterologist. Consider admitting the patient to the
hospital through A and E or direct access, if acute hepatitis B infection is
suspected.
</fullstring>
</guideline>
<guideline Category="Medical" FileName="cpg-Chronic Hep B Infection - Mar 2011" Topic="Chronic Hepatitis B Infection" Year="2011" id="">
<session PageNumber="29" ReferencePage="23-24" SessionTitle="Prevention of transmission of Hepatitis B virus to others"/>
<classification Grade="D" Level="4"/>
<fullstring>
The following advice should be given to patients with chronic
hepatitis B virus infection: Ensure that their sexual partners are vaccinated.No sharing of toothbrushes and razors.Cover open wounds.No donation of body parts.Clean blood spills with bleach/detergents.Note: Hepatitis B virus transmission is not transmissible through:
Sharing of utensils, food or kissing as part of social greetings,Participating in all activities including contact sports Social interaction with others (e.g. in schools, day care centres).
</fullstring>
</guideline>
<guideline Category="Medical" FileName="cpg-Chronic Hep B Infection - Mar 2011" Topic="Chronic Hepatitis B Infection" Year="2011" id="">
<session PageNumber="29" ReferencePage="35-37" SessionTitle="Prevention of super-infection"/>
<classification Grade="C" Level="2+"/>
<fullstring>
Unless contraindicated, hepatitis A vaccination should be given to prevent superimposed acute hepatitis A in patients with chronic hepatitis B virus infection. 
</fullstring>
</guideline>
<guideline Category="Medical" FileName="cpg-Chronic Hep B Infection - Mar 2011" Topic="Chronic Hepatitis B Infection" Year="2011" id="">
<session PageNumber="30" ReferencePage="34,38" SessionTitle="Monitor for indications for treatment of chronic
Hepatitis B"/>
<classification Grade="D" Level="4"/>
<fullstring>
D Management of patients with chronic hepatitis B should be tailored
according to the patients’ clinical state of liver disease (compensated
versus decompensated liver disease) as well as their virologic and
biochemical (i.e. the liver function test, in particular the serum
transaminase levels) status. 34, 38.
1) 	For patients with HBsAg positive > 6 months and well–
compensated liver disease, in association with:
(A) 	 HBeAg–positive hepatitis B virus infection and:
i) 	Alanine aminotransferase (ALT) less than Upper limit of normal
(ULN): no pharmacotherapy needed. Monitor ALT at
least 6 monthly and HBeAg at least 12 monthly.
ii) 	 ALT 1-2 X ULN: monitor ALT 3 to 6 monthly and
HBeAg 6 monthly. Refer to specialist if persistent
evidence of early deterioration of liver function or age >
40. Consider liver biopsy and treatment if biopsy shows
significant liver damage.
iii) ALT > 2X ULN: repeat ALT and HBeAg within 1
to 3 months. Refer to specialist if persistent. Treat
immediately upon evidence of hepatic decompensation.
(B) 	HBeAg–negative hepatitis B virus infection and:	
ALT less than ULN: Monitor ALT 3 months later. If still normal,
monitor ALT every 6 to 12 monthly.
ALT 1-2X ULN: Monitor ALT 3 to 6 monthly. Refer to
specialist if persistent, evidence of early deterioration
of liver function or age > 40. If HBV DNA is > 2000
IU/ml, consider liver biopsy and treat if biopsy shows
significant liver damage.
ALT > 2X ULN: repeat ALT within 1 to 3 months. Refer
to specialist if persistent. If HBV DNA > 2000 IU/ml,
consider treatment if persistent. Note that common
30conditions, such as fatty liver and commonly consumed
drugs may be confounding factors giving rise to mild to
moderate elevation of serum transaminases.
2) 	For patients with decompensated hepatitis B virus–related
cirrhosis:Refer to gastroenterologist or hepatologist for management.
Grade D, Level 4
</fullstring>
</guideline>
<guideline Category="Medical" FileName="cpg-Chronic Hep B Infection - Mar 2011" Topic="Chronic Hepatitis B Infection" Year="2011" id="">
<session PageNumber="33" ReferencePage="34,38" SessionTitle="Surveillance Method"/>
<classification Grade="GPP" Level="GPP"/>
<fullstring>
Surveillance of patients with chronic hepatitis B
should be carried out regularly. The required frequency of
surveillance for an individual will depend on his/her risk
profile (refer to page 31 for risk stratification criteria), which
should be determined before the start of the surveillance
programme (see below):
(A)	 Baseline assessment to stratify risk- check serum ALT, AST, bilirubin, albumin,
prothrombin time, alpha-fetoprotein, HBsAg,HBeAg, anti-HBe and hepatitis B virus DNA
liver imaging
(B) 	 Periodic reassessment is necessary- Frequency of surveillance is dependent on patients’
risk profile: 
i) 	 Low-risk group: 6 monthly serum ALT and bilirubin assessment - if abnormal, hepatitis B virus DNA should be
checked.
ii) 	 Medium-risk group: 4-6 monthly serum ALT and bilirubin assessment -	 if abnormal, hepatitis B virus DNA should bechecked.
iii) High-risk group: 2-4 monthly serum ALT, bilirubin assessment, hepatitis B virus DNA assessment, appropriate
to each set of circumstances. If abnormal the specialist will have to decide on further appropriate
management.
</fullstring>
</guideline>
<guideline Category="Medical" FileName="cpg-Chronic Hep B Infection - Mar 2011" Topic="Chronic Hepatitis B Infection" Year="2011" id="">
<session PageNumber="34" ReferencePage="34,38" SessionTitle="Surveillance for hepatocellular carcinoma"/>
<classification Grade="B" Level="2++"/>
<fullstring>
For patients who have average risk of developing hepatocellular, For patients with increased risk of HCC, such as patients with cirrhosis or with family history of HCC, frequency of blood tests and ultrasonographic examination can be increased. carcinoma (HCC), six-monthly blood tests for alpha-fetoprotein level and annual ultrasonographic examination of the liver is recommended. Grade B, Level 2++.
</fullstring>
</guideline>
<guideline Category="Medical" FileName="cpg-Chronic Hep B Infection - Mar 2011" Topic="Chronic Hepatitis B Infection" Year="2011" id="">
<session PageNumber="35" ReferencePage="34,38" SessionTitle="Management of treatment failure"/>
<classification Grade="GPP" Level="GPP"/>
<fullstring>
GPP Patients who have undergone treatment for hepatitis B within the last 6 months and developed serum ALT > ULN or patients who
display evidence of hepatic decompensation should be referred to a specialist for further management immediately.
GPP
</fullstring>
</guideline>
<guideline Category="Medical" FileName="cpg-Chronic Hep B Infection - Mar 2011" Topic="Chronic Hepatitis B Infection" Year="2011" id="">
<session PageNumber="35" ReferencePage="34,38" SessionTitle="Management of treatment failure"/>
<classification Grade="B" Level="2++"/>
<fullstring>
B Patients can be considered for alternative class of therapeutic agents
after they fail to respond to one class of drug.
•	 Patients should be actively screened for contraindications for use of interferon-alpha before they are considered for
treatment with interferon-alpha as an alternative therapeutic agent.
• 	 Treatment with nucleoside/tide analogue indefinitely may be considered in patients who have persistently elevated serum
ALT and evidence of active cirrhosis histologically when he/she has failed to respond to treatment with interferon-alpha
previously.These patients, however, should only be managed by specialists.
</fullstring>
</guideline>
<guideline Category="Medical" FileName="cpg-Chronic Hep B Infection - Mar 2011" Topic="Chronic Hepatitis B Infection" Year="2011" id="">
<session PageNumber="36" ReferencePage="34,38" SessionTitle="Management of special groups"/>
<classification Grade="GPP" Level="GPP"/>
<fullstring>
Patients with HIV or hepatitis C virus co-infection should be referred for management by specialists.Patients with chronic hepatitis B virus infection post-organ
transplantation should be managed by specialists, even if the liver function test appears normal.Pregnant women with replicative hepatitis B virus infection should be
monitored closely after the mid-trimester and immediately postpartum for acute exacerbation of chronic hepatitis B.
</fullstring>
</guideline>
</cpgs>
