<?xml version="1.0" encoding="UTF-8" standalone="no"?>
<cpgs>
<guideline Category="Medical" FileName="CPG_Treating_Tobacco_Use_and_Dependence_Main" Topic="Treating Tobacco Use and
Dependence" Year="2013" id="">
<session PageNumber="2" ReferencePage="20" SessionTitle="Non-pharmacological interventions"/>
<classification Grade="A" Level="1+"/>
<fullstring>
Different forms of person-to-person behavioural support including individual,
group and telephone support may be used as interventions to treat tobacco use
and dependence. (pg 20)
Grade A, Level 1 +
</fullstring>
</guideline>
<guideline Category="Medical" FileName="CPG_Treating_Tobacco_Use_and_Dependence_Main" Topic="Treating Tobacco Use and
Dependence" Year="2013" id="">
<session PageNumber="2" ReferencePage="20" SessionTitle="Non-pharmacological interventions"/>
<classification Grade="A" Level="1+"/>
<fullstring>
If resources are available, telephone support provided separately or as part of
tobacco use and cessation intervention, should be offered to smokers undergoing
a quit attempt. (pg 20)
Grade A, Level 1 +
</fullstring>
</guideline>
<guideline Category="Medical" FileName="CPG_Treating_Tobacco_Use_and_Dependence_Main" Topic="Treating Tobacco Use and
Dependence" Year="2013" id="">
<session PageNumber="2" ReferencePage="21" SessionTitle="Non-pharmacological interventions"/>
<classification Grade="A" Level="1+"/>
<fullstring>
Where feasible, health professionals should provide multiple behavioural
support sessions to treat tobacco use and dependence; with each session lasting
more than 10 minutes. (pg 21)
Grade A, Level 1 +
</fullstring>
</guideline>
<guideline Category="Medical" FileName="CPG_Treating_Tobacco_Use_and_Dependence_Main" Topic="Treating Tobacco Use and
Dependence" Year="2013" id="">
<session PageNumber="2" ReferencePage="23" SessionTitle="Non-pharmacological interventions"/>
<classification Grade="B" Level="2++"/>
<fullstring>
Behavioural interventions such as motivational interviewing or cognitive
behavioural therapy may be used to help tobacco users quit. (pg 23).Grade B, Level 2 ++
</fullstring>
</guideline>
<guideline Category="Medical" FileName="CPG_Treating_Tobacco_Use_and_Dependence_Main" Topic="Treating Tobacco Use and
Dependence" Year="2013" id="">
<session PageNumber="2" ReferencePage="24" SessionTitle="Non-pharmacological interventions"/>
<classification Grade="B" Level="2+"/>
<fullstring>
Technologies such as individual-tailored web-based interventions, or motivational interviewing mobile phone text messages may be considered for tobacco
users attempting to quit. (pg 24).Grade B, Level 2 +
</fullstring>
</guideline>
<guideline Category="Medical" FileName="CPG_Treating_Tobacco_Use_and_Dependence_Main" Topic="Treating Tobacco Use and
Dependence" Year="2013" id="">
<session PageNumber="2" ReferencePage="25" SessionTitle="Non-pharmacological interventions"/>
<classification Grade="A" Level="1++"/>
<fullstring>
Acupuncture or hypnotherapy is not recommended routinely for reducing tobacco use and dependence. (pg 25).Grade A, Level 1 ++
</fullstring>
</guideline>
<guideline Category="Medical" FileName="CPG_Treating_Tobacco_Use_and_Dependence_Main" Topic="Treating Tobacco Use and
Dependence" Year="2013" id="">
<session PageNumber="2" ReferencePage="26" SessionTitle="Non-pharmacological interventions"/>
<classification Grade="A" Level="1++"/>
<fullstring>
Whenever possible, both behavioural support and medication should be provided to tobacco users who have the intention to quit tobacco use. (pg 26)
Grade A, Level 1 ++
</fullstring>
</guideline>
<guideline Category="Medical" FileName="CPG_Treating_Tobacco_Use_and_Dependence_Main" Topic="Treating Tobacco Use and
Dependence" Year="2013" id="">
<session PageNumber="3" ReferencePage="27" SessionTitle="Pharmacotherapy interventions"/>
<classification Grade="A" Level="1+"/>
<fullstring>
All tobacco users who are trying to quit should be offered both behavioural support and medication unless there are contraindications or insufficient	
evidence of effectiveness in specific populations (i.e. pregnant women and	adolescents). (pg 27)	
Grade A, Level 1 +
</fullstring>
</guideline>
<guideline Category="Medical" FileName="CPG_Treating_Tobacco_Use_and_Dependence_Main" Topic="Treating Tobacco Use and
Dependence" Year="2013" id="">
<session PageNumber="3" ReferencePage="28" SessionTitle="Pharmacotherapy interventions"/>
<classification Grade="B" Level="2++"/>
<fullstring>
High-dose nicotine replacement may be considered for tobacco users with persistent cravings and withdrawal symptoms. (pg 28)
Grade B, Level 2 ++
</fullstring>
</guideline>
<guideline Category="Medical" FileName="CPG_Treating_Tobacco_Use_and_Dependence_Main" Topic="Treating Tobacco Use and
Dependence" Year="2013" id="">
<session PageNumber="3" ReferencePage="29" SessionTitle="Pharmacotherapy interventions"/>
<classification Grade="A" Level="1+"/>
<fullstring>
Eight to twelve weeks of Nicotine Replacement Therapy (NRT) is recommended
for most tobacco users undergoing a tobacco use quit attempt. (pg 29)
Grade A, Level 1 +
</fullstring>
</guideline>	
<guideline Category="Medical" FileName="CPG_Treating_Tobacco_Use_and_Dependence_Main" Topic="Treating Tobacco Use and
Dependence" Year="2013" id="">
<session PageNumber="3" ReferencePage="30" SessionTitle="Pharmacotherapy interventions"/>
<classification Grade="A" Level="1++"/>
<fullstring>
Both bupropion SR and varenicline may be used in conjunction with behavioural
support for patients attempting to quit. (pg 30)
Grade A, Level 1 ++
</fullstring>
</guideline>
<guideline Category="Medical" FileName="CPG_Treating_Tobacco_Use_and_Dependence_Main" Topic="Treating Tobacco Use and
Dependence" Year="2013" id="">
<session PageNumber="3" ReferencePage="31" SessionTitle="Pharmacotherapy interventions"/>
<classification Grade="A" Level="1+"/>
<fullstring>
Nicotine patches may be combined with another form of NRT or bupropion
SR to increase tobacco use abstinence. (pg 31)
</fullstring>
</guideline>
<guideline Category="Medical" FileName="CPG_Treating_Tobacco_Use_and_Dependence_Main" Topic="Treating Tobacco Use and
Dependence" Year="2013" id="">
<session PageNumber="3" ReferencePage="32" SessionTitle="Pharmacotherapy interventions"/>
<classification Grade="C" Level="3"/>
<fullstring>
E-cigarettes should not be used or prescribed as smoking cessation aids. (pg 32)
</fullstring>
</guideline>
<guideline Category="Medical" FileName="CPG_Treating_Tobacco_Use_and_Dependence_Main" Topic="Treating Tobacco Use and
Dependence" Year="2013" id="">
<session PageNumber="3" ReferencePage="34" SessionTitle="Specific Populations: Hospitalised and pre-operative patients"/>
<classification Grade="A" Level="1++"/>
<fullstring>
Where resources are available, behavioural support should be offered by a trained advisor for tobacco use and dependence to all hospitalised patients
who are tobacco users. (pg 34) Grade A, Level 1 ++
</fullstring>
</guideline>	
<guideline Category="Medical" FileName="CPG_Treating_Tobacco_Use_and_Dependence_Main" Topic="Treating Tobacco Use and
Dependence" Year="2013" id="">
<session PageNumber="3" ReferencePage="34" SessionTitle="Specific Populations: Hospitalised and pre-operative patients"/>
<classification Grade="A" Level="1+"/>
<fullstring>
NRT should be considered for hospitalised patients who are tobacco users and attempting to quit. (pg 34)
Grade B, Level 1 + 
</fullstring>
</guideline>
<guideline Category="Medical" FileName="CPG_Treating_Tobacco_Use_and_Dependence_Main" Topic="Treating Tobacco Use and
Dependence" Year="2013" id="">
<session PageNumber="3" ReferencePage="34" SessionTitle="Specific Populations: Hospitalised and pre-operative patients"/>
<classification Grade="A" Level="1+"/>
<fullstring>
NRT should be considered for hospitalised patients who are tobacco users and attempting to quit. (pg 34)
Grade B, Level 1 + 
</fullstring>
</guideline>
<guideline Category="Medical" FileName="CPG_Treating_Tobacco_Use_and_Dependence_Main" Topic="Treating Tobacco Use and
Dependence" Year="2013" id="">
<session PageNumber="4" ReferencePage="35" SessionTitle="Specific Populations: Hospitalised and pre-operative patients"/>
<classification Grade="A" Level="1+"/>
<fullstring>
If resources are available, intensive behavioural support interventions for
tobacco use and dependence, including the use of NRTs, should be offered to
patients over a period of 4 to 8 weeks prior to surgery. (pg 35)	
Grade A, Level 1 +
</fullstring>
</guideline>
<guideline Category="Medical" FileName="CPG_Treating_Tobacco_Use_and_Dependence_Main" Topic="Treating Tobacco Use and
Dependence" Year="2013" id="">
<session PageNumber="4" ReferencePage="36" SessionTitle="Specific Populations: Adolescents"/>
<classification Grade="A" Level="1+"/>
<fullstring>
All health professionals should provide brief but tailored advice on quitting
tobacco use to adolescents who use tobacco. (pg 36)
Grade A, Level 1 +
</fullstring>
</guideline>
<guideline Category="Medical" FileName="CPG_Treating_Tobacco_Use_and_Dependence_Main" Topic="Treating Tobacco Use and
Dependence" Year="2013" id="">
<session PageNumber="4" ReferencePage="36" SessionTitle="Specific Populations: Adolescents"/>
<classification Grade="A" Level="1+"/>
<fullstring>	
Pharmacotherapy, including the use of NRT, should not be used routinely in
adolescent tobacco users attempting to quit. (pg 36)
Grade A, Level 1 ++
</fullstring>
</guideline>	
<guideline Category="Medical" FileName="CPG_Treating_Tobacco_Use_and_Dependence_Main" Topic="Treating Tobacco Use and
Dependence" Year="2013" id="">
<session PageNumber="4" ReferencePage="38" SessionTitle="Specific Populations: Pregnant women"/>
<classification Grade="B" Level="1+"/>
<fullstring>	
Pregnant women who use tobacco should be offered person-to-person behavioural support intervention as the first-line approach to treat tobacco
use and dependence. (pg 38)		
Grade B, Level 1 +
</fullstring>
</guideline>	
<guideline Category="Medical" FileName="CPG_Treating_Tobacco_Use_and_Dependence_Main" Topic="Treating Tobacco Use and
Dependence" Year="2013" id="">
<session PageNumber="4" ReferencePage="38" SessionTitle="Specific Populations: Pregnant women"/>
<classification Grade="B" Level="1+"/>
<fullstring>	
Pharmacotherapy interventions should not be routinely used for pregnant women attempting to quit. (pg 38)
Grade A, Level 1 +
</fullstring>
</guideline>
<guideline Category="Medical" FileName="CPG_Treating_Tobacco_Use_and_Dependence_Main" Topic="Treating Tobacco Use and
Dependence" Year="2013" id="">
<session PageNumber="4" ReferencePage="39" SessionTitle="Specific Populations: Patients with psychiatric disorders"/>
<classification Grade="GPP" Level="GPP"/>
<fullstring>
NRTs should be used as the first-line treatment for persons with psychiatric disorders. (pg 39)
</fullstring>
</guideline>
<guideline Category="Medical" FileName="CPG_Treating_Tobacco_Use_and_Dependence_Main" Topic="Treating Tobacco Use and
Dependence" Year="2013" id="">
<session PageNumber="5" ReferencePage="39" SessionTitle="Specific Populations: Patients with psychiatric disorders"/>
<classification Grade="GPP" Level="GPP"/>
<fullstring>
Psychiatric patients who are undergoing a quit attempt need to be monitored for adverse effects because of significant 
interactions between nicotine,pharmacotherapy for smoking cessation and common psychiatric drugs. (pg 39)
</fullstring>
</guideline>
<guideline Category="Medical" FileName="CPG_Treating_Tobacco_Use_and_Dependence_Main" Topic="Treating Tobacco Use and
Dependence" Year="2013" id="">
<session PageNumber="5" ReferencePage="41" SessionTitle="Specific Populations: Patients with cardiovascular disease"/>
<classification Grade="A" Level="1+"/>
<fullstring>
In patients with a recent acute coronary syndrome, NRT may be started just
before hospital discharge to assist tobacco users attempting to quit. (pg 41)	
Grade A, Level 1 +
</fullstring>
</guideline>
<guideline Category="Medical" FileName="CPG_Treating_Tobacco_Use_and_Dependence_Main" Topic="Treating Tobacco Use and
Dependence" Year="2013" id="">
<session PageNumber="4" ReferencePage="41" SessionTitle="Specific Populations: Patients with psychiatric disorders"/>
<classification Grade="A" Level="1+"/>
<fullstring>
Varenicline or bupropion SR may also be used, in combination with behavioural
interventions, for cardiovascular disease patients who use tobacco. (pg 41)
Grade A, Level 1 +
</fullstring>
</guideline>
<guideline Category="Medical" FileName="CPG_Treating_Tobacco_Use_and_Dependence_Main" Topic="Treating Tobacco Use and
Dependence" Year="2013" id="">
<session PageNumber="4" ReferencePage="42" SessionTitle="Specific Populations: Patients with co-morbid alcohol abuse"/>
<classification Grade="B" Level="2+"/>
<fullstring>
All alcohol dependent patients who are also tobacco users, including those
undergoing alcohol addiction treatment programmes, should be offered
treatment for tobacco use and dependence. (pg 42)
Grade B, Level 2 +
</fullstring>
</guideline>
<guideline Category="Medical" FileName="CPG_Treating_Tobacco_Use_and_Dependence_Main" Topic="Treating Tobacco Use and
Dependence" Year="2013" id="">
<session PageNumber="4" ReferencePage="42" SessionTitle="Person-to-Person Behavioural Support"/>
<classification Grade="A" Level="1+"/>
<fullstring>
Different forms of person-to-person behavioural support including	
individual, group and telephone support may be used as interventions to	
treat tobacco use and dependence.		
Grade A, Level 1 +
</fullstring>
</guideline>
<guideline Category="Medical" FileName="CPG_Treating_Tobacco_Use_and_Dependence_Main" Topic="Treating Tobacco Use and
Dependence" Year="2013" id="">
<session PageNumber="20" ReferencePage="" SessionTitle="Person-to-Person Behavioural Support"/>
<classification Grade="A" Level="1+"/>
<fullstring>
If resources are available, telephone support provided separately or as
part of tobacco use and cessation intervention, should be offered to
smokers undergoing a quit attempt.
Grade A, Level 1 +
</fullstring>
</guideline>
<guideline Category="Medical" FileName="CPG_Treating_Tobacco_Use_and_Dependence_Main" Topic="Treating Tobacco Use and
Dependence" Year="2013" id="">
<session PageNumber="21" ReferencePage="" SessionTitle="Intensity of Behavioural Support"/>
<classification Grade="A" Level="1+"/>
<fullstring>
Where feasible, health professionals should provide multiple
behavioural support sessions to treat tobacco use and dependence; with
each session lasting more than 10 minutes.
Grade A, Level 1 +
</fullstring>
</guideline>
<guideline Category="Medical" FileName="CPG_Treating_Tobacco_Use_and_Dependence_Main" Topic="Treating Tobacco Use and
Dependence" Year="2013" id="">
<session PageNumber="23" ReferencePage="" SessionTitle="Type of Behavioural Interventions"/>
<classification Grade="B" Level="2++"/>
<fullstring>	
Behavioural interventions such as motivational interviewing or
cognitive behavioural therapy may be used to help tobacco users quit.		
Grade B, Level 2 ++
</fullstring>
</guideline>
<guideline Category="Medical" FileName="CPG_Treating_Tobacco_Use_and_Dependence_Main" Topic="Treating Tobacco Use and
Dependence" Year="2013" id="">
<session PageNumber="24" ReferencePage="" SessionTitle="Technological and Social Media Interventions"/>
<classification Grade="B" Level="2+"/>
<fullstring>
Technologies such as individual-tailored web-based interventions,
or motivational interviewing mobile phone text messages may be
considered for tobacco users attempting to quit.
Grade B, Level 2 +
</fullstring>
</guideline>
<guideline Category="Medical" FileName="CPG_Treating_Tobacco_Use_and_Dependence_Main" Topic="Treating Tobacco Use and
Dependence" Year="2013" id="">
<session PageNumber="25" ReferencePage="" SessionTitle="Technological and Social Media Interventions"/>
<classification Grade="A" Level="1++"/>
<fullstring>
Acupuncture or hypnotherapy is not recommended routinely for
reducing tobacco use and dependence.
Grade A, Level 1 ++
</fullstring>
</guideline>
<guideline Category="Medical" FileName="CPG_Treating_Tobacco_Use_and_Dependence_Main" Topic="Treating Tobacco Use and
Dependence" Year="2013" id="">
<session PageNumber="26" ReferencePage="" SessionTitle="Combining Behavioural Support and Medication"/>
<classification Grade="A" Level="1++"/>
<fullstring>
Whenever possible, both behavioural support and medication should be provided to tobacco users who have the intention to quit tobacco use.
Grade A, Level 1 ++
</fullstring>
</guideline>
<guideline Category="Medical" FileName="CPG_Treating_Tobacco_Use_and_Dependence_Main" Topic="Treating Tobacco Use and
Dependence" Year="2013" id="">
<session PageNumber="27" ReferencePage="" SessionTitle="Tobacco Use and Dependence Treatment 			
Approaches: Pharmacotherapy Interventions"/>
<classification Grade="A" Level="1++"/>
<fullstring>
All tobacco users who are trying to quit should be offered both
behavioural support and medication unless there are contraindications
or insufficient evidence of effectiveness in specific populations
(i.e.pregnant women and adolescents).
Grade A, Level 1 +
</fullstring>
</guideline>
<guideline Category="Medical" FileName="CPG_Treating_Tobacco_Use_and_Dependence_Main" Topic="Treating Tobacco Use and
Dependence" Year="2013" id="">
<session PageNumber="28" ReferencePage="" SessionTitle="Tobacco Use and Dependence Treatment 			
Approaches: Pharmacotherapy Interventions"/>
<classification Grade="A" Level="2++"/>
<fullstring>
High-dose nicotine replacement may be considered for tobacco users
with persistent cravings and withdrawal symptoms.
Grade B, Level 2 ++
</fullstring>
</guideline>
<guideline Category="Medical" FileName="CPG_Treating_Tobacco_Use_and_Dependence_Main" Topic="Treating Tobacco Use and
Dependence" Year="2013" id="">
<session PageNumber="29" ReferencePage="" SessionTitle="Duration of NRT Use"/>
<classification Grade="A" Level="1+"/>
<fullstring>
Eight to twelve weeks of nicotine replacement therapy (NRT) is
recommended for most tobacco users undergoing a tobacco use quit
attempt.Grade A, Level 1 +
</fullstring>
</guideline>
<guideline Category="Medical" FileName="CPG_Treating_Tobacco_Use_and_Dependence_Main" Topic="Treating Tobacco Use and
Dependence" Year="2013" id="">
<session PageNumber="30" ReferencePage="" SessionTitle="Bupropion SR"/>
<classification Grade="A" Level="1++"/>
<fullstring>
Both bupropion SR and varenicline may be used in conjunction with
behavioural support for patients attempting to quit.
Grade A, Level 1 ++
</fullstring>
</guideline>
<guideline Category="Medical" FileName="CPG_Treating_Tobacco_Use_and_Dependence_Main" Topic="Treating Tobacco Use and
Dependence" Year="2013" id="">
<session PageNumber="31" ReferencePage="" SessionTitle="Combined NRTs"/>
<classification Grade="A" Level="1++"/>
<fullstring>
Nicotine patches may be combined with another form of NRT or bupropion
SR to increase tobacco use abstinence.Grade A, Level 1+
</fullstring>
</guideline>
<guideline Category="Medical" FileName="CPG_Treating_Tobacco_Use_and_Dependence_Main" Topic="Treating Tobacco Use and
Dependence" Year="2013" id="">
<session PageNumber="32" ReferencePage="" SessionTitle="Other Nicotine Products (e.g. Electronic Nicotine Delivery
System known as e-cigarettes)"/>
<classification Grade="C" Level="3"/>
<fullstring>
E-cigarettes should not be used or prescribed as smoking cessation aids.
</fullstring>
</guideline>
<guideline Category="Medical" FileName="CPG_Treating_Tobacco_Use_and_Dependence_Main" Topic="Treating Tobacco Use and
Dependence" Year="2013" id="">
<session PageNumber="34" ReferencePage="" SessionTitle="Treatment and Management of
Specific Populations"/>
<classification Grade="A" Level="1++"/>
<fullstring>
Where resources are available, behavioural support should be offered
by a trained advisor for tobacco use and dependence to all hospitalised
patients who are tobacco users.
Grade A, Level 1 ++
</fullstring>
</guideline>
<guideline Category="Medical" FileName="CPG_Treating_Tobacco_Use_and_Dependence_Main" Topic="Treating Tobacco Use and
Dependence" Year="2013" id="">
<session PageNumber="34" ReferencePage="" SessionTitle="Treatment and Management of
Specific Populations"/>
<classification Grade="B" Level="1+"/>
<fullstring>
NRT should be considered for hospitalised patients who are tobacco
users and attempting to quit.
Grade B, Level 1 +
</fullstring>
</guideline>
<guideline Category="Medical" FileName="CPG_Treating_Tobacco_Use_and_Dependence_Main" Topic="Treating Tobacco Use and
Dependence" Year="2013" id="">
<session PageNumber="35" ReferencePage="" SessionTitle="Treatment and Management of
Specific Populations"/>
<classification Grade="A" Level="1+"/>
<fullstring>
If resources are available, intensive behavioural support interventions
for tobacco use and dependence, including the use of NRTs, should be
offered to patients over a period of 4 to 8 weeks prior to surgery.		
Grade A, Level 1 +
</fullstring>
</guideline>
<guideline Category="Medical" FileName="CPG_Treating_Tobacco_Use_and_Dependence_Main" Topic="Treating Tobacco Use and
Dependence" Year="2013" id="">
<session PageNumber="36" ReferencePage="" SessionTitle="ADOLESCENTS"/>
<classification Grade="A" Level="1+"/>
<fullstring>
All health professionals should provide brief but tailored advice on
quitting tobacco use to adolescents who use tobacco.
Grade A, Level 1 +
</fullstring>
</guideline>
<guideline Category="Medical" FileName="CPG_Treating_Tobacco_Use_and_Dependence_Main" Topic="Treating Tobacco Use and
Dependence" Year="2013" id="">
<session PageNumber="36" ReferencePage="" SessionTitle="ADOLESCENTS"/>
<classification Grade="A" Level="1++"/>
<fullstring>
Pharmacotherapy, including the use of NRT, should not be used
routinely in adolescent tobacco users attempting to quit.		
Grade A, Level 1 ++
</fullstring>
</guideline>
<guideline Category="Medical" FileName="CPG_Treating_Tobacco_Use_and_Dependence_Main" Topic="Treating Tobacco Use and
Dependence" Year="2013" id="">
<session PageNumber="36" ReferencePage="" SessionTitle="ADOLESCENTS"/>
<classification Grade="B" Level="1+"/>
<fullstring>
Pregnant women who use tobacco should be offered person-to-person
behavioural support intervention as the first-line approach to treat
tobacco use and dependence.
Grade B, Level 1 +
</fullstring>
</guideline>
<guideline Category="Medical" FileName="CPG_Treating_Tobacco_Use_and_Dependence_Main" Topic="Treating Tobacco Use and
Dependence" Year="2013" id="">
<session PageNumber="36" ReferencePage="" SessionTitle="ADOLESCENTS"/>
<classification Grade="A" Level="1+"/>
<fullstring>
Pharmacotherapy interventions should not be routinely used for
pregnant women attempting to quit.
Grade A, Level 1 +
</fullstring>
</guideline>
<guideline Category="Medical" FileName="CPG_Treating_Tobacco_Use_and_Dependence_Main" Topic="Treating Tobacco Use and
Dependence" Year="2013" id="">
<session PageNumber="39" ReferencePage="" SessionTitle="ADOLESCENTS"/>
<classification Grade="GPP" Level="GPP"/>
<fullstring>
NRTs should be used as the first-line treatment for persons with
GPP psychiatric disorders.GPP
</fullstring>
</guideline>
<guideline Category="Medical" FileName="CPG_Treating_Tobacco_Use_and_Dependence_Main" Topic="Treating Tobacco Use and
Dependence" Year="2013" id="">
<session PageNumber="39" ReferencePage="" SessionTitle="ADOLESCENTS"/>
<classification Grade="GPP" Level="GPP"/>
<fullstring>
Psychiatric patients who are undergoing a quit attempt need to be
GPP monitored for adverse effects because of significant interactions between	
nicotine, pharmacotherapy for smoking cessation and common psychiatric drugs.GPP
</fullstring>
</guideline>
<guideline Category="Medical" FileName="CPG_Treating_Tobacco_Use_and_Dependence_Main" Topic="Treating Tobacco Use and
Dependence" Year="2013" id="">
<session PageNumber="41" ReferencePage="" SessionTitle="PATIENTS WITH CARDIOVASCULAR DISEASE"/>
<classification Grade="A" Level="1+"/>
<fullstring>
In patients with a recent acute coronary syndrome, NRT may be started just before hospital discharge to assist tobacco users attempting to quit.		
Grade A, Level 1 +
</fullstring>
</guideline>
<guideline Category="Medical" FileName="CPG_Treating_Tobacco_Use_and_Dependence_Main" Topic="Treating Tobacco Use and
Dependence" Year="2013" id="">
<session PageNumber="41" ReferencePage="" SessionTitle="PATIENTS WITH CARDIOVASCULAR DISEASE"/>
<classification Grade="A" Level="1+"/>
<fullstring>
Varenicline or bupropion SR may also be used, in combination with behavioural interventions, for cardiovascular disease patients
who use tobacco.				
Grade A, Level 1 +
</fullstring>
</guideline>
<guideline Category="Medical" FileName="CPG_Treating_Tobacco_Use_and_Dependence_Main" Topic="Treating Tobacco Use and
Dependence" Year="2013" id="">
<session PageNumber="42" ReferencePage="" SessionTitle="PATIENTS WITH CO-MORBID ALCOHOL ABUSE"/>
<classification Grade="B" Level="2+"/>
<fullstring>
All alcohol dependent patients who are also tobacco users, including
those undergoing alcohol addiction treatment programmes, should be
offered treatment for tobacco use and dependence.
Grade B, Level 2 +
</fullstring>
</guideline>
</cpgs>

