<?xml version="1.0" encoding="UTF-8" standalone="no"?>
<cpgs>
<guideline Category="Medical" FileName="cpg_Anxiety Disorders  Apr 2015 - Full Guidelines" Topic="Anxiety Anxiety Disorders" Year="2015" id="">
<session PageNumber="1" ReferencePage="16" SessionTitle="Executive summary of recommendations"/>
<classification Grade="A" Level="1+"/>
<fullstring>
A diagnosis of anxiety disorder should be considered only after appropriate clinical evaluation and investigation to rule out general medical conditions have been done. Figure 1 summarises how the various anxiety disorders are diagnosed.
</fullstring>
</guideline>
<guideline Category="Medical" FileName="cpg_Anxiety Disorders  Apr 2015 - Full Guidelines" Topic="Anxiety Anxiety Disorders" Year="2015" id="">
<session PageNumber="1" ReferencePage="22" SessionTitle="Executive summary of recommendations"/>
<classification Grade="GPP" Level="GPP"/>
<fullstring>
The initial management of anxiety disorders should ideally be instituted at the primary care level. The recommended framework for the management of anxiety disorders in primary care is described in Figure 2.
</fullstring>
</guideline>
<guideline Category="Medical" FileName="cpg_Anxiety Disorders  Apr 2015 - Full Guidelines" Topic="Anxiety Anxiety Disorders" Year="2015" id="">
<session PageNumber="1" ReferencePage="22" SessionTitle="Executive summary of recommendations"/>
<classification Grade="D" Level="4"/>
<fullstring>
The following may be instituted in primary care immediately after diagnosis: Educating patient on nature and origin of anxiety symptoms and providing appropriate
reassurance, e.g. not having a ‘heart attack’ or ‘going crazy’ Suggestion of lifestyle changes as appropriate, i.e., stress reduction strategies, reducing alcohol and caffeine intake, avoiding nicotine and drug use, regular exercise Supportive counselling Symptomatic relief with medication prescribed on a short-term basis Evaluation and mobilisation of family and social resources Monitoring and addressing early signs of relapse
</fullstring>
</guideline>
<guideline Category="Medical" FileName="cpg_Anxiety Disorders  Apr 2015 - Full Guidelines" Topic="Anxiety Anxiety Disorders" Year="2015" id="">
<session PageNumber="2" ReferencePage="27" SessionTitle="Executive summary of recommendations"/>
<classification Grade="GPP" Level="GPP"/>
<fullstring>
Psychiatric evaluation and treatment is appropriate when there is serious risk of suicide, there are psychotic symptoms, co-occurring drug/alcohol problems exist, symptoms are severe/complex or if symptoms fail to improve on initial treatment and follow-up. GPP 27
</fullstring>
</guideline>
<guideline Category="Medical" FileName="cpg_Anxiety Disorders  Apr 2015 - Full Guidelines" Topic="Anxiety Anxiety Disorders" Year="2015" id="">
<session PageNumber="2" ReferencePage="28" SessionTitle="Executive summary of recommendations"/>
<classification Grade="GPP" Level="GPP"/>
<fullstring>
Consider transferring patients with anxiety disorders from psychiatric to primary care for long-term management if they have the following
characteristics:  Aged 18 or older,Stabilised for the past 3 months, No psychiatric hospitalisation in the past 6 months, No history of forensic or substance abuse, No disruptive personality disorders, Non suicidal, No history of aggressive behaviour, Not currently receiving clozapine, lithium,valproate,hypnotics(including benzodiazepines, zopiclone, zolpidem) or formal psychotherapy treatment GPP 27
All patients should receive education about their disorder, including aetiology, treatment choices,and prognosis. GPP 28
</fullstring>
</guideline>
<guideline Category="Medical" FileName="cpg_Anxiety Disorders  Apr 2015 - Full Guidelines" Topic="Anxiety Anxiety Disorders" Year="2015" id="">
<session PageNumber="2" ReferencePage="30" SessionTitle="Executive summary of recommendations"/>
<classification Grade="GPP" Level="GPP"/>
<fullstring>
As local patients may show higher propensity for initial side effects of antidepressants (e.g. paradoxical excitation), starting doses for local
patients should be lower than those suggested by overseas guidelines. GPP 30
</fullstring>
</guideline>
<guideline Category="Medical" FileName="cpg_Anxiety Disorders  Apr 2015 - Full Guidelines" Topic="Anxiety Anxiety Disorders" Year="2015" id="">
<session PageNumber="2" ReferencePage="31" SessionTitle="Executive summary of recommendations"/>
<classification Grade="B" Level="2++"/>
<fullstring>
The Clinical Global Impression scales (both severity and improvement sub-scales) may be used to measure illness severity and treatment progress during consultations for anxiety disorders. Grade B,Level 2++ 31
</fullstring>
</guideline>
<guideline Category="Medical" FileName="cpg_Anxiety Disorders  Apr 2015 - Full Guidelines" Topic="Anxiety Anxiety Disorders" Year="2015" id="">
<session PageNumber="5" ReferencePage="33" SessionTitle="Management of Panic Disorder"/>
<classification Grade="A" Level="1+"/>
<fullstring>
Either SSRIs or venlafaxine should be used as first-line agents for the pharmacological treatment of panic disorder. Grade A,Level 1+ 33
</fullstring>
</guideline>
<guideline Category="Medical" FileName="cpg_Anxiety Disorders  Apr 2015 - Full Guidelines" Topic="Anxiety Anxiety Disorders" Year="2015" id="">
<session PageNumber="5" ReferencePage="33" SessionTitle="Management of Panic Disorder"/>
<classification Grade="A" Level="1+"/>
<fullstring>
Imipramine and clomipramine are effective and may be used as second-line treatment of panic disorder. Grade A,
Level 1+ 33
</fullstring>
</guideline>
<guideline Category="Medical" FileName="cpg_Anxiety Disorders  Apr 2015 - Full Guidelines" Topic="Anxiety Anxiety Disorders" Year="2015" id="">
<session PageNumber="5" ReferencePage="35" SessionTitle="Management of Panic Disorder"/>
<classification Grade="A" Level="1+"/>
<fullstring>
Benzodiazepines may be added to antidepressants in the short term to produce a more rapid therapeutic response in the treatment of panic disorder. In view of addictive potential, benzodiazepines should be tapered and withdrawn by 4 weeks. Grade A, Level 1+ 35
</fullstring>
</guideline>
<guideline Category="Medical" FileName="cpg_Anxiety Disorders  Apr 2015 - Full Guidelines" Topic="Anxiety Anxiety Disorders" Year="2015" id="">
<session PageNumber="5" ReferencePage="36" SessionTitle="Management of Panic Disorder"/>
<classification Grade="A" Level="1+"/>
<fullstring>
Depending on availability of treatment and patient
preference, CBT or combination therapy (i.e.
CBT and SSRIs or venlafaxine) may be used for
the treatment of panic disorder. Grade A,
Level 1++ 36
</fullstring>
</guideline>
<guideline Category="Medical" FileName="cpg_Anxiety Disorders  Apr 2015 - Full Guidelines" Topic="Anxiety Anxiety Disorders" Year="2015" id="">
<session PageNumber="6" ReferencePage="38" SessionTitle="Management of Generalised Anxiety Disorder (GAD)"/>
<classification Grade="A" Level="1++"/>
<fullstring>
Either SSRIs or venlafaxine should be used as first-line pharmacological treatment for patients with GAD. Grade A,Level 1++ 38
</fullstring>
</guideline>
<guideline Category="Medical" FileName="cpg_Anxiety Disorders  Apr 2015 - Full Guidelines" Topic="Anxiety Anxiety Disorders" Year="2015" id="">
<session PageNumber="6" ReferencePage="38" SessionTitle="Management of Generalised Anxiety Disorder (GAD)"/>
<classification Grade="A" Level="1+"/>
<fullstring>
14 Imipramine may be considered as a second-line treatment for GAD, in view of the possibility of poor tolerability and the danger of fatal overdosage. Grade A,
Level 1+ 38
</fullstring>
</guideline>
<guideline Category="Medical" FileName="cpg_Anxiety Disorders  Apr 2015 - Full Guidelines" Topic="Anxiety Anxiety Disorders" Year="2015" id="">
<session PageNumber="6" ReferencePage="38" SessionTitle="Management of Generalised Anxiety Disorder (GAD)"/>
<classification Grade="A" Level="1+"/>
<fullstring>
15 Mirtazapine may be considered as a second-line treatment for GAD due to its anxiolytic effects. Grade A,Level 1+ 38
</fullstring>
</guideline>
<guideline Category="Medical" FileName="cpg_Anxiety Disorders  Apr 2015 - Full Guidelines" Topic="Anxiety Anxiety Disorders" Year="2015" id="">
<session PageNumber="6" ReferencePage="39" SessionTitle="Management of Generalised Anxiety Disorder (GAD)"/>
<classification Grade="B" Level="1+"/>
<fullstring>
16 Benzodiazepines should not be used for the long-term treatment of GAD. Grade B,Level 1+ 39
</fullstring>
</guideline>
<guideline Category="Medical" FileName="cpg_Anxiety Disorders  Apr 2015 - Full Guidelines" Topic="Anxiety Anxiety Disorders" Year="2015" id="">
<session PageNumber="6" ReferencePage="39" SessionTitle="Management of Generalised Anxiety Disorder (GAD)"/>
<classification Grade="B" Level="2++"/>
<fullstring>
17 Pregabalin may be prescribed for patients with GAD as it has anxiolytic effects which may be more rapid acting. Due caution must be exercised
when prescribing to patients who are at risk of abusing substances. Grade B, Level 2++ 39
</fullstring>
</guideline>
<guideline Category="Medical" FileName="cpg_Anxiety Disorders  Apr 2015 - Full Guidelines" Topic="Anxiety Anxiety Disorders" Year="2015" id="">
<session PageNumber="6" ReferencePage="39" SessionTitle="Management of Generalised Anxiety Disorder (GAD)"/>
<classification Grade="C" Level="2+"/>
<fullstring>
18 Hydroxyzine may be used as adjunctive treatment together with other anxiolytic agents for treatment of GAD. Grade C,Level 2+ 39
</fullstring>
</guideline>
<guideline Category="Medical" FileName="cpg_Anxiety Disorders  Apr 2015 - Full Guidelines" Topic="Anxiety Anxiety Disorders" Year="2015" id="">
<session PageNumber="6" ReferencePage="39" SessionTitle="Management of Generalised Anxiety Disorder (GAD)"/>
<classification Grade="B" Level="1+"/>
<fullstring>
19 Propanolol is not recommended for the long-term treatment of generalised anxiety disorder. Grade B, Level 1+ 39
</fullstring>
</guideline>
<guideline Category="Medical" FileName="cpg_Anxiety Disorders  Apr 2015 - Full Guidelines" Topic="Anxiety Anxiety Disorders" Year="2015" id="">
<session PageNumber="6" ReferencePage="40" SessionTitle="Management of Generalised Anxiety Disorder (GAD)"/>
<classification Grade="A" Level="1+"/>
<fullstring>
20 Drug treatment for GAD needs to be continued for at least 32 weeks as high relapse rates were reported after discontinuing medications. Grade A,
Level 1+ 40
</fullstring>
</guideline>
<guideline Category="Medical" FileName="cpg_Anxiety Disorders  Apr 2015 - Full Guidelines" Topic="Anxiety Anxiety Disorders" Year="2015" id="">
<session PageNumber="6" ReferencePage="40" SessionTitle="Management of Generalised Anxiety Disorder (GAD)"/>
<classification Grade="A" Level="1++"/>
<fullstring>
21 CBT may be used as first-line psychotherapy treatment for GAD. Grade A,Level 1++ 40
</fullstring>
</guideline>
<guideline Category="Medical" FileName="cpg_Anxiety Disorders  Apr 2015 - Full Guidelines" Topic="Anxiety Anxiety Disorders" Year="2015" id="">
<session PageNumber="6" ReferencePage="40" SessionTitle="Management of Generalised Anxiety Disorder (GAD)"/>
<classification Grade="GPP" Level="GPP"/>
<fullstring>
22 A specialist’s opinion should be sought for patients with complex GAD and/or with marked functional impairment, or at high risk of self-harm. GPP 40
</fullstring>
</guideline>
<guideline Category="Medical" FileName="cpg_Anxiety Disorders  Apr 2015 - Full Guidelines" Topic="Anxiety Anxiety Disorders" Year="2015" id="">
<session PageNumber="7" ReferencePage="41" SessionTitle="Management of Specific Phobia"/>
<classification Grade="A" Level="1++"/>
<fullstring>
CBT should be used as first-line treatment of specific phobia.
</fullstring>
</guideline>
<guideline Category="Medical" FileName="cpg_Anxiety Disorders  Apr 2015 - Full Guidelines" Topic="Anxiety Anxiety Disorders" Year="2015" id="">
<session PageNumber="7" ReferencePage="42" SessionTitle="Management of Specific Phobia"/>
<classification Grade="B" Level="1+"/>
<fullstring>
24 Benzodiazepines may be used on a short-term
basis for temporary anxiety relief in specific
phobia, pending resolution of symptoms with
other forms of treatment. Grade B,
Level 1+ 42
</fullstring>
</guideline>
<guideline Category="Medical" FileName="cpg_Anxiety Disorders  Apr 2015 - Full Guidelines" Topic="Anxiety Anxiety Disorders" Year="2015" id="">
<session PageNumber="7" ReferencePage="43" SessionTitle="Management of Specific Phobia"/>
<classification Grade="A" Level="1++"/>
<fullstring>
Either pharmacotherapy or psychotherapy alone
may be used as first-line treatment for SAD,
depending on patient preferences, values and
economic considerations. Grade A,
Level
1++ 43
</fullstring>
</guideline>
<guideline Category="Medical" FileName="cpg_Anxiety Disorders  Apr 2015 - Full Guidelines" Topic="Anxiety Anxiety Disorders" Year="2015" id="">
<session PageNumber="7" ReferencePage="44" SessionTitle="Management of Social Anxiety Disorder (SAD)"/>
<classification Grade="A" Level="1++"/>
<fullstring>
26 Either SSRIs or venlafaxine should be used as
first-line pharmacotherapy for SAD. Grade A,
Level 1+ 44
</fullstring>
</guideline>
<guideline Category="Medical" FileName="cpg_Anxiety Disorders  Apr 2015 - Full Guidelines" Topic="Anxiety Anxiety Disorders" Year="2015" id="">
<session PageNumber="7" ReferencePage="44" SessionTitle="Management of Social Anxiety Disorder (SAD)"/>
<classification Grade="A" Level="1++"/>
<fullstring>
27 Moclobemide may be used for the treatment of
SAD if treatment with SSRIs or venlafaxine has
not been effective. Grade A,
Level 1+ 44
</fullstring>
</guideline>
<guideline Category="Medical" FileName="cpg_Anxiety Disorders  Apr 2015 - Full Guidelines" Topic="Anxiety Anxiety Disorders" Year="2015" id="">
<session PageNumber="7" ReferencePage="44" SessionTitle="Management of Social Anxiety Disorder (SAD)"/>
<classification Grade="A" Level="1++"/>
<fullstring>
Benzodiazepines may be used on a short-term
basis for temporary anxiety relief pending
resolution of phobic symptoms with other forms
of treatment. Grade A,
Level 1+ 44
</fullstring>
</guideline>
<guideline Category="Medical" FileName="cpg_Anxiety Disorders  Apr 2015 - Full Guidelines" Topic="Anxiety Anxiety Disorders" Year="2015" id="">
<session PageNumber="7" ReferencePage="45" SessionTitle="Management of Social Anxiety Disorder (SAD)"/>
<classification Grade="B" Level="2++"/>
<fullstring>
Beta-blockers (e.g. atenolol, propranolol) are not
recommended for the treatment of SAD as they
have been found ineffective. However, they may
be used for the treatment of performance anxiety
(e.g. playing an instrument, giving a speech). Grade B,
Level
2++ 45
</fullstring>
</guideline>
<guideline Category="Medical" FileName="cpg_Anxiety Disorders  Apr 2015 - Full Guidelines" Topic="Anxiety Anxiety Disorders" Year="2015" id="">
<session PageNumber="7" ReferencePage="45" SessionTitle="Management of Social Anxiety Disorder (SAD)"/>
<classification Grade="A" Level="1+"/>
<fullstring>
30 CBT should be used as first-line psychotherapy
treatment of SAD. Grade A,
Level 1+ 45
</fullstring>
</guideline>
<guideline Category="Medical" FileName="cpg_Anxiety Disorders  Apr 2015 - Full Guidelines" Topic="Anxiety Anxiety Disorders" Year="2015" id="">
<session PageNumber="7" ReferencePage="45" SessionTitle="Management of Social Anxiety Disorder (SAD)"/>
<classification Grade="B" Level="2++"/>
<fullstring>
31 Pharmacotherapy with SSRIs, venlafaxine, or
moclobemide in SAD should be continued for at
least 12 months to prevent relapse. Grade B,
Level 2++ 45
</fullstring>
</guideline>
<guideline Category="Medical" FileName="cpg_Anxiety Disorders  Apr 2015 - Full Guidelines" Topic="Anxiety Anxiety Disorders" Year="2015" id="">
<session PageNumber="8" ReferencePage="46" SessionTitle="Management of Obsessive-Compulsive Disorder (OCD)"/>
<classification Grade="A" Level="1++"/>
<fullstring>
Either pharmacotherapy or psychotherapy alone
may be chosen as first-line treatment for OCD,
depending on patient preferences, values and
economic considerations. Grade A,
Level 1++ 46
</fullstring>
</guideline>
<guideline Category="Medical" FileName="cpg_Anxiety Disorders  Apr 2015 - Full Guidelines" Topic="Anxiety Anxiety Disorders" Year="2015" id="">
<session PageNumber="8" ReferencePage="47" SessionTitle="Management of Obsessive-Compulsive Disorder (OCD)"/>
<classification Grade="A" Level="1++"/>
<fullstring>
The first-line pharmacological treatment for
OCD should be a 10-12 week trial with an SSRI
at adequate doses. Grade A,
Level 1++ 47
</fullstring>
</guideline>
<guideline Category="Medical" FileName="cpg_Anxiety Disorders  Apr 2015 - Full Guidelines" Topic="Anxiety Anxiety Disorders" Year="2015" id="">
<session PageNumber="8" ReferencePage="47" SessionTitle="Management of Obsessive-Compulsive Disorder (OCD)"/>
<classification Grade="A" Level="1++"/>
<fullstring>
Clomipramine may be used as a treatment for
OCD after an adequate trial of SSRI treatment
has failed. Grade A,
Level 1++ 47
</fullstring>
</guideline>
<guideline Category="Medical" FileName="cpg_Anxiety Disorders  Apr 2015 - Full Guidelines" Topic="Anxiety Anxiety Disorders" Year="2015" id="">
<session PageNumber="8" ReferencePage="48" SessionTitle="Management of Obsessive-Compulsive Disorder (OCD)"/>
<classification Grade="D" Level="4"/>
<fullstring>
An adequate treatment trial in OCD should last
for at least 12 weeks. If the patient does not
respond to treatment in adequate dosages, the
medication may be changed or specialist opinion
sought. Grade D,
Level 4 48
</fullstring>
</guideline>
<guideline Category="Medical" FileName="cpg_Anxiety Disorders  Apr 2015 - Full Guidelines" Topic="Anxiety Anxiety Disorders" Year="2015" id="">
<session PageNumber="8" ReferencePage="48" SessionTitle="Management of Obsessive-Compulsive Disorder (OCD)"/>
<classification Grade="A" Level="1+"/>
<fullstring>
Venlafaxine may be considered in patients who
have not responded to SSRIs and clomipramine.
Monitor blood pressure during treatment as
venlafaxine at high doses can raise blood
pressure. Grade A,
Level 1+ 48
</fullstring>
</guideline>
<guideline Category="Medical" FileName="cpg_Anxiety Disorders  Apr 2015 - Full Guidelines" Topic="Anxiety Anxiety Disorders" Year="2015" id="">
<session PageNumber="8" ReferencePage="49" SessionTitle="Management of Obsessive-Compulsive Disorder (OCD)"/>
<classification Grade="A" Level="1+"/>
<fullstring>
CBT may be used as first-line treatment for OCD
if patients prefer psychological treatment over
pharmacotherapy. Grade A,
Level 1+ 49
</fullstring>
</guideline>
<guideline Category="Medical" FileName="cpg_Anxiety Disorders  Apr 2015 - Full Guidelines" Topic="Anxiety Anxiety Disorders" Year="2015" id="">
<session PageNumber="8" ReferencePage="49" SessionTitle="Management of Obsessive-Compulsive Disorder (OCD)"/>
<classification Grade="A" Level="1+"/>
<fullstring>
CBT augmentation of serotonergic antidepressants (e.g. SSRIs, clomipramine) in the
treatment of OCD may be considered for those
who are treatment-resistant or partially
responsive to medications. Grade B,
Level 1+ 49
</fullstring>
</guideline>
<guideline Category="Medical" FileName="cpg_Anxiety Disorders  Apr 2015 - Full Guidelines" Topic="Anxiety Anxiety Disorders" Year="2015" id="">
<session PageNumber="8" ReferencePage="49" SessionTitle="Management of Obsessive-Compulsive Disorder (OCD)"/>
<classification Grade="A" Level="1+"/>
<fullstring>
Patients with OCD who respond to
antidepressants in the acute phase should be
continued on their medication for at least 12
months. Grade A,Level 1+ 49
</fullstring>
</guideline>
<guideline Category="Medical" FileName="cpg_Anxiety Disorders  Apr 2015 - Full Guidelines" Topic="Anxiety Anxiety Disorders" Year="2015" id="">
<session PageNumber="9" ReferencePage="51" SessionTitle="Management of Obsessive-Compulsive Disorder (OCD)"/>
<classification Grade="A" Level="1++"/>
<fullstring>
Either the SSRIs or venlafaxine may be used as first-line pharmacological treatment for PTSD.
</fullstring>
</guideline>
<guideline Category="Medical" FileName="cpg_Anxiety Disorders  Apr 2015 - Full Guidelines" Topic="Anxiety Anxiety Disorders" Year="2015" id="">
<session PageNumber="9" ReferencePage="51" SessionTitle="Management of Obsessive-Compulsive Disorder (OCD)"/>
<classification Grade="B" Level="1+"/>
<fullstring>
41 Mirtazapine may be considered as a second-line
treatment for PTSD. Grade B,
Level 1+ 51
</fullstring>
</guideline>
<guideline Category="Medical" FileName="cpg_Anxiety Disorders  Apr 2015 - Full Guidelines" Topic="Anxiety Anxiety Disorders" Year="2015" id="">
<session PageNumber="9" ReferencePage="52" SessionTitle="Management of Obsessive-Compulsive Disorder (OCD)"/>
<classification Grade="A" Level="1+"/>
<fullstring>
42 Either amitriptyline or imipramine may be
considered for PTSD if the first-line and second-
line treatments are ineffective or poorly tolerated. Grade A,
Level 1+ 52
</fullstring>
</guideline>
<guideline Category="Medical" FileName="cpg_Anxiety Disorders  Apr 2015 - Full Guidelines" Topic="Anxiety Anxiety Disorders" Year="2015" id="">
<session PageNumber="9" ReferencePage="52" SessionTitle="Management of Obsessive-Compulsive Disorder (OCD)"/>
<classification Grade="A" Level="1+"/>
<fullstring>
43 Benzodiazepines should not be used for the
treatment of PTSD. Grade A,
Level 1+ 52
</fullstring>
</guideline>
<guideline Category="Medical" FileName="cpg_Anxiety Disorders  Apr 2015 - Full Guidelines" Topic="Anxiety Anxiety Disorders" Year="2015" id="">
<session PageNumber="9" ReferencePage="52" SessionTitle="Management of Obsessive-Compulsive Disorder (OCD)"/>
<classification Grade="B" Level="1+"/>
<fullstring>
44 Risperidone,
olanzapine,
quetiapine,
and
lamotrigine may be prescribed as adjunctive
treatments for PTSD in conjunction with the
SSRIs. Grade B,
Level 1+ 52
</fullstring>
</guideline>
<guideline Category="Medical" FileName="cpg_Anxiety Disorders  Apr 2015 - Full Guidelines" Topic="Anxiety Anxiety Disorders" Year="2015" id="">
<session PageNumber="9" ReferencePage="53" SessionTitle="Management of Obsessive-Compulsive Disorder (OCD)"/>
<classification Grade="D" Level="4"/>
<fullstring>
45 Pharmacological treatment for PTSD should be
continued for at least 12 months. Grade D,
Level 4 53
</fullstring>
</guideline>
<guideline Category="Medical" FileName="cpg_Anxiety Disorders  Apr 2015 - Full Guidelines" Topic="Anxiety Anxiety Disorders" Year="2015" id="">
<session PageNumber="9" ReferencePage="53" SessionTitle="Management of Obsessive-Compulsive Disorder (OCD)"/>
<classification Grade="A" Level="1+"/>
<fullstring>
46 CBT should be used as the first-line psychological
treatment for PTSD. Grade A,
Level 1+ 53
</fullstring>
</guideline>
<guideline Category="Medical" FileName="cpg_Anxiety Disorders  Apr 2015 - Full Guidelines" Topic="Anxiety Anxiety Disorders" Year="2015" id="">
<session PageNumber="9" ReferencePage="54" SessionTitle="Management of Obsessive-Compulsive Disorder (OCD)"/>
<classification Grade="B" Level="2++"/>
<fullstring>
47 Eye Movement Desensitisation and Reprocessing
therapy may be used as second-line treatment for Grade B,
Level 2++
PTSD. 54
</fullstring>
</guideline>
<guideline Category="Medical" FileName="cpg_Anxiety Disorders  Apr 2015 - Full Guidelines" Topic="Anxiety Anxiety Disorders" Year="2015" id="">
<session PageNumber="9" ReferencePage="54" SessionTitle="Management of Obsessive-Compulsive Disorder (OCD)"/>
<classification Grade="B" Level="1+"/>
<fullstring>
If CBT or eye movement desensitisation and
reprocessing therapy for PTSD are contraindicated
or have failed, combination therapy (i.e. CBT plus
pharmacotherapy) may be used as an alternative
treatment.
</fullstring>
</guideline>
<guideline Category="Medical" FileName="cpg_Anxiety Disorders  Apr 2015 - Full Guidelines" Topic="Anxiety Anxiety Disorders" Year="2015" id="">
<session PageNumber="10" ReferencePage="55" SessionTitle="Management of Obsessive-Compulsive Disorder (OCD)"/>
<classification Grade="D" Level="4"/>
<fullstring>
If a woman is planning a pregnancy or becomes
pregnant while on medication for an anxiety
disorder, consider:
stopping medication and starting CBT, if necessary and if not already tried.
 switching to a safer drug, if the decision is to maintain her on medication.
</fullstring>
</guideline>
<guideline Category="Medical" FileName="cpg_Anxiety Disorders  Apr 2015 - Full Guidelines" Topic="Anxiety Anxiety Disorders" Year="2015" id="">
<session PageNumber="10" ReferencePage="55" SessionTitle="Management of Obsessive-Compulsive Disorder (OCD)"/>
<classification Grade="D" Level="4"/>
<fullstring>
When prescribing a drug for a woman with an anxiety disorder who is planning a pregnancy, already pregnant, or breastfeeding:
 choose drugs with the lowest risk potential for the mother and foetus/infant start at the lowest effective dose, and slowly titrate upwards
 continue for the shortest possible duration use monotherapy instead of combination treatment.
</fullstring>
</guideline>
<guideline Category="Medical" FileName="cpg_Anxiety Disorders  Apr 2015 - Full Guidelines" Topic="Anxiety Anxiety Disorders" Year="2015" id="">
<session PageNumber="10" ReferencePage="57" SessionTitle="Management of Obsessive-Compulsive Disorder (OCD)"/>
<classification Grade="C" Level="2+"/>
<fullstring>
Sertraline, paroxetine and citalopram should be avoided during pregnancy.
</fullstring>
</guideline>
<guideline Category="Medical" FileName="cpg_Anxiety Disorders  Apr 2015 - Full Guidelines" Topic="Anxiety Anxiety Disorders" Year="2015" id="">
<session PageNumber="10" ReferencePage="59" SessionTitle="Management of Obsessive-Compulsive Disorder (OCD)"/>
<classification Grade="D" Level="4"/>
<fullstring>
Benzodiazepines should not be routinely prescribed for pregnant and breastfeeding women, except for the short-term treatment of extreme
anxiety and agitation. 
</fullstring>
</guideline>
<guideline Category="Medical" FileName="cpg_Anxiety Disorders  Apr 2015 - Full Guidelines" Topic="Anxiety Anxiety Disorders" Year="2015" id="">
<session PageNumber="10" ReferencePage="59" SessionTitle="Management of Obsessive-Compulsive Disorder (OCD)"/>
<classification Grade="GPP" Level="GPP"/>
<fullstring>
The risk-benefit ratio of
prescribing benzodiazepines should be assessed on a case-by-case basis; use the lowest dose for the shortest
time, or avoid prescribing at all during the first trimester. GPP 59
</fullstring>
</guideline>
<guideline Category="Medical" FileName="cpg_Anxiety Disorders  Apr 2015 - Full Guidelines" Topic="Anxiety Anxiety Disorders" Year="2015" id="">
<session PageNumber="10" ReferencePage="59" SessionTitle="Management of Obsessive-Compulsive Disorder (OCD)"/>
<classification Grade="D" Level="3"/>
<fullstring>
A typical antipsychotics should be prescribed with caution in patients suffering from or at risk of
gestational diabetes.
</fullstring>
</guideline>
<guideline Category="Medical" FileName="cpg_Anxiety Disorders  Apr 2015 - Full Guidelines" Topic="Anxiety Anxiety Disorders" Year="2015" id="">
<session PageNumber="10" ReferencePage="60" SessionTitle="Management of Obsessive-Compulsive Disorder (OCD)"/>
<classification Grade="D" Level="3"/>
<fullstring>
Medication for nursing mothers should be maintained at the lowest effective dose to minimise infant exposure. 
</fullstring>
</guideline>
<guideline Category="Medical" FileName="cpg_Anxiety Disorders  Apr 2015 - Full Guidelines" Topic="Anxiety Anxiety Disorders" Year="2015" id="">
<session PageNumber="11" ReferencePage="60" SessionTitle="Management of Obsessive-Compulsive Disorder (OCD)"/>
<classification Grade="D" Level="3"/>
<fullstring>
When antidepressant treatment is indicated in the
postpartum period, women should generally not
be advised to discontinue breastfeeding. Grade D,
Level 3 60
</fullstring>
</guideline>
<guideline Category="Medical" FileName="cpg_Anxiety Disorders  Apr 2015 - Full Guidelines" Topic="Anxiety Anxiety Disorders" Year="2015" id="">
<session PageNumber="11" ReferencePage="61" SessionTitle="Management of Obsessive-Compulsive Disorder (OCD)"/>
<classification Grade="D" Level="3"/>
<fullstring>
Treatment with paroxetine or sertraline should be preferred over other SSRIs in treatment-naive breastfeeding women due to the low infant
exposure to these drugs.
</fullstring>
</guideline>
<guideline Category="Medical" FileName="cpg_Anxiety Disorders  Apr 2015 - Full Guidelines" Topic="Anxiety Anxiety Disorders" Year="2015" id="">
<session PageNumber="11" ReferencePage="61" SessionTitle="Management of Obsessive-Compulsive Disorder (OCD)"/>
<classification Grade="D" Level="4"/>
<fullstring>
Drugs for which little data exist, such as fluvoxamine, venlafaxine, bupropion and mirtazapine, should not be considered as first-line
therapies in breastfeeding women, but they may be used in special cases.
</fullstring>
</guideline>
<guideline Category="Medical" FileName="cpg_Anxiety Disorders  Apr 2015 - Full Guidelines" Topic="Anxiety Anxiety Disorders" Year="2015" id="">
<session PageNumber="11" ReferencePage="61" SessionTitle="Management of Obsessive-Compulsive Disorder (OCD)"/>
<classification Grade="D" Level="4"/>
<fullstring>
If mothers have been successfully treated with a particular SSRI, TCA, or SNRI, this drug should be the first-line treatment if there are no
contraindications. An individual risk-benefit assessment should always be done before starting antidepressants. 
</fullstring>
</guideline>
<guideline Category="Medical" FileName="cpg_Anxiety Disorders  Apr 2015 - Full Guidelines" Topic="Anxiety Anxiety Disorders" Year="2015" id="">
<session PageNumber="11" ReferencePage="62" SessionTitle="Management of Obsessive-Compulsive Disorder (OCD)"/>
<classification Grade="GPP" Level="GPP"/>
<fullstring>
Women on long term treatment with high dose benzodiazepines should continue to breastfeed, as stopping of benzodiazepine may precipitate
withdrawal symptoms in the infant. Gradual tapering and stopping of benzodiazepines may be attempted at a later stage when the infant has
grown bigger.
</fullstring>
</guideline>
<guideline Category="Medical" FileName="cpg_Anxiety Disorders  Apr 2015 - Full Guidelines" Topic="Anxiety Anxiety Disorders" Year="2015" id="">
<session PageNumber="11" ReferencePage="62" SessionTitle="Management of Obsessive-Compulsive Disorder (OCD)"/>
<classification Grade="D" Level="4"/>
<fullstring>
During maternal treatment with benzodiazepines, infants should be monitored for signs of sedation, lethargy, poor feeding and weight loss.
</fullstring>
</guideline>
<guideline Category="Medical" FileName="cpg_Anxiety Disorders  Apr 2015 - Full Guidelines" Topic="Anxiety Anxiety Disorders" Year="2015" id="">
<session PageNumber="16" ReferencePage="" SessionTitle="Management of Obsessive-Compulsive Disorder (OCD)"/>
<classification Grade="GPP" Level="GPP"/>
<fullstring>
GPP A diagnosis of anxiety disorder should be considered
only after appropriate clinical evaluation and investigation to
rule out general medical conditions have been done.
GPP
</fullstring>
</guideline>
<guideline Category="Medical" FileName="cpg_Anxiety Disorders  Apr 2015 - Full Guidelines" Topic="Anxiety Anxiety Disorders" Year="2015" id="">
<session PageNumber="22" ReferencePage="" SessionTitle="Management of Obsessive-Compulsive Disorder (OCD)"/>
<classification Grade="GPP" Level="GPP"/>
<fullstring>
GPP The initial management of anxiety disorders should
ideally be instituted at the primary care level. The
recommended framework for the management of anxiety
disorders in primary care is described in Figure 2.
GPP
</fullstring>
</guideline>
<guideline Category="Medical" FileName="cpg_Anxiety Disorders  Apr 2015 - Full Guidelines" Topic="Anxiety Anxiety Disorders" Year="2015" id="">
<session PageNumber="22" ReferencePage="" SessionTitle="Management of Obsessive-Compulsive Disorder (OCD)"/>
<classification Grade="D" Level="4"/>
<fullstring>
D The following may be instituted in primary care
immediately after diagnosis: 17
Educating patient on nature and origin of anxiety
symptoms and providing appropriate reassurance,
e.g. not having a ‘heart attack’ or ‘going crazy’
Suggestion of lifestyle changes as appropriate:
- Stress reduction strategies
- Reducing alcohol and caffeine intake
- Avoiding nicotine and drug use
- Regular exercise
Supportive counselling
Symptomatic relief with medication prescribed on a
short-term basis
Evaluation and mobilisation of family and social
resources
Monitoring and addressing early signs of relapse
</fullstring>
</guideline>
<guideline Category="Medical" FileName="cpg_Anxiety Disorders  Apr 2015 - Full Guidelines" Topic="Anxiety Anxiety Disorders" Year="2015" id="">
<session PageNumber="27" ReferencePage="" SessionTitle="Management of Obsessive-Compulsive Disorder (OCD)"/>
<classification Grade="GPP" Level="GPP"/>
<fullstring>
GPP Consider transferring patients with anxiety disorders from psychiatric to primary care for long-term management if they have the following characteristics:
Aged 18 or older 
Stabilised for the past 3 months
No psychiatric hospitalisation in the past 6 months
No history of forensic or substance abuse
No disruptive personality disorders
Non suicidal
No history of aggressive behaviour
Not currently receiving clozapine, lithium, valproate,
hypnotics (including benzodiazepines, zopiclone,
zolpidem) or formal psychotherapy treatment
</fullstring>
</guideline>
<guideline Category="Medical" FileName="cpg_Anxiety Disorders  Apr 2015 - Full Guidelines" Topic="Anxiety Anxiety Disorders" Year="2015" id="">
<session PageNumber="28" ReferencePage="" SessionTitle="Psychological treatment: General principles"/>
<classification Grade="GPP" Level="GPP"/>
<fullstring>
GPP All patients should receive education about their
disorder, including prognosis. aetiology,treatment choices, and
GPP
</fullstring>
</guideline>
<guideline Category="Medical" FileName="cpg_Anxiety Disorders  Apr 2015 - Full Guidelines" Topic="Anxiety Anxiety Disorders" Year="2015" id="">
<session PageNumber="30" ReferencePage="25" SessionTitle="Pharmacological treatment: Dosage guidelines"/>
<classification Grade="GPP" Level="GPP"/>
<fullstring>
As local patients may show higher propensity for initial side effects of antidepressants (e.g. paradoxical excitation), starting doses for local patients should be lower
than those suggested by overseas guidelines. 
</fullstring>
</guideline>
<guideline Category="Medical" FileName="cpg_Anxiety Disorders  Apr 2015 - Full Guidelines" Topic="Anxiety Anxiety Disorders" Year="2015" id="">
<session PageNumber="31" ReferencePage="" SessionTitle="Pharmacological treatment: Dosage guidelines"/>
<classification Grade="B" Level="2++"/>
<fullstring>
B The Clinical Global Impression scales (both severity and
improvement sub-scales; refer to Annex A) may be used to
measure illness severity and treatment progress during
consultations for anxiety disorders.
Grade B, Level 2++
</fullstring>
</guideline>
<guideline Category="Medical" FileName="cpg_Anxiety Disorders  Apr 2015 - Full Guidelines" Topic="Anxiety Anxiety Disorders" Year="2015" id="">
<session PageNumber="33" ReferencePage="" SessionTitle="Pharmacological treatments: SNRIs"/>
<classification Grade="A" Level="1+"/>
<fullstring>
A Either SSRIs or venlafaxine should be used as first-line
agents for the pharmacological treatment of panic disorder.
Grade A, Level 1+
</fullstring>
</guideline>
<guideline Category="Medical" FileName="cpg_Anxiety Disorders  Apr 2015 - Full Guidelines" Topic="Anxiety Anxiety Disorders" Year="2015" id="">
<session PageNumber="33" ReferencePage="54-55" SessionTitle="Pharmacological treatments: TCAs"/>
<classification Grade="A" Level="1+"/>
<fullstring>
A Imipramine and clomipramine are effective and may be
used as second-line treatment of panic disorder. 54, 55
Grade A, Level 1+
</fullstring>
</guideline>
<guideline Category="Medical" FileName="cpg_Anxiety Disorders  Apr 2015 - Full Guidelines" Topic="Anxiety Anxiety Disorders" Year="2015" id="">
<session PageNumber="35" ReferencePage="67-68" SessionTitle="Pharmacological treatments: TCAs"/>
<classification Grade="A" Level="1+"/>
<fullstring>
A Benzodiazepines may be added to antidepressants in the
short term (up to 4 weeks) to produce a more rapid
therapeutic response in the treatment of panic disorder. 67-69 In
view of their addictive potential, benzodiazepines should be
tapered and withdrawn by 4 weeks . 67, 68
Grade A, Level 1+
</fullstring>
</guideline>
<guideline Category="Medical" FileName="cpg_Anxiety Disorders  Apr 2015 - Full Guidelines" Topic="Anxiety Anxiety Disorders" Year="2015" id="">
<session PageNumber="36" ReferencePage="75" SessionTitle="Combination therapy"/>
<classification Grade="A" Level="1++"/>
<fullstring>
A Depending Depending on on availability of treatment availability of treatment and and patient patient preference, cognitive behaviour therapy or combination
therapy (i.e. cognitive behaviour therapy and SSRIs or venlafaxine) may be used for the treatment of panic disorder. 75
Grade A, Level 1++
</fullstring>
</guideline>
<guideline Category="Medical" FileName="cpg_Anxiety Disorders  Apr 2015 - Full Guidelines" Topic="Anxiety Anxiety Disorders" Year="2015" id="">
<session PageNumber="38" ReferencePage="75" SessionTitle="SSRIs and venlafaxine"/>
<classification Grade="A" Level="1++"/>
<fullstring>
A Either SSRIs or venlafaxine should be used as first-line
pharmacological treatment for patients with generalised
anxiety disorder.Grade A, Level 1++
</fullstring>
</guideline>
<guideline Category="Medical" FileName="cpg_Anxiety Disorders  Apr 2015 - Full Guidelines" Topic="Anxiety Anxiety Disorders" Year="2015" id="">
<session PageNumber="38" ReferencePage="54-55" SessionTitle="Pharmacological treatments: TCAs"/>
<classification Grade="A" Level="1+"/>
<fullstring>
A Imipramine may be considered as a second-line treatment
option for generalised anxiety disorder, in view of the
possibility of poor tolerability and the danger of fatal
overdosage.
Grade A, Level 1+
</fullstring>
</guideline>
<guideline Category="Medical" FileName="cpg_Anxiety Disorders  Apr 2015 - Full Guidelines" Topic="Anxiety Anxiety Disorders" Year="2015" id="">
<session PageNumber="38" ReferencePage="97-98" SessionTitle="Mirtazapine"/>
<classification Grade="A" Level="1+"/>
<fullstring>
A Mirtazapine may be considered as a second-line treatment for generalised anxiety disorder due to its anxiolytic
effects. 
</fullstring>
</guideline>
<guideline Category="Medical" FileName="cpg_Anxiety Disorders  Apr 2015 - Full Guidelines" Topic="Anxiety Anxiety Disorders" Year="2015" id="">
<session PageNumber="39" ReferencePage="" SessionTitle="Benzodiazepines"/>
<classification Grade="B" Level="1+"/>
<fullstring>
B Benzodiazepines should not be used for the long -term
treatment of generalised anxiety disorder.
Grade B, Level 1+
</fullstring>
</guideline>
<guideline Category="Medical" FileName="cpg_Anxiety Disorders  Apr 2015 - Full Guidelines" Topic="Anxiety Anxiety Disorders" Year="2015" id="">
<session PageNumber="39" ReferencePage="" SessionTitle="Other drugs"/>
<classification Grade="B" Level="2++"/>
<fullstring>
B Pregabalin may be prescribed for patients with generalised
anxiety disorder as it has anxiolytic effects which may be
more rapid acting. Due caution must be exercised when
prescribing to patients who are at risk of abusing substances.
Grade B, Level 2++
</fullstring>
</guideline>
<guideline Category="Medical" FileName="cpg_Anxiety Disorders  Apr 2015 - Full Guidelines" Topic="Anxiety Anxiety Disorders" Year="2015" id="">
<session PageNumber="39" ReferencePage="" SessionTitle="Other drugs"/>
<classification Grade="C" Level="2+"/>
<fullstring>
C Hydroxyzine may be used as adjunctive treatment together
with other anxiolytic agents for treatment of generalised
anxiety disorder. 109
Grade C, Level 2+
</fullstring>
</guideline>
<guideline Category="Medical" FileName="cpg_Anxiety Disorders  Apr 2015 - Full Guidelines" Topic="Anxiety Anxiety Disorders" Year="2015" id="">
<session PageNumber="39" ReferencePage="" SessionTitle="Other drugs"/>
<classification Grade="B" Level="1+"/>
<fullstring>
B Propranolol is not recommended for the long-term treatment of generalised anxiety disorder.
</fullstring>
</guideline>
<guideline Category="Medical" FileName="cpg_Anxiety Disorders  Apr 2015 - Full Guidelines" Topic="Anxiety Anxiety Disorders" Year="2015" id="">
<session PageNumber="39" ReferencePage="" SessionTitle="Other drugs"/>
<classification Grade="A" Level="1+"/>
<fullstring>
A Drug treatment for generalised anxiety disorder needs to
be continued for at least 32 weeks as high relapse rates were
reported after discontinuing medications. 86
Grade A, Level 1+
</fullstring>
</guideline>
<guideline Category="Medical" FileName="cpg_Anxiety Disorders  Apr 2015 - Full Guidelines" Topic="Anxiety Anxiety Disorders" Year="2015" id="">
<session PageNumber="39" ReferencePage="" SessionTitle="Other drugs"/>
<classification Grade="GPP" Level="GPP"/>
<fullstring>
GPP A specialist’s opinion should be sought for patients
with complex generalised anxiety disorder and/or with
marked functional impairment, or at high risk of self-harm.
GPP
</fullstring>
</guideline>
<guideline Category="Medical" FileName="cpg_Anxiety Disorders  Apr 2015 - Full Guidelines" Topic="Anxiety Anxiety Disorders" Year="2015" id="">
<session PageNumber="41" ReferencePage="" SessionTitle="Treatement"/>
<classification Grade="B" Level="1++"/>
<fullstring>
A Cognitive behaviour therapy should be used as first-line
treatment of specific phobia.
Grade A, Level 1++
</fullstring>
</guideline>
<guideline Category="Medical" FileName="cpg_Anxiety Disorders  Apr 2015 - Full Guidelines" Topic="Anxiety Anxiety Disorders" Year="2015" id="">
<session PageNumber="42" ReferencePage="126-127" SessionTitle="Treatement"/>
<classification Grade="B" Level="1+"/>
<fullstring>
B Benzodiazepines may be used on a short-term basis for
temporary anxiety relief in specific phobia, pending
resolution of symptoms with other forms of treatment. 126, 127
Grade B, Level 1+
</fullstring>
</guideline>
<guideline Category="Medical" FileName="cpg_Anxiety Disorders  Apr 2015 - Full Guidelines" Topic="Anxiety Anxiety Disorders" Year="2015" id="">
<session PageNumber="42" ReferencePage="126-127" SessionTitle="Treatement"/>
<classification Grade="B" Level="1+"/>
<fullstring>
Benzodiazepines may be used on a short-term basis for
temporary anxiety relief in specific phobia, pending.
Grade B, Level 1+
</fullstring>
</guideline>
<guideline Category="Medical" FileName="cpg_Anxiety Disorders  Apr 2015 - Full Guidelines" Topic="Anxiety Anxiety Disorders" Year="2015" id="">
<session PageNumber="42" ReferencePage="78,115,135" SessionTitle="Treatement"/>
<classification Grade="A" Level="1++"/>
<fullstring>
Either pharmacotherapy or psychotherapy alone may be used as first-line treatment for social anxiety disorder, depending on patient preferences, values and economic
considerations. 78, 115, 135 Grade A, Level 1++
</fullstring>
</guideline>
<guideline Category="Medical" FileName="cpg_Anxiety Disorders  Apr 2015 - Full Guidelines" Topic="Anxiety Anxiety Disorders" Year="2015" id="">
<session PageNumber="42" ReferencePage="78,115,135" SessionTitle="Treatement"/>
<classification Grade="B" Level="2++"/>
<fullstring>
Beta-blockers (e.g. atenolol, 148 propranolol 149 ) are not recommended for the treatment of social anxiety disorder as they have been found ineffective. However, they may be used for the treatment of performance anxiety (e.g. giving a speech). 
</fullstring>
</guideline>
<guideline Category="Medical" FileName="cpg_Anxiety Disorders  Apr 2015 - Full Guidelines" Topic="Anxiety Anxiety Disorders" Year="2015" id="">
<session PageNumber="45" ReferencePage="75,151-153" SessionTitle="Psychotherapies"/>
<classification Grade="A" Level="1+"/>
<fullstring>
Cognitive behaviour therapy should be used as first-line psychotherapy treatment of social anxiety disorder.
</fullstring>
</guideline>
<guideline Category="Medical" FileName="cpg_Anxiety Disorders  Apr 2015 - Full Guidelines" Topic="Anxiety Anxiety Disorders" Year="2015" id="">
<session PageNumber="46" ReferencePage="163-166" SessionTitle="Psychotherapies"/>
<classification Grade="A" Level="1++"/>
<fullstring>
Either pharmacotherapy or psychotherapy alone may be chosen as first-line treatment for obsessive-compulsive disorder, depending on patient preferences, values and
economic considerations. 163-166 Grade A, Level 1++
</fullstring>
</guideline>
<guideline Category="Medical" FileName="cpg_Anxiety Disorders  Apr 2015 - Full Guidelines" Topic="Anxiety Anxiety Disorders" Year="2015" id="">
<session PageNumber="46" ReferencePage="163-166" SessionTitle="Psychotherapies"/>
<classification Grade="A" Level="1++"/>
<fullstring>
D An adequate treatment trial in obsessive-compulsive
disorder should last for at least 12 weeks. If the patient does
not respond to treatment in adequate dosages, the medication
may be changed or specialist opinion sought.
Grade D, Level 4
</fullstring>
</guideline>
<guideline Category="Medical" FileName="cpg_Anxiety Disorders  Apr 2015 - Full Guidelines" Topic="Anxiety Anxiety Disorders" Year="2015" id="">
<session PageNumber="46" ReferencePage="" SessionTitle="Psychotherapies"/>
<classification Grade="A" Level="1+"/>
<fullstring>
A Venlafaxine may be considered in patients who have not responded to SSRIs and clomipramine. Monitor blood pressure during treatment as venlafaxine at high doses can raise blood pressure.
Grade A, Level 1+
</fullstring>
</guideline>
<guideline Category="Medical" FileName="cpg_Anxiety Disorders  Apr 2015 - Full Guidelines" Topic="Anxiety Anxiety Disorders" Year="2015" id="">
<session PageNumber="51" ReferencePage="75,218" SessionTitle="Psychotherapies"/>
<classification Grade="A" Level="1+"/>
<fullstring>
Cognitive behaviour therapy should be used as the first-
line psychological treatment for post-traumatic stress
disorder. 75, 219
</fullstring>
</guideline>
<guideline Category="Medical" FileName="cpg_Anxiety Disorders  Apr 2015 - Full Guidelines" Topic="Anxiety Anxiety Disorders" Year="2015" id="">
<session PageNumber="51" ReferencePage="" SessionTitle="Psychotherapies"/>
<classification Grade="D" Level="4"/>
<fullstring>
When prescribing a drug for a woman with an anxiety
disorder who is planning to become pregnant, already
pregnant, or is breastfeeding: 249
choose drugs with the lowest risk potential for the
mother and the foetus/infant
start at the lowest effective dose, and slowly titrate
upwards
continue for the shortest possible duration 250
use monotherapy instead of combination treatment 250
</fullstring>
</guideline>
<guideline Category="Medical" FileName="cpg_Anxiety Disorders  Apr 2015 - Full Guidelines" Topic="Anxiety Anxiety Disorders" Year="2015" id="">
<session PageNumber="51" ReferencePage="" SessionTitle="Psychotherapies"/>
<classification Grade="C" Level="2+"/>
<fullstring>
C Sertraline, paroxetine 258-260 and citalopram 253,255 should be
avoided during pregnancy.Grade C, Level 2+
</fullstring>
</guideline>
<guideline Category="Medical" FileName="cpg_Anxiety Disorders  Apr 2015 - Full Guidelines" Topic="Anxiety Anxiety Disorders" Year="2015" id="">
<session PageNumber="56" ReferencePage="" SessionTitle="Management of Anxiety Disorders in Pregnancy"/>
<classification Grade="D" Level="4"/>
<fullstring>
If a woman is planning a pregnancy or becomes pregnant
while on medication for an anxiety disorder, consider: 249
stopping medication and starting cognitive behaviour
therapy, if necessary and if not already tried.
switching to a safer drug, if the decision is to maintain
her on medication.
Grade D, Level 4
</fullstring>
</guideline>
<guideline Category="Medical" FileName="cpg_Anxiety Disorders  Apr 2015 - Full Guidelines" Topic="Anxiety Anxiety Disorders" Year="2015" id="">
<session PageNumber="56" ReferencePage="" SessionTitle="Management of Anxiety Disorders in Pregnancy"/>
<classification Grade="D" Level="4"/>
<fullstring>
D If a woman is planning a pregnancy or becomes pregnant while on medication for an anxiety disorder, consider: 249
stopping medication and starting cognitive behaviour therapy, if necessary and if not already tried.switching to a safer drug, if the decision is to maintain
her on medication.Grade D, Level 4
</fullstring>
</guideline>
<guideline Category="Medical" FileName="cpg_Anxiety Disorders  Apr 2015 - Full Guidelines" Topic="Anxiety Anxiety Disorders" Year="2015" id="">
<session PageNumber="56" ReferencePage="" SessionTitle="Management of Anxiety Disorders in Pregnancy"/>
<classification Grade="C" Level="2+"/>
<fullstring>
Sertraline, paroxetine 258-260 and citalopram 253,255 should be avoided during pregnancy. Grade C, Level 2+
</fullstring>
</guideline>
<guideline Category="Medical" FileName="cpg_Anxiety Disorders  Apr 2015 - Full Guidelines" Topic="Anxiety Anxiety Disorders" Year="2015" id="">
<session PageNumber="59" ReferencePage="" SessionTitle="Management of Anxiety Disorders in Pregnancy"/>
<classification Grade="D" Level="4"/>
<fullstring>
Benzodiazepines should not be routinely prescribed for
pregnant and breastfeeding women, except for the short-term
treatment of extreme anxiety and agitation. 269
Grade D, Level 4
</fullstring>
</guideline>
<guideline Category="Medical" FileName="cpg_Anxiety Disorders  Apr 2015 - Full Guidelines" Topic="Anxiety Anxiety Disorders" Year="2015" id="">
<session PageNumber="59" ReferencePage="" SessionTitle="Management of Anxiety Disorders in Pregnancy"/>
<classification Grade="GPP" Level="GPP"/>
<fullstring>
GPP The risk-benefit ratio of prescribing benzodiazepines
should be assessed on a case-by-case basis; use the lowest
dose for the shortest time, or avoid prescribing at all during
the first trimester.
</fullstring>
</guideline>
<guideline Category="Medical" FileName="cpg_Anxiety Disorders  Apr 2015 - Full Guidelines" Topic="Anxiety Anxiety Disorders" Year="2015" id="">
<session PageNumber="59" ReferencePage="" SessionTitle="Management of Anxiety Disorders in Pregnancy"/>
<classification Grade="D" Level="3"/>
<fullstring>
A typical antipsychotics should be prescribed with caution in patients suffering from or at risk of gestational diabetes.Grade D, Level 3
</fullstring>
</guideline>
<guideline Category="Medical" FileName="cpg_Anxiety Disorders  Apr 2015 - Full Guidelines" Topic="Anxiety Anxiety Disorders" Year="2015" id="">
<session PageNumber="59" ReferencePage="" SessionTitle="Management of Anxiety Disorders in Pregnancy"/>
<classification Grade="D" Level="3"/>
<fullstring>
D Medication for nursing mothers should be maintained at
the lowest effective dose to minimise infant exposure. 274
Grade D, Level 3
</fullstring>
</guideline>
<guideline Category="Medical" FileName="cpg_Anxiety Disorders  Apr 2015 - Full Guidelines" Topic="Anxiety Anxiety Disorders" Year="2015" id="">
<session PageNumber="60" ReferencePage="" SessionTitle="Management of Anxiety Disorders in Pregnancy"/>
<classification Grade="D" Level="3"/>
<fullstring>
Medication for nursing mothers should be maintained at
the lowest effective dose to minimise infant exposure. 274
Grade D, Level 3
</fullstring>
</guideline>
<guideline Category="Medical" FileName="cpg_Anxiety Disorders  Apr 2015 - Full Guidelines" Topic="Anxiety Anxiety Disorders" Year="2015" id="">
<session PageNumber="60" ReferencePage="" SessionTitle="Management of Anxiety Disorders in Pregnancy"/>
<classification Grade="D" Level="3"/>
<fullstring>
D When antidepressant treatment is indicated in the
postpartum period, women should generally not be advised to
discontinue breastfeeding. 275
Grade D, Level 3
</fullstring>
</guideline>
<guideline Category="Medical" FileName="cpg_Anxiety Disorders  Apr 2015 - Full Guidelines" Topic="Anxiety Anxiety Disorders" Year="2015" id="">
<session PageNumber="61" ReferencePage="" SessionTitle="Management of Anxiety Disorders in Pregnancy"/>
<classification Grade="D" Level="3"/>
<fullstring>
D Treatment with paroxetine or sertraline should be preferred
over other SSRIs in treatment-naive breastfeeding women
due to the low infant exposure to these drugs.
Grade D, Level 3
</fullstring>
</guideline>
<guideline Category="Medical" FileName="cpg_Anxiety Disorders  Apr 2015 - Full Guidelines" Topic="Anxiety Anxiety Disorders" Year="2015" id="">
<session PageNumber="61" ReferencePage="" SessionTitle="Management of Anxiety Disorders in Pregnancy"/>
<classification Grade="D" Level="4"/>
<fullstring>
D Drugs for which little data exist, such as fluvoxamine,
venlafaxine, bupropion and mirtazapine, should not be
considered as first-line therapies in breastfeeding women, but
they may be used in special cases. Grade D, Level 4
</fullstring>
</guideline>
<guideline Category="Medical" FileName="cpg_Anxiety Disorders  Apr 2015 - Full Guidelines" Topic="Anxiety Anxiety Disorders" Year="2015" id="">
<session PageNumber="61" ReferencePage="" SessionTitle="Management of Anxiety Disorders in Pregnancy"/>
<classification Grade="D" Level="4"/>
<fullstring>
D If mothers have been successfully treated with a particular
SSRI, TCA, or SNRI, this drug should be the first-line
treatment if there are no contraindications. 274 An individual
risk-benefit assessment should always be done before starting
antidepressants.
Grade D, Level 4
</fullstring>
</guideline>
<guideline Category="Medical" FileName="cpg_Anxiety Disorders  Apr 2015 - Full Guidelines" Topic="Anxiety Anxiety Disorders" Year="2015" id="">
<session PageNumber="62" ReferencePage="" SessionTitle="Management of Anxiety Disorders in Pregnancy"/>
<classification Grade="GPP" Level="GPP"/>
<fullstring>
GPP Women on long term treatment with high dose
benzodiazepines should continue to breastfeed, as stopping of
benzodiazepine may precipitate withdrawal symptoms in the
infant. Gradual tapering and stopping of benzodiazepines
may be attempted at a later stage when the infant has grown
bigger.
GPP
</fullstring>
</guideline>
<guideline Category="Medical" FileName="cpg_Anxiety Disorders  Apr 2015 - Full Guidelines" Topic="Anxiety Anxiety Disorders" Year="2015" id="">
<session PageNumber="62" ReferencePage="" SessionTitle="Management of Anxiety Disorders in Pregnancy"/>
<classification Grade="D" Level="4"/>
<fullstring>
D During maternal treatment with benzodiazepines, infants
should be monitored for signs of sedation, lethargy, poor
feeding and weight loss. 27
Grade D, Level 4
</fullstring>
</guideline>

</cpgs>

