<?xml version="1.0" encoding="UTF-8" standalone="no"?>
<cpgs>
<guideline Category="Medical" FileName="cpg_Anxiety Disorders Apr 2015 - Summary Card" Topic="Anxiety Disorder" Year="2014" id="44">
<session PageNumber="4" ReferencePage="16" SessionTitle="Clinical Evaluation and Overview"/>
<classification Grade="GPP" Level="GPP"/>
<fullstring>A diagnosis of attention deficit hyperactivity disorder should be made through a thorough clinical assessment, which should include an interview with the parent or significant caregiver of the child (pg 12).
</fullstring>
</guideline>
<guideline Category="Medical" FileName="cpg_Anxiety Disorders Apr 2015 - Summary Card" Topic="Anxiety Disorder" Year="2014" id="45">
<session PageNumber="4" ReferencePage="22" SessionTitle="Clinical Evaluation and Overview"/>
<classification Grade="GPP" Level="GPP"/>
<fullstring>
The initial management of anxiety disorders should ideally be instituted at the primary care level. The recommended framework for the management of anxiety disorders in primary care is described in Figure 2. 
</fullstring>
</guideline>
<guideline Category="Medical" FileName="cpg_Anxiety Disorders Apr 2015 - Summary Card" Topic="Anxiety Disorder" Year="2014" id="46">
<session PageNumber="4" ReferencePage="22" SessionTitle="Clinical Evaluation and Overview"/>
<classification Grade="D" Level="4"/>
<fullstring> 
The following may be instituted in primary care immediately after diagnosis:Educating patient on nature and origin of anxiety symptoms and providing appropriate reassurance, e.g. not having a ‘heart attack’ or ‘going crazy’ Suggestion of lifestyle changes as appropriate, i.e., stress reduction strategies, reducing alcohol and caffeine intake, avoiding nicotine and drug use, regular exercise Supportive counselling Symptomatic relief with medication prescribed on a short-term basis Evaluation and mobilisation of family and social resourcesMonitoring and addressing early signs of relapse.
</fullstring>
</guideline>
<guideline Category="Medical" FileName="cpg_Anxiety Disorders Apr 2015 - Summary Card" Topic="Anxiety Disorder" Year="2014" id="48">
<session PageNumber="5" ReferencePage="27" SessionTitle="Clinical Evaluation and Overview"/>
<classification Grade="GPP" Level="GPP"/>
<fullstring> 
Psychiatric evaluation and treatment is appropriate when there is serious risk of suicide, there are psychotic symptoms, co-occurring drug/alcohol problems exist, symptoms are severe/complex or if symptoms fail to improve on
initial treatment and follow-up.
</fullstring>
</guideline>
<guideline Category="Medical" FileName="cpg_Anxiety Disorders Apr 2015 - Summary Card" Topic="Anxiety Disorder" Year="2014" id="49">
<session PageNumber="5" ReferencePage="27" SessionTitle="Clinical Evaluation and Overview"/>
<classification Grade="GPP" Level="GPP"/>
<fullstring> 
Consider transferring patients with anxiety disorders from psychiatric to primary care for long-term management if they have the following characteristics: Aged 18 or older,Stabilised for the past 3 months, No psychiatric hospitalisation in the past 6 months, No history of forensic or substance abuse,No disruptive personality disorders.Non suicidal,No history of aggressive behaviour,Not currently receiving clozapine, lithium,valproate, hypnotics (e.g. benzodiazepines,
zopiclone,zolpidem) or formal psychotherapy treatment.
</fullstring>
</guideline>
<guideline Category="Medical" FileName="cpg_Anxiety Disorders Apr 2015 - Summary Card" Topic="Anxiety Disorder" Year="2014" id="50">
<session PageNumber="5" ReferencePage="28" SessionTitle="Clinical Evaluation and Overview"/>
<classification Grade="GPP" Level="GPP"/>
<fullstring>
All patients should receive education about their disorder, including aetiology, treatment choices, and prognosis.
</fullstring>
</guideline>
<guideline Category="Medical" FileName="cpg_Anxiety Disorders Apr 2015 - Summary Card" Topic="Anxiety Disorder" Year="2014" id="51">
<session PageNumber="5" ReferencePage="30" SessionTitle="Clinical Evaluation and Overview"/>
<classification Grade="GPP" Level="GPP"/>
<fullstring>
As local patients may show higher propensity for initial side effects of antidepressants (e.g. paradoxical excitation), starting doses for local
patients should be lower than those suggested by overseas guidelines.
</fullstring>
</guideline>
<guideline Category="Medical" FileName="cpg_Anxiety Disorders Apr 2015 - Summary Card" Topic="Anxiety Disorder" Year="2014" id="52">
<session PageNumber="5" ReferencePage="31" SessionTitle="Clinical Evaluation and Overview"/>
<classification Grade="B" Level="2++"/>
<fullstring>
The Clinical Global Impression scales (both severity and improvement sub-scales) may be used to measure illness severity and treatment progress during consultations for anxiety disorders.
</fullstring>
</guideline>
<guideline Category="Medical" FileName="cpg_Anxiety Disorders Apr 2015 - Summary Card" Topic="Anxiety Disorder" Year="2014" id="53">
<session PageNumber="8" ReferencePage="33" SessionTitle="Management of Panic Disorder"/>
<classification Grade="A" Level="1+"/>
<fullstring>
Either SSRIs or venlafaxine should be used as first-line agents for the pharmacological treatment of panic disorder.
</fullstring>
</guideline>
<guideline Category="Medical" FileName="cpg_Anxiety Disorders Apr 2015 - Summary Card" Topic="Anxiety Disorder" Year="2014" id="54">
<session PageNumber="8" ReferencePage="33" SessionTitle="Management of Panic Disorder"/>
<classification Grade="A" Level="1+"/>
<fullstring>
Imipramine and clomipramine are effective and
may be used as second-line treatment of panic
disorder.
</fullstring>
</guideline>
<guideline Category="Medical" FileName="cpg_Anxiety Disorders Apr 2015 - Summary Card" Topic="Anxiety Disorder" Year="2014" id="55">
<session PageNumber="8" ReferencePage="35" SessionTitle="Management of Panic Disorder"/>
<classification Grade="A" Level="1+"/>
<fullstring>
Benzodiazepines may be added to antidepressants in the short term to produce a more rapid therapeutic response in the treatment of panic
disorder. In view of addictive potential, benzodiazepines should be tapered and withdrawn by 4 weeks.
</fullstring>
</guideline>
<guideline Category="Medical" FileName="cpg_Anxiety Disorders Apr 2015 - Summary Card" Topic="Anxiety Disorder" Year="2014" id="56">
<session PageNumber="8" ReferencePage="36" SessionTitle="Management of Panic Disorder"/>
<classification Grade="A" Level="1++"/>
<fullstring>
Depending on availability of treatment and patient preference, CBT or combination therapy (i.e. CBT and SSRIs or venlafaxine) may be used for the treatment of panic disorder.
</fullstring>
</guideline>
<guideline Category="Medical" FileName="cpg_Anxiety Disorders Apr 2015 - Summary Card" Topic="Anxiety Disorder" Year="2014" id="57">
<session PageNumber="9" ReferencePage="38" SessionTitle="Management of Generalised Anxiety Disorder (GAD)"/>
<classification Grade="A" Level="1++"/>
<fullstring>
Either SSRIs or venlafaxine should be used as first-line pharmacological treatment for patients with GAD.
</fullstring>
</guideline>
<guideline Category="Medical" FileName="cpg_Anxiety Disorders Apr 2015 - Summary Card" Topic="Anxiety Disorder" Year="2014" id="58">
<session PageNumber="9" ReferencePage="38" SessionTitle="Management of Generalised Anxiety Disorder (GAD)"/>
<classification Grade="A" Level="1+"/>
<fullstring>
Imipramine may be considered as a second-line treatment for GAD, in view of the possibility of poor tolerability and the danger of fatal overdosage.
</fullstring>
</guideline>
<guideline Category="Medical" FileName="cpg_Anxiety Disorders Apr 2015 - Summary Card" Topic="Anxiety Disorder" Year="2014" id="59">
<session PageNumber="9" ReferencePage="38" SessionTitle="Management of Generalised Anxiety Disorder (GAD)"/>
<classification Grade="A" Level="1+"/>
<fullstring>
Mirtazapine may be considered as a second-line treatment for GAD due to its anxiolytic effects.
</fullstring>
</guideline>
<guideline Category="Medical" FileName="cpg_Anxiety Disorders Apr 2015 - Summary Card" Topic="Anxiety Disorder" Year="2014" id="60">
<session PageNumber="9" ReferencePage="39" SessionTitle="Management of Generalised Anxiety Disorder (GAD)"/>
<classification Grade="A" Level="1+"/>
<fullstring>
Benzodiazepines should not be used for the long-term treatment of GAD.
</fullstring>
</guideline>
<guideline Category="Medical" FileName="cpg_Anxiety Disorders Apr 2015 - Summary Card" Topic="Anxiety Disorder" Year="2014" id="61">
<session PageNumber="9" ReferencePage="39" SessionTitle="Management of Generalised Anxiety Disorder (GAD)"/>
<classification Grade="A" Level="2++"/>
<fullstring>
Pregabalin may be prescribed for patients with GAD as it has anxiolytic effects which may be more rapid acting. Due caution must be exercised
when prescribing to patients who are at risk of abusing substances.
</fullstring>
</guideline>
<guideline Category="Medical" FileName="cpg_Anxiety Disorders Apr 2015 - Summary Card" Topic="Anxiety Disorder" Year="2014" id="62">
<session PageNumber="9" ReferencePage="39" SessionTitle="Management of Generalised Anxiety Disorder (GAD)"/>
<classification Grade="A" Level="2+"/>
<fullstring>
Hydroxyzine may be used as adjunctive treatment together with other anxiolytic agents for treatment of GAD.
</fullstring>
</guideline>
<guideline Category="Medical" FileName="cpg_Anxiety Disorders Apr 2015 - Summary Card" Topic="Anxiety Disorder" Year="2014" id="63">
<session PageNumber="9" ReferencePage="39" SessionTitle="Management of Generalised Anxiety Disorder (GAD)"/>
<classification Grade="A" Level="1+"/>
<fullstring>
Propanolol is not recommended for the long-term treatment of generalised anxiety disorder.
</fullstring>
</guideline>
<guideline Category="Medical" FileName="cpg_Anxiety Disorders Apr 2015 - Summary Card" Topic="Anxiety Disorder" Year="2014" id="64">
<session PageNumber="9" ReferencePage="40" SessionTitle="Management of Generalised Anxiety Disorder (GAD)"/>
<classification Grade="A" Level="1++"/>
<fullstring>
CBT may be used as first-line psychotherapy treatment for GAD.
</fullstring>
</guideline>
<guideline Category="Medical" FileName="cpg_Anxiety Disorders Apr 2015 - Summary Card" Topic="Anxiety Disorder" Year="2014" id="65">
<session PageNumber="9" ReferencePage="40" SessionTitle="Management of Generalised Anxiety Disorder (GAD)"/>
<classification Grade="GPP" Level="GPP"/>
<fullstring>
A specialist’s opinion should be sought for patients with complex GAD and/or with marked functional impairment, or at high risk of self-
harm.
</fullstring>
</guideline>
<guideline Category="Medical" FileName="cpg_Anxiety Disorders Apr 2015 - Summary Card" Topic="Anxiety Disorder" Year="2014" id="66">
<session PageNumber="10" ReferencePage="41" SessionTitle="Management of Specific Phobia"/>
<classification Grade="A" Level="1++"/>
<fullstring>
CBT should be used as first-line treatment of specific phobia.
</fullstring>
</guideline>
<guideline Category="Medical" FileName="cpg_Anxiety Disorders Apr 2015 - Summary Card" Topic="Anxiety Disorder" Year="2014" id="67">
<session PageNumber="10" ReferencePage="42" SessionTitle="Management of Specific Phobia"/>
<classification Grade="B" Level="1+"/>
<fullstring>
Benzodiazepines may be used on a short-term basis for temporary anxiety relief in specific phobia, pending resolution of symptoms with other forms of treatment.
</fullstring>
</guideline>
<guideline Category="Medical" FileName="cpg_Anxiety Disorders Apr 2015 - Summary Card" Topic="Anxiety Disorder" Year="2014" id="68">
<session PageNumber="10" ReferencePage="43" SessionTitle="Management of Social Anxiety Disorder (SAD)"/>
<classification Grade="A" Level="1++"/>
<fullstring>
Either pharmacotherapy or psychotherapy alone may be used as first-line treatment for SAD, depending on patient preferences, values and economic considerations.
</fullstring>
</guideline>
<guideline Category="Medical" FileName="cpg_Anxiety Disorders Apr 2015 - Summary Card" Topic="Anxiety Disorder" Year="2014" id="69">
<session PageNumber="10" ReferencePage="44" SessionTitle="Management of Social Anxiety Disorder (SAD)"/>
<classification Grade="A" Level="1+"/>
<fullstring>
Either SSRIs or venlafaxine should be used as first-line pharmacotherapy for SAD.
</fullstring>
</guideline>
<guideline Category="Medical" FileName="cpg_Anxiety Disorders Apr 2015 - Summary Card" Topic="Anxiety Disorder" Year="2014" id="70">
<session PageNumber="10" ReferencePage="44" SessionTitle="Management of Social Anxiety Disorder (SAD)"/>
<classification Grade="A" Level="1+"/>
<fullstring>
Moclobemide may be used for the treatment of SAD if treatment with SSRIs or venlafaxine has not been effective.
</fullstring>
</guideline>
<guideline Category="Medical" FileName="cpg_Anxiety Disorders Apr 2015 - Summary Card" Topic="Anxiety Disorder" Year="2014" id="71">
<session PageNumber="10" ReferencePage="44" SessionTitle="Management of Social Anxiety Disorder (SAD)"/>
<classification Grade="A" Level="1+"/>
<fullstring>
Benzodiazepines may be used on a short-term basis for temporary anxiety relief pending resolution of phobic symptoms with other forms of treatment.
</fullstring>
</guideline>

<guideline Category="Medical" FileName="cpg_Anxiety Disorders Apr 2015 - Summary Card" Topic="Anxiety Disorder" Year="2014" id="72">
<session PageNumber="10" ReferencePage="45" SessionTitle="Management of Social Anxiety Disorder (SAD)"/>
<classification Grade="B" Level="2++"/>
<fullstring>
Beta-blockers (e.g. atenolol, propranolol) are not recommended for the treatment of SAD as they have been found ineffective. However, they may be used for
the treatment of performance anxiety (e.g. playing an instrument, giving a speech).
</fullstring>
</guideline>
<guideline Category="Medical" FileName="cpg_Anxiety Disorders Apr 2015 - Summary Card" Topic="Anxiety Disorder" Year="2014" id="73">
<session PageNumber="10" ReferencePage="45" SessionTitle="Management of Social Anxiety Disorder (SAD)"/>
<classification Grade="A" Level="1+"/>
<fullstring>
CBT should be used as first-line psychotherapy treatment of SAD
</fullstring>
</guideline>
<guideline Category="Medical" FileName="cpg_Anxiety Disorders Apr 2015 - Summary Card" Topic="Anxiety Disorder" Year="2014" id="74">
<session PageNumber="10" ReferencePage="45" SessionTitle="Management of Social Anxiety Disorder (SAD)"/>
<classification Grade="B" Level="2+"/>
<fullstring>
Pharmacotherapy with SSRIs, venlafaxine, or moclobemide in SAD should be continued for at least 12 months to prevent relapse.
</fullstring>
</guideline>
<guideline Category="Medical" FileName="cpg_Anxiety Disorders Apr 2015 - Summary Card" Topic="Anxiety Disorder" Year="2014" id="75">
<session PageNumber="11" ReferencePage="46" SessionTitle="Management of Obsessive-Compulsive Disorder (OCD)"/>
<classification Grade="A" Level="1+"/>
<fullstring>
Either pharmacotherapy or psychotherapy alone may be chosen as first-line treatment for OCD,depending on patient preferences, values and economic considerations.
</fullstring>
</guideline>
<guideline Category="Medical" FileName="cpg_Anxiety Disorders Apr 2015 - Summary Card" Topic="Anxiety Disorder" Year="2014" id="76">
<session PageNumber="11" ReferencePage="47" SessionTitle="Management of Obsessive-Compulsive Disorder (OCD)"/>
<classification Grade="A" Level="1+"/>
<fullstring>
The first-line pharmacological treatment for OCD should be a 10-12 week trial with an SSRI at adequate doses.
</fullstring>
</guideline>
<guideline Category="Medical" FileName="cpg_Anxiety Disorders Apr 2015 - Summary Card" Topic="Anxiety Disorder" Year="2014" id="77">
<session PageNumber="11" ReferencePage="47" SessionTitle="Management of Obsessive-Compulsive Disorder (OCD)"/>
<classification Grade="A" Level="1+"/>
<fullstring>
Clomipramine may be used as a treatment for OCD after an adequate trial of SSRI treatment has failed.
</fullstring>
</guideline>
<guideline Category="Medical" FileName="cpg_Anxiety Disorders Apr 2015 - Summary Card" Topic="Anxiety Disorder" Year="2014" id="78">
<session PageNumber="11" ReferencePage="48" SessionTitle="Management of Obsessive-Compulsive Disorder (OCD)"/>
<classification Grade="D" Level="4"/>
<fullstring>
An adequate treatment trial in OCD should last for at least 12 weeks. If the patient does not respond to treatment in adequate dosages, the medication may be changed or specialist opinion sought.
</fullstring>
</guideline>
<guideline Category="Medical" FileName="cpg_Anxiety Disorders Apr 2015 - Summary Card" Topic="Anxiety Disorder" Year="2014" id="79">
<session PageNumber="11" ReferencePage="48" SessionTitle="Management of Obsessive-Compulsive Disorder (OCD)"/>
<classification Grade="A" Level="1+"/>
<fullstring>
Venlafaxine may be considered in patients who have not responded to SSRIs and clomipramine. Monitor blood pressure during treatment as venlafaxine at high doses can raise blood pressure.
</fullstring>
</guideline>
<guideline Category="Medical" FileName="cpg_Anxiety Disorders Apr 2015 - Summary Card" Topic="Anxiety Disorder" Year="2014" id="80">
<session PageNumber="11" ReferencePage="49" SessionTitle="Management of Obsessive-Compulsive Disorder (OCD)"/>
<classification Grade="A" Level="1+"/>
<fullstring>
CBT may be used as first-line treatment for OCD if patients prefer psychological treatment over pharmacotherapy.
</fullstring>
</guideline>
<guideline Category="Medical" FileName="cpg_Anxiety Disorders Apr 2015 - Summary Card" Topic="Anxiety Disorder" Year="2014" id="81">
<session PageNumber="11" ReferencePage="49" SessionTitle="Management of Obsessive-Compulsive Disorder (OCD)"/>
<classification Grade="B" Level="1+"/>
<fullstring>
CBT augmentation of serotonergic antidepressants (e.g. SSRIs, clomipramine) in the treatment of OCD may be considered for those who are treatment- resistant or partially responsive to medications.
</fullstring>
</guideline>
<guideline Category="Medical" FileName="cpg_Anxiety Disorders Apr 2015 - Summary Card" Topic="Anxiety Disorder" Year="2014" id="80">
<session PageNumber="11" ReferencePage="49" SessionTitle="Management of Obsessive-Compulsive Disorder (OCD)"/>
<classification Grade="A" Level="1+"/>
<fullstring>
Patients with OCD who respond to antidepressants in the acute phase should be continued on their medication for at least 12 months.
</fullstring>
</guideline>
<guideline Category="Medical" FileName="cpg_Anxiety Disorders Apr 2015 - Summary Card" Topic="Anxiety Disorder" Year="2014" id="82">
<session PageNumber="12" ReferencePage="51" SessionTitle="Management of Post-Traumatic Stress Disorder (PTSD)"/>
<classification Grade="A" Level="1++"/>
<fullstring>
Either the SSRIs or venlafaxine may be used as first- line pharmacological treatment for PTSD.
</fullstring>
</guideline>
<guideline Category="Medical" FileName="cpg_Anxiety Disorders Apr 2015 - Summary Card" Topic="Anxiety Disorder" Year="2014" id="83">
<session PageNumber="12" ReferencePage="51" SessionTitle="Management of Post-Traumatic Stress Disorder (PTSD)"/>
<classification Grade="B" Level="1+"/>
<fullstring>
Mirtazapine may be considered as a second-line,treatment for PTSD.
</fullstring>
</guideline>
<guideline Category="Medical" FileName="cpg_Anxiety Disorders Apr 2015 - Summary Card" Topic="Anxiety Disorder" Year="2014" id="84">
<session PageNumber="12" ReferencePage="52" SessionTitle="Management of Post-Traumatic Stress Disorder (PTSD)"/>
<classification Grade="A" Level="1+"/>
<fullstring>
Either amitriptyline or imipramine may be considered for PTSD if the first-line and second-line treatments are ineffective or poorly tolerated.
</fullstring>
</guideline>
<guideline Category="Medical" FileName="cpg_Anxiety Disorders Apr 2015 - Summary Card" Topic="Anxiety Disorder" Year="2014" id="85">
<session PageNumber="12" ReferencePage="52" SessionTitle="Management of Post-Traumatic Stress Disorder (PTSD)"/>
<classification Grade="A" Level="1+"/>
<fullstring>
Benzodiazepines should not be used for the treatment of PTSD.
</fullstring>
</guideline>
<guideline Category="Medical" FileName="cpg_Anxiety Disorders Apr 2015 - Summary Card" Topic="Anxiety Disorder" Year="2014" id="86">
<session PageNumber="12" ReferencePage="52" SessionTitle="Management of Post-Traumatic Stress Disorder (PTSD)"/>
<classification Grade="B" Level="1+"/>
<fullstring>
Risperidone, olanzapine, quetiapine, and lamotrigine may be prescribed as adjunctive treatments for PTSD in conjunction with the SSRIs.
</fullstring>
</guideline>
<guideline Category="Medical" FileName="cpg_Anxiety Disorders Apr 2015 - Summary Card" Topic="Anxiety Disorder" Year="2014" id="87">
<session PageNumber="12" ReferencePage="53" SessionTitle="Management of Post-Traumatic Stress Disorder (PTSD)"/>
<classification Grade="D" Level="4"/>
<fullstring>
Pharmacological treatment for PTSD should be continued for at least 12 months.
</fullstring>
</guideline>
<guideline Category="Medical" FileName="cpg_Anxiety Disorders Apr 2015 - Summary Card" Topic="Anxiety Disorder" Year="2014" id="88">
<session PageNumber="12" ReferencePage="53" SessionTitle="Management of Post-Traumatic Stress Disorder (PTSD)"/>
<classification Grade="A" Level="1+"/>
<fullstring>
CBT should be used as the first-line psychological treatment for PTSD.
</fullstring>
</guideline>
<guideline Category="Medical" FileName="cpg_Anxiety Disorders Apr 2015 - Summary Card" Topic="Anxiety Disorder" Year="2014" id="89">
<session PageNumber="12" ReferencePage="54" SessionTitle="Management of Post-Traumatic Stress Disorder (PTSD)"/>
<classification Grade="B" Level="2++"/>
<fullstring>
Eye Movement Desensitisation and Reprocessing therapy may be used as second-line treatment for PTSD.
</fullstring>
</guideline>
<guideline Category="Medical" FileName="cpg_Anxiety Disorders Apr 2015 - Summary Card" Topic="Anxiety Disorder" Year="2014" id="90">
<session PageNumber="12" ReferencePage="54" SessionTitle="Management of Post-Traumatic Stress Disorder (PTSD)"/>
<classification Grade="B" Level="1+"/>
<fullstring>
If CBT or eye movement desensitisation and reprocessing therapy for PTSD are contraindicated or have failed, combination therapy (i.e. CBT plus pharmacotherapy) may be used as an alternative treatment.
</fullstring>
</guideline>
<guideline Category="Medical" FileName="cpg_Anxiety Disorders Apr 2015 - Summary Card" Topic="Anxiety Disorder" Year="2014" id="91">
<session PageNumber="13" ReferencePage="55" SessionTitle="Management of Anxiety Disorders in Pregnancy"/>
<classification Grade="D" Level="4"/>
<fullstring>
If a woman is planning a pregnancy or becomes pregnant while on medication for an anxiety disorder, consider: stopping medication and starting CBT, if necessary and if not already tried. switching to a safer drug, if the decision is to 	maintain her on medication.
</fullstring>
</guideline>
<guideline Category="Medical" FileName="cpg_Anxiety Disorders Apr 2015 - Summary Card" Topic="Anxiety Disorder" Year="2014" id="92">
<session PageNumber="13" ReferencePage="56" SessionTitle="Management of Anxiety Disorders in Pregnancy"/>
<classification Grade="D" Level="4"/>
<fullstring>
When prescribing a drug for a woman with an anxiety disorder who is planning a pregnancy, already pregnant, or breastfeeding:
choose drugs with the lowest risk potential for the mother and foetus/infant start at the lowest effective dose, and slowly titrate upwards
continue for the shortest possible duration use monotherapy instead of combination treatment
</fullstring>
</guideline>
<guideline Category="Medical" FileName="cpg_Anxiety Disorders Apr 2015 - Summary Card" Topic="Anxiety Disorder" Year="2014" id="93">
<session PageNumber="13" ReferencePage="57" SessionTitle="Management of Anxiety Disorders in Pregnancy"/>
<classification Grade="C" Level="2+"/>
<fullstring>
Sertraline, paroxetine and citalopram should be avoided during pregnancy.
</fullstring>
</guideline>
<guideline Category="Medical" FileName="cpg_Anxiety Disorders Apr 2015 - Summary Card" Topic="Anxiety Disorder" Year="2014" id="94">
<session PageNumber="13" ReferencePage="59" SessionTitle="Management of Anxiety Disorders in Pregnancy"/>
<classification Grade="GPP" Level="GPP"/>
<fullstring>
The risk-benefit ratio of prescribing benzodiazepines should be assessed on a case-by-case basis; use the lowest dose for the shortest
time, or avoid prescribing at all during the first trimester.
</fullstring>
</guideline>
<guideline Category="Medical" FileName="cpg_Anxiety Disorders Apr 2015 - Summary Card" Topic="Anxiety Disorder" Year="2014" id="95">
<session PageNumber="13" ReferencePage="59" SessionTitle="Management of Anxiety Disorders in Pregnancy"/>
<classification Grade="D" Level="3"/>
<fullstring>
Atypical antipsychotics should be prescribed with caution in patients suffering from or at risk of gestational diabetes.
</fullstring>
</guideline>
<guideline Category="Medical" FileName="cpg_Anxiety Disorders Apr 2015 - Summary Card" Topic="Anxiety Disorder" Year="2014" id="96">
<session PageNumber="14" ReferencePage="60" SessionTitle="Management of Anxiety Disorders in Pregnancy"/>
<classification Grade="D" Level="3"/>
<fullstring>
Medication for nursing mothers should be maintained at the lowest effective dose to minimise infant exposure.
</fullstring>
</guideline>
<guideline Category="Medical" FileName="cpg_Anxiety Disorders Apr 2015 - Summary Card" Topic="Anxiety Disorder" Year="2014" id="97">
<session PageNumber="14" ReferencePage="60" SessionTitle="Management of Anxiety Disorders in Pregnancy"/>
<classification Grade="D" Level="3"/>
<fullstring>
When antidepressant treatment is indicated in the postpartum period, women should generally not be advised to discontinue breastfeeding.
</fullstring>
</guideline>
<guideline Category="Medical" FileName="cpg_Anxiety Disorders Apr 2015 - Summary Card" Topic="Anxiety Disorder" Year="2014" id="98">
<session PageNumber="14" ReferencePage="61" SessionTitle="Management of Anxiety Disorders in Pregnancy"/>
<classification Grade="D" Level="3"/>
<fullstring>
Treatment with paroxetine or sertraline should be preferred over other SSRIs in treatment-naive breastfeeding women due to the low infant
exposure to these drugs.
</fullstring>
</guideline>
<guideline Category="Medical" FileName="cpg_Anxiety Disorders Apr 2015 - Summary Card" Topic="Anxiety Disorder" Year="2014" id="99">
<session PageNumber="14" ReferencePage="61" SessionTitle="Management of Anxiety Disorders in Pregnancy"/>
<classification Grade="D" Level="4"/>
<fullstring>
Drugs for which little data exist, such as fluvoxamine, venlafaxine, bupropion and mirtazapine, should not be considered as first-line
therapies in breastfeeding women, but they may be used in special cases.
</fullstring>
</guideline>
<guideline Category="Medical" FileName="cpg_Anxiety Disorders Apr 2015 - Summary Card" Topic="Anxiety Disorder" Year="2014" id="100">
<session PageNumber="14" ReferencePage="61" SessionTitle="Management of Anxiety Disorders in Pregnancy"/>
<classification Grade="D" Level="4"/>
<fullstring>
If mothers have been successfully treated with a particular SSRI, TCA, or SNRI, this drug should be the first-line treatment if there are no
contraindications. An individual risk-benefit assessment should always be done before starting antidepressants.
</fullstring>
</guideline>
<guideline Category="Medical" FileName="cpg_Anxiety Disorders Apr 2015 - Summary Card" Topic="Anxiety Disorder" Year="2014" id="101">
<session PageNumber="14" ReferencePage="62" SessionTitle="Management of Anxiety Disorders in Pregnancy"/>
<classification Grade="GPP" Level="GPP"/>
<fullstring>
Women on long term treatment with high dose benzodiazepines should continue to breastfeed, as stopping of benzodiazepine may precipitate
withdrawal symptoms in the infant. Gradual tapering and stopping of benzodiazepines may be attempted at a later stage when the infant has
grown bigger.
</fullstring>
</guideline>
<guideline Category="Medical" FileName="cpg_Anxiety Disorders Apr 2015 - Summary Card" Topic="Anxiety Disorder" Year="2014" id="102">
<session PageNumber="14" ReferencePage="62" SessionTitle="Management of Anxiety Disorders in Pregnancy"/>
<classification Grade="D" Level="4"/>
<fullstring>
During maternal treatment with benzodiazepines, infants should be monitored for signs of sedation, lethargy, poor feeding and weight loss.
</fullstring>
</guideline>
</cpgs>
