<?xml version="1.0" encoding="UTF-8" standalone="no"?>
<cpgs>
<guideline Category="Medical" FileName="CPG_falls_prevention" Topic="FALLS PREVENTION AMONG OLDER ADULTS LIVING IN THE COMMUNITY" Year="2015" id="245">
<session PageNumber="1" ReferencePage="10" SessionTitle="Falls Risk Assessment"/>
<classification Grade="GPP" Level="GPP"/>
<fullstring>
All older adults (65 years old and older) during a healthcare encounter
should be asked for history of falls, and gait and balance problems. (pg 10)
</fullstring>
</guideline>
<guideline Category="Medical" FileName="CPG_falls_prevention" Topic="FALLS PREVENTION AMONG OLDER ADULTS LIVING IN THE COMMUNITY" Year="2015" id="246">
<session PageNumber="1" ReferencePage="10" SessionTitle="Falls Risk Assessment"/>
<classification Grade="D" Level="3"/>
<fullstring>
Older adults who have fallen more than once in 6 months or with gait and
balance deficits should be offered a comprehensive falls assessment. (pg 10)
</fullstring>
</guideline>
<guideline Category="Medical" FileName="CPG_falls_prevention" Topic="FALLS PREVENTION AMONG OLDER ADULTS LIVING IN THE COMMUNITY" Year="2015" id="247">
<session PageNumber="1" ReferencePage="13" SessionTitle="Single intervension Exercise interventions"/>
<classification Grade="A" Level="1+"/>
<fullstring>
Exercise programmes for falls prevention should consist of at least a twice-
weekly programme for more than 25 weeks, with each session lasting for 60
minutes. 1, 2 (pg 13)
</fullstring>
</guideline>
<guideline Category="Medical" FileName="CPG_falls_prevention" Topic="FALLS PREVENTION AMONG OLDER ADULTS LIVING IN THE COMMUNITY" Year="2015" id="248">
<session PageNumber="1" ReferencePage="14" SessionTitle="Single intervension Exercise interventions"/>
<classification Grade="A" Level="1+"/>
<fullstring>
Exercises should consist of a mix of balance and coordination training, lower
limb strengthening (such as strengthening exercise for hip muscles, knee extensors
and ankle plantar flexors), endurance and flexibility training. (pg 14)
</fullstring>
</guideline>
<guideline Category="Medical" FileName="CPG_falls_prevention" Topic="FALLS PREVENTION AMONG OLDER ADULTS LIVING IN THE COMMUNITY" Year="2015" id="249">
<session PageNumber="1" ReferencePage="14" SessionTitle="Single intervension Exercise interventions"/>
<classification Grade="A" Level="1+"/>
<fullstring>
Exercises should consist of a mix of balance and coordination training, lower
limb strengthening (such as strengthening exercise for hip muscles, knee extensors
and ankle plantar flexors), endurance and flexibility training. (pg 14)
</fullstring>
</guideline>
<guideline Category="Medical" FileName="CPG_falls_prevention" Topic="FALLS PREVENTION AMONG OLDER ADULTS LIVING IN THE COMMUNITY" Year="2015" id="250">
<session PageNumber="1" ReferencePage="15" SessionTitle="Home modification	"/>
<classification Grade="B" Level="1+"/>
<fullstring>
Older adults assessed to have a high risk of falls, history of falls or those with visual impairment should be referred to occupational therapists for home
assessment and modification intervention. (pg 15)
</fullstring>
</guideline>
<guideline Category="Medical" FileName="CPG_falls_prevention" Topic="FALLS PREVENTION AMONG OLDER ADULTS LIVING IN THE COMMUNITY" Year="2015" id="251">
<session PageNumber="2" ReferencePage="15" SessionTitle="Foot Wear"/>
<classification Grade="D" Level="4"/>
<fullstring>
Older adults should be advised to wear well-fitting shoes with low heeled,
slip resistant soles and a large contact area to reduce falls. (pg 15)
</fullstring>
</guideline>
<guideline Category="Medical" FileName="CPG_falls_prevention" Topic="FALLS PREVENTION AMONG OLDER ADULTS LIVING IN THE COMMUNITY" Year="2015" id="252">
<session PageNumber="2" ReferencePage="15" SessionTitle="Medication review and Modification"/>
<classification Grade="B" Level="1+"/>
<fullstring>
Medication review and modification to optimise medication use should be
provided by the primary care physician in collaboration with a pharmacist (if
available), clinical specialist (s) (in cases where specific medications are prescribed
by them), the individual older adult and his/her primary caregiver where
applicable, for older adults who are taking medications that can increase their
risk for falls. This can be performed either as a single intervention or part of a
multi-factorial intervention. (pg 16)
</fullstring>
</guideline>
<guideline Category="Medical" FileName="CPG_falls_prevention" Topic="FALLS PREVENTION AMONG OLDER ADULTS LIVING IN THE COMMUNITY" Year="2015" id="253">
<session PageNumber="2" ReferencePage="16" SessionTitle="Medication review and Modification"/>
<classification Grade="B" Level="1+"/>
<fullstring>
Psychotropic medications (benzodiazepines and antipsychotics) should be
discontinued in older adults (if possible) to prevent falls. This should be done
with appropriate tapering of dose, close monitoring of outcomes and input from
clinical specialists if necessary. (pg 16)
</fullstring>
</guideline>
<guideline Category="Medical" FileName="CPG_falls_prevention" Topic="FALLS PREVENTION AMONG OLDER ADULTS LIVING IN THE COMMUNITY" Year="2015" id="254">
<session PageNumber="2" ReferencePage="16" SessionTitle="Vitamin D supplementation"/>
<classification Grade="D" Level="4"/>
<fullstring>
It may be helpful to give vitamin D supplementation to older adults if their
vitamin D level is less than 20 ng per millilitre (50 nmol per litre), if higher
levels cannot be achieved via sunlight or dietary supplementation. 3 Older adults
with significant renal impairment will benefit from treatment with analogues of
vitamin D (alfacalcidol or calcitriol). (pg 17)
</fullstring>
</guideline>
<guideline Category="Medical" FileName="CPG_falls_prevention" Topic="FALLS PREVENTION AMONG OLDER ADULTS LIVING IN THE COMMUNITY" Year="2015" id="255">
<session PageNumber="2" ReferencePage="17" SessionTitle="Vitamin D supplementation"/>
<classification Grade="B" Level="1+"/>
<fullstring>
Avoid the use of high dose cholecalciferol (500,000 IU per year). 4 (pg 17)
</fullstring>
</guideline>
<guideline Category="Medical" FileName="CPG_falls_prevention" Topic="FALLS PREVENTION AMONG OLDER ADULTS LIVING IN THE COMMUNITY" Year="2015" id="256">
<session PageNumber="2" ReferencePage="18" SessionTitle="Improving vision"/>
<classification Grade="B" Level="1+"/>
<fullstring>
Older adults who have impaired vision should be referred for further
evaluation of the cause of impairment. (pg 18)
</fullstring>
</guideline>
<guideline Category="Medical" FileName="CPG_falls_prevention" Topic="FALLS PREVENTION AMONG OLDER ADULTS LIVING IN THE COMMUNITY" Year="2015" id="257">
<session PageNumber="3" ReferencePage="18" SessionTitle="Improving vision"/>
<classification Grade="B" Level="1+"/>
<fullstring>
Persons with cataract as the main cause of vision impairment should be
referred for cataract surgery (especially for first eye). (pg 18)
</fullstring>
</guideline>
<guideline Category="Medical" FileName="CPG_falls_prevention" Topic="FALLS PREVENTION AMONG OLDER ADULTS LIVING IN THE COMMUNITY" Year="2015" id="258">
<session PageNumber="3" ReferencePage="18" SessionTitle="Cardiac pacemaker insertion"/>
<classification Grade="B" Level="1+"/>
<fullstring>
Older adults with suspected cardiogenic falls should be referred to the
cardiologist for further evaluation. Cardiac pacing is recommended for patients
with cardioinhibitory carotid sinus hypersensitivity and a history of falls.
(pg 18)
</fullstring>
</guideline>
<guideline Category="Medical" FileName="CPG_falls_prevention" Topic="FALLS PREVENTION AMONG OLDER ADULTS LIVING IN THE COMMUNITY" Year="2015" id="259">
<session PageNumber="3" ReferencePage="19" SessionTitle="Education interventions"/>
<classification Grade="GPP" Level="GPP"/>
<fullstring>
Provide basic information on falls and educate older adults on the benefits
of falls prevention strategies in preventing falls and maintaining independence.
(pg 19)
</fullstring>
</guideline>
<guideline Category="Medical" FileName="CPG_falls_prevention" Topic="FALLS PREVENTION AMONG OLDER ADULTS LIVING IN THE COMMUNITY" Year="2015" id="260">
<session PageNumber="3" ReferencePage="19" SessionTitle="Multiple interventions"/>
<classification Grade="B" Level="1+"/>
<fullstring>
Older adults at risk of falls should be considered for referral to falls
prevention programmes consisting of exercise and other interventions, if such
programmes are available and accessible. (pg 19)
</fullstring>
</guideline>
<guideline Category="Medical" FileName="CPG_falls_prevention" Topic="FALLS PREVENTION AMONG OLDER ADULTS LIVING IN THE COMMUNITY" Year="2015" id="261">
<session PageNumber="3" ReferencePage="19" SessionTitle="Multi-factorial interventions"/>
<classification Grade="B" Level="1+"/>
<fullstring>
Older adults assessed to be at high risk of falls should receive interventions
targeted at the individually identified risk factors. (pg 19)
</fullstring>
</guideline>
</cpgs>
