<?xml version="1.0" encoding="UTF-8" standalone="no"?>
<cpgs>
<guideline Category="Medical" FileName="CPG_Treating_Tobacco_Use_and_Dependence_Summary" Topic="Treating Tobacco Use and Dependence" Year="2013" id="262">
<session PageNumber="2" ReferencePage="20" SessionTitle="Non-pharmacological interventions"/>
<classification Grade="A" Level="1+"/>
<fullstring>
Different forms of person-to-person behavioural support including individual,group and telephone support may be used as interventions to treat tobacco use
and dependence. (pg 20)
</fullstring>
</guideline>
<guideline Category="Medical" FileName="CPG_Treating_Tobacco_Use_and_Dependence_Summary" Topic="Treating Tobacco Use and Dependence" Year="2013" id="263">
<session PageNumber="2" ReferencePage="20" SessionTitle="Non-pharmacological interventions"/>
<classification Grade="A" Level="1+"/>
<fullstring>
If resources are available, telephone support provided separately or as part of tobacco use and cessation intervention, should be offered to smokers
undergoing a quit attempt. (pg 20)
</fullstring>
</guideline>
<guideline Category="Medical" FileName="CPG_Treating_Tobacco_Use_and_Dependence_Summary" Topic="Treating Tobacco Use and Dependence" Year="2013" id="264">
<session PageNumber="2" ReferencePage="21" SessionTitle="Non-pharmacological interventions"/>
<classification Grade="A" Level="1+"/>
<fullstring>
Where feasible, health professionals should provide multiple behavioural support sessions to treat tobacco use and dependence; with each session lasting
more than 10 minutes. (pg 21)
</fullstring>
</guideline>
<guideline Category="Medical" FileName="CPG_Treating_Tobacco_Use_and_Dependence_Summary" Topic="Treating Tobacco Use and Dependence" Year="2013" id="265">
<session PageNumber="2" ReferencePage="23" SessionTitle="Non-pharmacological interventions"/>
<classification Grade="B" Level="2+"/>
<fullstring>
Behavioural interventions such as motivational interviewing or cognitive behavioural therapy may be used to help tobacco users quit. (pg 23)
</fullstring>
</guideline>
<guideline Category="Medical" FileName="CPG_Treating_Tobacco_Use_and_Dependence_Summary" Topic="Treating Tobacco Use and Dependence" Year="2013" id="266">
<session PageNumber="2" ReferencePage="24" SessionTitle="Non-pharmacological interventions"/>
<classification Grade="B" Level="2+"/>
<fullstring>
Technologies such as individual-tailored web-based interventions, or motivational interviewing mobile phone text messages may be considered
for tobacco users attempting to quit. (pg 24)
</fullstring>
</guideline>
<guideline Category="Medical" FileName="CPG_Treating_Tobacco_Use_and_Dependence_Summary" Topic="Treating Tobacco Use and Dependence" Year="2013" id="267">
<session PageNumber="3" ReferencePage="25" SessionTitle="Non-pharmacological interventions"/>
<classification Grade="A" Level="1+"/>
<fullstring>
Acupuncture or hypnotherapy is not recommended routinely for reducing tobacco use and dependence. (pg 25)
</fullstring>
</guideline>
<guideline Category="Medical" FileName="CPG_Treating_Tobacco_Use_and_Dependence_Summary" Topic="Treating Tobacco Use and Dependence" Year="2013" id="268">
<session PageNumber="3" ReferencePage="26" SessionTitle="Non-pharmacological interventions"/>
<classification Grade="A" Level="1+"/>
<fullstring>
Whenever possible, both behavioural support and medication should be provided to tobacco users who have the intention to quit tobacco use. (pg 26)
</fullstring>
</guideline>
<guideline Category="Medical" FileName="CPG_Treating_Tobacco_Use_and_Dependence_Summary" Topic="Treating Tobacco Use and Dependence" Year="2013" id="269">
<session PageNumber="3" ReferencePage="27" SessionTitle="Pharmacotherapy interventions"/>
<classification Grade="A" Level="1+"/>
<fullstring>
All tobacco users who are trying to quit should be offered both behavioural support and medication unless there are contraindications or insufficient
evidence of effectiveness in specific populations (i.e. pregnant women and adolescents). (pg 27)
</fullstring>
</guideline>
<guideline Category="Medical" FileName="CPG_Treating_Tobacco_Use_and_Dependence_Summary" Topic="Treating Tobacco Use and Dependence" Year="2013" id="270">
<session PageNumber="3" ReferencePage="28" SessionTitle="Pharmacotherapy interventions"/>
<classification Grade="B" Level="2+"/>
<fullstring>
High-dose nicotine replacement may be considered for tobacco users with persistent cravings and withdrawal symptoms. (pg 28)
</fullstring>
</guideline>
<guideline Category="Medical" FileName="CPG_Treating_Tobacco_Use_and_Dependence_Summary" Topic="Treating Tobacco Use and Dependence" Year="2013" id="271">
<session PageNumber="3" ReferencePage="29" SessionTitle="Pharmacotherapy interventions"/>
<classification Grade="A" Level="1+"/>
<fullstring>
Eight to twelve weeks of Nicotine Replacement Therapy (NRT) is recommended for most tobacco users undergoing a tobacco use quit attempt. (pg 29)
</fullstring>
</guideline>
<guideline Category="Medical" FileName="CPG_Treating_Tobacco_Use_and_Dependence_Summary" Topic="Treating Tobacco Use and Dependence" Year="2013" id="272">
<session PageNumber="3" ReferencePage="30" SessionTitle="Pharmacotherapy interventions"/>
<classification Grade="A" Level="1+"/>
<fullstring>
Both bupropion SR and varenicline may be used in conjunction with behavioural support for patients attempting to quit. (pg 30)
</fullstring>
</guideline>
<guideline Category="Medical" FileName="CPG_Treating_Tobacco_Use_and_Dependence_Summary" Topic="Treating Tobacco Use and Dependence" Year="2013" id="273">
<session PageNumber="3" ReferencePage="31" SessionTitle="Pharmacotherapy interventions"/>
<classification Grade="A" Level="1+"/>
<fullstring>
Nicotine patches may be combined with another form of NRT or bupropion SR to increase tobacco use abstinence. (pg 31)
</fullstring>
</guideline>
<guideline Category="Medical" FileName="CPG_Treating_Tobacco_Use_and_Dependence_Summary" Topic="Treating Tobacco Use and Dependence" Year="2013" id="274">
<session PageNumber="3" ReferencePage="32" SessionTitle="Pharmacotherapy interventions"/>
<classification Grade="C" Level="3"/>
<fullstring>
E-cigarettes should not be used or prescribed as smoking cessation aids.(pg 32)
</fullstring>
</guideline>
<guideline Category="Medical" FileName="CPG_Treating_Tobacco_Use_and_Dependence_Summary" Topic="Treating Tobacco Use and Dependence" Year="2013" id="275">
<session PageNumber="4" ReferencePage="34" SessionTitle="Specific Populations: Hospitalised and pre-operative patients"/>
<classification Grade="A" Level="1+"/>
<fullstring>
Where resources are available, behavioural support should be offered by a trained advisor for tobacco use and dependence to all hospitalised patients who
are tobacco users. (pg 34)
</fullstring>
</guideline>
<guideline Category="Medical" FileName="CPG_Treating_Tobacco_Use_and_Dependence_Summary" Topic="Treating Tobacco Use and Dependence" Year="2013" id="276">
<session PageNumber="4" ReferencePage="34" SessionTitle="Specific Populations: Hospitalised and pre-operative patients"/>
<classification Grade="B" Level="1+"/>
<fullstring>
NRT should be considered for hospitalised patients who are tobacco users and attempting to quit. (pg 34)
</fullstring>
</guideline>
<guideline Category="Medical" FileName="CPG_Treating_Tobacco_Use_and_Dependence_Summary" Topic="Treating Tobacco Use and Dependence" Year="2013" id="277">
<session PageNumber="4" ReferencePage="35" SessionTitle="Specific Populations: Hospitalised and pre-operative patients"/>
<classification Grade="A" Level="1+"/>
<fullstring>
If resources are available, intensive behavioural support interventions for tobacco use and dependence, including the use of NRTs, should be offered to
patients over a period of 4 to 8 weeks prior to surgery. (pg 35)
</fullstring>
</guideline>
<guideline Category="Medical" FileName="CPG_Treating_Tobacco_Use_and_Dependence_Summary" Topic="Treating Tobacco Use and Dependence" Year="2013" id="278">
<session PageNumber="4" ReferencePage="36" SessionTitle="Specific Populations: Adolescents"/>
<classification Grade="A" Level="1+"/>
<fullstring>
Pharmacotherapy, including the use of NRT, should not be used routinely in adolescent tobacco users attempting to quit. (pg 36)
</fullstring>
</guideline>
<guideline Category="Medical" FileName="CPG_Treating_Tobacco_Use_and_Dependence_Summary" Topic="Treating Tobacco Use and Dependence" Year="2013" id="279">
<session PageNumber="4" ReferencePage="36" SessionTitle="Specific Populations: Adolescents"/>
<classification Grade="A" Level="1+"/>
<fullstring>
All health professionals should provide brief but tailored advice on quitting tobacco use to adolescents who use tobacco. (pg 36)
</fullstring>
</guideline>
<guideline Category="Medical" FileName="CPG_Treating_Tobacco_Use_and_Dependence_Summary" Topic="Treating Tobacco Use and Dependence" Year="2013" id="278">
<session PageNumber="4" ReferencePage="38" SessionTitle="Specific Populations: Pregnant women"/>
<classification Grade="A" Level="1+"/>
<fullstring>
Pregnant women who use tobacco should be offered person-to-person behavioural support intervention as the first-line approach to treat tobacco use
and dependence. (pg 38)
</fullstring>
</guideline>
<guideline Category="Medical" FileName="CPG_Treating_Tobacco_Use_and_Dependence_Summary" Topic="Treating Tobacco Use and Dependence" Year="2013" id="280">
<session PageNumber="4" ReferencePage="38" SessionTitle="Specific Populations: Pregnant women"/>
<classification Grade="A" Level="1+"/>
<fullstring>
Pharmacotherapy interventions should not be routinely used for pregnant women attempting to quit. (pg 38)
</fullstring>
</guideline>
<guideline Category="Medical" FileName="CPG_Treating_Tobacco_Use_and_Dependence_Summary" Topic="Treating Tobacco Use and Dependence" Year="2013" id="281">
<session PageNumber="5" ReferencePage="39" SessionTitle="Specif ic Populations: Patients with psychiatric disorders"/>
<classification Grade="GPP" Level="GPP"/>
<fullstring>
NRTs should be used as the f irst-line treatment for persons with psychiatric
GPP disorders. (pg 39)
</fullstring>
</guideline>
<guideline Category="Medical" FileName="CPG_Treating_Tobacco_Use_and_Dependence_Summary" Topic="Treating Tobacco Use and Dependence" Year="2013" id="282">
<session PageNumber="5" ReferencePage="39" SessionTitle="Specif ic Populations: Patients with psychiatric disorders"/>
<classification Grade="GPP" Level="GPP"/>
<fullstring>
Psychiatric patients who are undergoing a quit attempt need to be monitored for adverse effects because of significant interactions between nicotine,
pharmacotherapy for smoking cessation and common psychiatric drugs. (pg 39)
</fullstring>
</guideline>
<guideline Category="Medical" FileName="CPG_Treating_Tobacco_Use_and_Dependence_Summary" Topic="Treating Tobacco Use and Dependence" Year="2013" id="283">
<session PageNumber="5" ReferencePage="41" SessionTitle="Specific Populations: Patients with cardiovascular disease"/>
<classification Grade="A" Level="1+"/>
<fullstring>
In patients with a recent acute coronary syndrome, NRT may be started just before hospital discharge to assist tobacco users attempting to quit. (pg 41)
</fullstring>
</guideline>
<guideline Category="Medical" FileName="CPG_Treating_Tobacco_Use_and_Dependence_Summary" Topic="Treating Tobacco Use and Dependence" Year="2013" id="284">
<session PageNumber="5" ReferencePage="41" SessionTitle="Specific Populations: Patients with cardiovascular disease"/>
<classification Grade="A" Level="1+"/>
<fullstring>
Varenicline or bupropion SR may also be used, in combination with behavioural interventions, for cardiovascular disease patients who use tobacco. (pg 41)
</fullstring>
</guideline>
<guideline Category="Medical" FileName="CPG_Treating_Tobacco_Use_and_Dependence_Summary" Topic="Treating Tobacco Use and Dependence" Year="2013" id="285">
<session PageNumber="5" ReferencePage="42" SessionTitle="Specific Populations: Patients with co-morbid alcohol abuse"/>
<classification Grade="B" Level="2+"/>
<fullstring>
All alcohol dependent patients who are also tobacco users, including those
undergoing alcohol addiction treatment programmes, should be offered
treatment for tobacco use and dependence. (pg 42)
</fullstring>
</guideline>
</cpgs>
