<?xml version="1.0" encoding="UTF-8" standalone="no"?>
<cpgs>
<guideline Category="Dental" FileName="Dental implants" Topic="Dental implants in irradiated bone" Year="2011" id="">
<session PageNumber="1" ReferencePage="12" SessionTitle="Dental implants in irradiated bone"/>
<classification Grade="C" Level="2+"/>
<fullstring>
The implant team must work closely with the cancer team members
such as the radiation oncologist, oral and maxillofacial surgeon,
prosthodontist, otolaryngologists/head and neck surgeons, plastic surgeon,
speech therapists, dietician and physiotherapist. Such a combined
consultation will lead to optimal planning as addressing questions such as:-
(a) Can bone from tumour resection be saved and reused in the
same surgery?
(b) Can implants be placed prior or during the resection surgery?
(c) Expected healing outcome from multidisciplinary treatment plan
(pg 11). Grade C, Level 2+
</fullstring>
</guideline>
<guideline Category="Dental" FileName="Dental implants" Topic="Dental implants in irradiated bone" Year="2011" id="">
<session PageNumber="1" ReferencePage="12" SessionTitle="Dental implants in irradiated bone"/>
<classification Grade="D" Level="2+"/>
<fullstring>
D Patients who receive implants and who were treated with radiation more
than 5 years ago should be treated with utmost care (pg 12).
Grade D, Level 2+
</fullstring>
</guideline>
<guideline Category="Dental" FileName="Dental implants" Topic="Dental implants in irradiated bone" Year="2011" id="">
<session PageNumber="1" ReferencePage="12" SessionTitle="Dental implants in irradiated bone"/>
<classification Grade="D" Level="2+"/>
<fullstring>
D The use of hyperbaric oxygen though controversial may be considered
as an adjunct to promote healing in these patients (pg 12).
Grade D, Level 2+
</fullstring>
</guideline>
<guideline Category="Dental" FileName="Dental implants" Topic="Dental implants in irradiated bone" Year="2011" id="">
<session PageNumber="1" ReferencePage="12" SessionTitle="Dental implants in irradiated bone"/>
<classification Grade="C" Level="2+"/>
<fullstring>
C Placement of endosseous implants in patients with a history of head and
neck radiation therapy may be performed by clinicians with experience and
training in head and neck radiation therapy (pg 12).
Grade C, Level 2+
</fullstring>
</guideline>
<guideline Category="Dental" FileName="Dental implants" Topic="Dental implants in irradiated bone" Year="2011" id="">
<session PageNumber="1" ReferencePage="12" SessionTitle="Dental implants in irradiated bone"/>
<classification Grade="C" Level="2+"/>
<fullstring>
Dental implants in patients receiving oral bisphosphonates
C Patients who have received or are receiving oral bisphosphonates may
undergo dental implant therapy with caution (pg 13).
Grade C, Level 2+
 </fullstring>
</guideline>
 
<guideline Category="Dental" FileName="Dental implants" Topic="Dental implants in irradiated bone" Year="2011" id="">
<session PageNumber="2" ReferencePage="13" SessionTitle="Dental implants in irradiated bone"/>
<classification Grade="C" Level="2+"/>
<fullstring>
C Patients on oral bisphosphonate therapy have to be counselled about the
potential risks and complications before proceeding with dental implant
treatment (pg 13).
Grade C, Level 2+
</fullstring>
</guideline>
<guideline Category="Dental" FileName="Dental implants" Topic="Dental implants in irradiated bone" Year="2011" id="">
<session PageNumber="2" ReferencePage="14" SessionTitle="Dental implants in irradiated bone"/>
<classification Grade="C" Level="2+"/>
<fullstring>
C A minimum pre-surgical serum CTX (beta-crosslaps) value of
150pg/ml is recommended before extractions and/or implant surgery in
patients on oral bisphophonate therapy (pg 14).
Grade C, Level 2+
 </fullstring>
</guideline>
<guideline Category="Dental" FileName="Dental implants" Topic="Dental implants in irradiated bone" Year="2011" id="">
<session PageNumber="2" ReferencePage="14" SessionTitle="Dental implants in irradiated bone"/>
<classification Grade="C" Level="2+"/>
<fullstring>
C Other non invasive treatment alternatives must also be discussed with
patients (pg 14).Grade C, Level 2+
</fullstring>
</guideline>
<guideline Category="Dental" FileName="Dental implants" Topic="Dental implants in irradiated bone" Year="2011" id="">
<session PageNumber="2" ReferencePage="16" SessionTitle="Dental implants in patients with controlled periodontal disease."/>
<classification Grade="C" Level="2+"/>
<fullstring>
In patients who have been successfully treated for periodontal diseases
and have lost teeth, dental implants can be used for tooth/teeth
replacements. However, even well-maintained periodontal patients need to
be informed of the higher than normal risks and potential for complications
in dental implant therapy in the long-term (pg 16).
Grade C, Level 2+
</fullstring>
</guideline>
<guideline Category="Dental" FileName="Dental implants" Topic="Dental implants in irradiated bone" Year="2011" id="">
<session PageNumber="2" ReferencePage="16" SessionTitle="Dental implants in patients with controlled periodontal disease."/>
<classification Grade="GPP" Level="GPP"/>
<fullstring>
GPP Patients with periodontal diseases should have their condition
treated and well maintained before dental implants can be
considered. Annual follow up visits to their dentist are necessary to better
maintain implants in patients with a history of treated periodontitis (pg 16).
GPP
</fullstring>
</guideline>
<guideline Category="Dental" FileName="Dental implants" Topic="Dental implants in irradiated bone" Year="2011" id="">
<session PageNumber="2" ReferencePage="17" SessionTitle="Dental implants in smokers"/>
<classification Grade="C" Level="2+"/>
<fullstring>
C Smokers who undergo dental implant therapy are at higher risk of early
implant failures and should be closely followed-up during the early healing
phase of osseous integration (pg 17).
Grade C, Level 2+
</fullstring>
</guideline>
<guideline Category="Dental" FileName="Dental implants" Topic="Dental implants in irradiated bone" Year="2011" id="">
<session PageNumber="3" ReferencePage="17" SessionTitle="Dental implants in smokers"/>
<classification Grade="C" Level="2+"/>
<fullstring>
C For smokers who undergo dental implant therapy, particular attention
should be paid to complications such as peri-implantitis, marginal bone
loss and bone graft healing as part of post-surgical implant care. Where
possible, alternative prosthodontic treatment methods should be explored
with such patients (pg 17).
Grade C, Level 2+
</fullstring>
</guideline>
<guideline Category="Dental" FileName="Dental implants" Topic="Dental implants in irradiated bone" Year="2011" id="">
<session PageNumber="3" ReferencePage="18" SessionTitle="Dental implants in smokers"/>
<classification Grade="GPP" Level="GPP"/>
<fullstring>
GPP Patients who are smokers can proceed with dental implant therapy
provided they are warned about the higher risks of failures, especially early
failures (pg 18).
GPP
</fullstring>
</guideline>
<guideline Category="Dental" FileName="Dental implants" Topic="Dental implants in irradiated bone" Year="2011" id="">
<session PageNumber="3" ReferencePage="18" SessionTitle="Dental implants in smokers"/>
<classification Grade="GPP" Level="GPP"/>
<fullstring>
GPP Smokers should be advised to stop smoking during the healing
period and where possible prior to dental implant therapy and they should
seek counselling help to stop the habit altogether (pg 18).
GPP
</fullstring>
</guideline>
<guideline Category="Dental" FileName="Dental implants" Topic="Dental implants in irradiated bone" Year="2011" id="">
<session PageNumber="3" ReferencePage="19" SessionTitle="Narrow diameter implants"/>
<classification Grade="B" Level="2++"/>
<fullstring>
B Implants of diameters between 2.5mm to 3.3mm can be used predictably
for mandibular overdenture retention (pg 19).
Grade B, Level 2++
</fullstring>
</guideline>
<guideline Category="Dental" FileName="Dental implants" Topic="Dental implants in irradiated bone" Year="2011" id="">
<session PageNumber="3" ReferencePage="19" SessionTitle="Narrow diameter implants"/>
<classification Grade="GPP" Level="GPP"/>
<fullstring>
GPP Due to lack of clinical data regarding implants of less than 2.5mm
in diameter (micro-implants), these implants are not recommended for
routine treatment of edentulism (pg 19).
GPP
</fullstring>
</guideline>
<guideline Category="Dental" FileName="Dental implants" Topic="Dental implants in irradiated bone" Year="2011" id="">
<session PageNumber="3" ReferencePage="19" SessionTitle="Narrow diameter implants"/>
<classification Grade="A" Level="1+"/>
<fullstring>
Extraction and replacement with an implant-supported prosthesis versus endodontic treatment and restoration of
teeth with pulpal pathosis A Patients with pulpal and/or periapical pathosis may be treated with
either root canal therapy or extraction and replacement with an endosseous
implant-supported dental prosthesis with similar survival rates (pg 20).
Grade A, Level 1+
</fullstring>
</guideline>
<guideline Category="Dental" FileName="Dental implants" Topic="Dental implants in irradiated bone" Year="2011" id="">
<session PageNumber="4" ReferencePage="21" SessionTitle="Narrow diameter implants"/>
<classification Grade="D" Level="3"/>
<fullstring>
D Both non-surgical root canal therapy followed by an appropriate
restoration and single-tooth implant are acceptable treatment modalities for
the treatment of abscessed teeth. The decision to treat a tooth
endodontically or to replace it with an implant must be based on factors
other than the treatment outcomes of the procedures themselves, such as
medical history, caries, patients’ preference and other socio-economic
factors (pg 21).
Grade D, Level 3
</fullstring>
</guideline>
<guideline Category="Dental" FileName="Dental implants" Topic="Dental implants in irradiated bone" Year="2011" id="">
<session PageNumber="4" ReferencePage="23" SessionTitle="Narrow diameter implants"/>
<classification Grade="B" Level="2++"/>
<fullstring>
Implant-supported versus tooth-supported fixed dental prosthesis
B For the fixed replacement of a single missing tooth, based on 5-year
survival ourcomes, an implant-supported single crown or a tooth-supported
fixed dental prosthesis are viable options. Other factors apart from survival
rates should be taken into consideration when deciding on the choice of
replacement (pg 23).
Grade B, Level 2++
</fullstring>
</guideline>
<guideline Category="Dental" FileName="Dental implants" Topic="Dental implants in irradiated bone" Year="2011" id="">
<session PageNumber="4" ReferencePage="23" SessionTitle="Narrow diameter implants"/>
<classification Grade="GPP" Level="GPP"/>
<fullstring>
GPP Patients should receive information that tooth replacements with
fixed dental prosthesis or implants are associated with incidences of
biological and technical complications (pg 23).
GPP
</fullstring>
</guideline>
<guideline Category="Dental" FileName="Dental implants" Topic="Dental implants in irradiated bone" Year="2011" id="">
<session PageNumber="4" ReferencePage="25" SessionTitle="Narrow diameter implants"/>
<classification Grade="B" Level="2++"/>
<fullstring>
Dental implants in posterior maxilla with sinus bone grafting
B Implants may be placed in posterior maxillary grafted sinuses via the
lateral approach (pg 25).
Grade B, Level 2++
</fullstring>
</guideline>
<guideline Category="Dental" FileName="Dental implants" Topic="Dental implants in irradiated bone" Year="2011" id="">
<session PageNumber="4" ReferencePage="25" SessionTitle="Narrow diameter implants"/>
<classification Grade="B" Level="2++"/>
<fullstring>
B Implants may be placed in posterior maxillary grafted sinuses via the
transalveolar approach (pg 25).
Grade B, Level 2++
</fullstring>
</guideline>
<guideline Category="Dental" FileName="Dental implants" Topic="Dental implants in irradiated bone" Year="2011" id="">
<session PageNumber="4" ReferencePage="25" SessionTitle="Narrow diameter implants"/>
<classification Grade="C" Level="2+"/>
<fullstring>
C Rough surface/textured implants may be placed in grafted posterior
maxillary sinuses with non-autogenous bone graft (pg 25).
Grade C, Level 2+
</fullstring>
</guideline>
<guideline Category="Dental" FileName="Dental implants" Topic="Dental implants in irradiated bone" Year="2011" id="">
<session PageNumber="5" ReferencePage="27" SessionTitle="Implants in augmented ridges"/>
<classification Grade="C" Level="2+"/>
<fullstring>
C Implants may be placed in peri-implant defects (dehiscence and
fenestration) treated with guided bone regeneration techniques (pg 27).
Grade C, Level 2+
</fullstring>
</guideline>
<guideline Category="Dental" FileName="Dental implants" Topic="Dental implants in irradiated bone" Year="2011" id="">
<session PageNumber="5" ReferencePage="27" SessionTitle="Implants in augmented ridges"/>
<classification Grade="GPP" Level="GPP"/>
<fullstring>
GPP Localised defects in edentulous ridges should be carefully evaluated
and grafting can be considered to optimise the outcome of implant
treatment (pg 27).
GPP
</fullstring>
</guideline>
<guideline Category="Dental" FileName="Dental implants" Topic="Dental implants in irradiated bone" Year="2011" id="">
<session PageNumber="5" ReferencePage="27" SessionTitle="Implants in augmented ridges"/>
<classification Grade="C" Level="2+"/>
<fullstring>
C Implants may be placed in sites covered with resorbable membranes
(pg 27).
Grade C, Level 2+
</fullstring>
</guideline>
<guideline Category="Dental" FileName="Dental implants" Topic="Dental implants in irradiated bone" Year="2011" id="">
<session PageNumber="5" ReferencePage="27" SessionTitle="Implants in augmented ridges"/>
<classification Grade="GPP" Level="GPP"/>
<fullstring>
GPP Both resorbable and non resorbable membranes can be considered
when augmenting localised defects. Special attention however should be
given to the manipulation and follow-up of patients who have undergone
non-resorbable membrane application in the light of its higher
complication rates (pg 27).
GPP
</fullstring>
</guideline>
<guideline Category="Dental" FileName="Dental implants" Topic="Dental implants in irradiated bone" Year="2011" id="">
<session PageNumber="5" ReferencePage="28" SessionTitle="Implants in augmented ridges"/>
<classification Grade="C" Level="2+"/>
<fullstring>
C Implants may be placed in atrophied ridges augmented by various
techniques (other than onlay grafting) (pg 28).
Grade C, Level 2+
</fullstring>
</guideline>
<guideline Category="Dental" FileName="Dental implants" Topic="Dental implants in irradiated bone" Year="2011" id="">
<session PageNumber="5" ReferencePage="28" SessionTitle="Implants in augmented ridges"/>
<classification Grade="GPP" Level="GPP"/>
<fullstring>
GPP Atrophic ridges should be carefully evaluated and different grafting
options must be considered as we plan for implant rehabilitation in these
situations. Implant positions must be carefully planned out in grafted
atrophic ridges to ensure better, long-term implant survival rate. An
optimal balance of load distribution, satisfactory esthetics and functionality
must be taken into consideration (pg 28).
GPP
</fullstring>
</guideline>
<guideline Category="Dental" FileName="Dental implants" Topic="Dental implants in irradiated bone" Year="2011" id="">
<session PageNumber="5" ReferencePage="28" SessionTitle="Implants in augmented ridges"/>
<classification Grade="C" Level="2+"/>
<fullstring>
C The efficacy of different grafting techniques in severely atrophic
edentulous sites seem to be comparable. Apart from onlay grafting in
severely resorbed maxillary areas which shows higher potential for failure
and complications, the other techniques proved to be equally effective
(pg 28).
Grade C, Level 2+
</fullstring>
</guideline>
<guideline Category="Dental" FileName="Dental implants" Topic="Dental implants in irradiated bone" Year="2011" id="">
<session PageNumber="6" ReferencePage="28" SessionTitle="Implants in augmented ridges"/>
<classification Grade="GPP" Level="GPP"/>
<fullstring>
GPP Other augmentation options should be considered before choosing
onlay grafting for severely resorbed maxillary edentulous sites (pg 28).
GPP
</fullstring>
</guideline>
<guideline Category="Dental" FileName="Dental implants" Topic="Dental implants in irradiated bone" Year="2011" id="">
<session PageNumber="6" ReferencePage="29" SessionTitle="Connection of dental implants to natural teeth"/>
<classification Grade="D" Level="2+"/>
<fullstring>
D As the treatment of choice, a fixed dental prosthesis supported by
osseointegrated implants should be connected to other osseointegrated
implants, independent of natural teeth. Connection of osseointegrated
implants to natural teeth via a fixed dental prosthesis may be done with
adequate warning of a higher complication and failure rates (pg 29).
Grade D, Level 2+
</fullstring>
</guideline>
<guideline Category="Dental" FileName="Dental implants" Topic="Dental implants in irradiated bone" Year="2011" id="">
<session PageNumber="6" ReferencePage="29" SessionTitle="Connection of dental implants to natural teeth"/>
<classification Grade="D" Level="3"/>
<fullstring>
D When implants are connected to natural teeth, rigid connection should
be used, and only on teeth which are periodontally sound. Regular checks
are necessary as mechanical complications and increased marginal bone
loss may be expected around either implant or tooth. Modified connections
retaining the rigid characteristics that have been proposed without long
term results should not be used until more results are available (pg 29).
Grade D, Level 3
</fullstring>
</guideline>
<guideline Category="Dental" FileName="Dental implants" Topic="Dental implants in irradiated bone" Year="2011" id="">
<session PageNumber="6" ReferencePage="31" SessionTitle="Placement protocol/timing"/>
<classification Grade="C" Level="2+"/>
<fullstring>
C Dental implants should be placed in healed sockets as the treatment of
choice (pg 31).
Grade C, Level 2+
</fullstring>
</guideline>
<guideline Category="Dental" FileName="Dental implants" Topic="Dental implants in irradiated bone" Year="2011" id="">
<session PageNumber="6" ReferencePage="31" SessionTitle="Placement protocol/timing"/>
<classification Grade="C" Level="2+"/>
<fullstring>
C Implants may be placed into fresh extraction sockets with the patient’s
understanding that the survival rate is lower than that placed into healed
sockets. Immediate loading of implants placed into fresh extraction sockets
should not be done routinely (pg 31).
Grade C, Level 2++
</fullstring>
</guideline>
<guideline Category="Dental" FileName="Dental implants" Topic="Dental implants in irradiated bone" Year="2011" id="">
<session PageNumber="6" ReferencePage="31" SessionTitle="Loading protocol/timing Edentulous mandible"/>
<classification Grade="A" Level="1++"/>
<fullstring>
A Root-form endosseous implants (two or four units) inserted for the
purpose of retaining or supporting a removable dental prosthesis that are
rigidly splinted together may be loaded immediately (pg 33).
Grade A, Level 1++
</fullstring>
</guideline>
<guideline Category="Dental" FileName="Dental implants" Topic="Dental implants in irradiated bone" Year="2011" id="">
<session PageNumber="7" ReferencePage="33" SessionTitle="Loading protocol/timing Edentulous mandible"/>
<classification Grade="B" Level="2++"/>
<fullstring>
B Root-form endosseous implants (four or more units) inserted for the
purpose of supporting a fixed one-piece full arch dental prosthesis may be
loaded immediately (pg 33).
Grade B, Level 2++
</fullstring>
</guideline>
<guideline Category="Dental" FileName="Dental implants" Topic="Dental implants in irradiated bone" Year="2011" id="">
<session PageNumber="7" ReferencePage="33" SessionTitle="Loading protocol/timing Edentulous mandible"/>
<classification Grade="B" Level="2++"/>
<fullstring>
Edentulous maxilla
B Root-form endosseous implants (two or four units) inserted for the
purpose of retaining or supporting a removable dental prosthesis should
not be loaded immediately (pg 34).
Grade B, Level 2++
</fullstring>
</guideline>
<guideline Category="Dental" FileName="Dental implants" Topic="Dental implants in irradiated bone" Year="2011" id="">
<session PageNumber="7" ReferencePage="34" SessionTitle="Loading protocol/timing Edentulous mandible"/>
<classification Grade="C" Level="2+"/>
<fullstring>
C Root-form endosseous implants (six or more units) inserted for the
purpose of supporting a fixed one-piece full arch dental prosthesis may be
loaded immediately (pg 34).
Grade C, Level 2+
</fullstring>
</guideline>
<guideline Category="Dental" FileName="Dental implants" Topic="Dental implants in irradiated bone" Year="2011" id="">
<session PageNumber="7" ReferencePage="34" SessionTitle="Single tooth replacement"/>
<classification Grade="A" Level="1++"/>
<fullstring>
A Conventional loading of a single root-form endosseous implant inserted
for the purpose of supporting a single crown is the loading protocol of
choice. Immediate loading of a single root-form endosseous implant
inserted for the purpose of supporting a single crown may be done with
caution (pg 34).
Grade A, Level 1++
</fullstring>
</guideline>
<guideline Category="Dental" FileName="Dental implants" Topic="Dental implants in irradiated bone" Year="2011" id="">
<session PageNumber="7" ReferencePage="34" SessionTitle="Multiple-tooth edentulous maxilla/mandible"/>
<classification Grade="B" Level="2++"/>
<fullstring>
B Conventional loading of multiple root-form endosseous implants
inserted for the purpose of supporting a multiple-unit fixed prosthesis in
the anterior or posterior maxilla/mandible is the loading protocol of choice.
Immediate loading of multiple root-form endosseous implants inserted for
the purpose of supporting multiple-unit fixed prosthesis in the anterior or
posterior maxilla/mandible may be done with caution (pg 34).
Grade B, Level 2++
</fullstring>
</guideline>
<guideline Category="Dental" FileName="Dental implants" Topic="Dental implants in irradiated bone" Year="2011" id="">
<session PageNumber="11" ReferencePage="" SessionTitle="Multiple-tooth edentulous maxilla/mandible"/>
<classification Grade="C" Level="2+"/>
<fullstring>
The implant team must work closely with the cancer team
members such as the radiation oncologist, oral and maxillofacial
surgeon, prosthodontist, otolaryngologists/head and neck
surgeons, plastic surgeon, speech therapists, dietician and
physiotherapist. Such a combined consultation will lead to
optimal planning as addressing questions such as:-2,3
(a) Can bone from tumour resection be saved and reused in the
same surgery?
(b) Can implants be placed prior or during the resection
surgery?
(c) Expected healing outcome from multidisciplinary treatment
plan.
Grade C, Level 2+
</fullstring>
</guideline>
<guideline Category="Dental" FileName="Dental implants" Topic="Dental implants in irradiated bone" Year="2011" id="">
<session PageNumber="12" ReferencePage="" SessionTitle="Factors from radiotherapy that might affect osseointegration of dental implants"/>
<classification Grade="D" Level="2+"/>
<fullstring>
D Patients who receive implants and who were treated with
radiation more than 5 years ago should be treated with
utmost care.2
Grade D, Level 2+
</fullstring>
</guideline>
<guideline Category="Dental" FileName="Dental implants" Topic="Dental implants in irradiated bone" Year="2011" id="">
<session PageNumber="12" ReferencePage="" SessionTitle="Factors from radiotherapy that might affect osseointegration of dental implants"/>
<classification Grade="D" Level="2+"/>
<fullstring>
D The use of hyperbaric oxygen though controversial may
be considered as an adjunct to promote healing in these
patients.5-8
Grade D, Level 2+
</fullstring>
</guideline>
<guideline Category="Dental" FileName="Dental implants" Topic="Dental implants in irradiated bone" Year="2011" id="">
<session PageNumber="12" ReferencePage="" SessionTitle="Factors from radiotherapy that might affect osseointegration of dental implants"/>
<classification Grade="C" Level="2+"/>
<fullstring>
Implant length. Very short implants (3-7mm) are particularly
prone to failure. Short implants (7-8mm) have a much higher
failure rates than longer implants (>8mm).
Types of prosthesis. A fixated prosthesis has a higher
survival rate than an over denture. Facial prostheses have the
highest failure rates.
Soft tissue complications must be considered together with
osteoradionecrosis as they define whether an infection has
set in or not.
placement of endosseous implants in patients with a
history of head and neck radiation therapy may be performed
by clinicians with experience and training in head and neck
radiation therapy.
Grade C, Level 2+
</fullstring>
</guideline>
<guideline Category="Dental" FileName="Dental implants" Topic="Dental implants in irradiated bone" Year="2011" id="">
<session PageNumber="13" ReferencePage="9,10" SessionTitle="Dental implants in patients receiving oral bisphosphonates"/>
<classification Grade="C" Level="2+"/>
<fullstring>
Patients who have received or are receiving oral
bisphosphonates may undergo dental implant therapy with
caution.
Grade C, Level 2+
</fullstring>
</guideline>
<guideline Category="Dental" FileName="Dental implants" Topic="Dental implants in irradiated bone" Year="2011" id="">
<session PageNumber="13" ReferencePage="9,10" SessionTitle="Dental implants in patients receiving oral bisphosphonates"/>
<classification Grade="C" Level="2+"/>
<fullstring>
C Patients on oral bisphosphonate therapy have to be counselled
about the potential risks and complications before proceeding
with dental implant treatment.Grade C, Level 2+
</fullstring>
</guideline>
<guideline Category="Dental" FileName="Dental implants" Topic="Dental implants in irradiated bone" Year="2011" id="">
<session PageNumber="14" ReferencePage="9,10" SessionTitle="Dental implants in patients receiving oral bisphosphonates"/>
<classification Grade="C" Level="2+"/>
<fullstring>
C A minimum pre-surgical serum CTX (beta-crosslaps) value of
150pg/ml is recommended before extractions and/or implant
surgery in patients on oral bisphophonate therapy.11
Grade C, Level 2+
</fullstring>
</guideline>
<guideline Category="Dental" FileName="Dental implants" Topic="Dental implants in irradiated bone" Year="2011" id="">
<session PageNumber="14" ReferencePage="9,10" SessionTitle="Dental implants in patients receiving oral bisphosphonates"/>
<classification Grade="C" Level="2+"/>
<fullstring>
C Other non invasive treatment alternatives must also be
discussed with patients.9,10
Grade C, Level 2+
</fullstring>
</guideline>
<guideline Category="Dental" FileName="Dental implants" Topic="Dental implants in irradiated bone" Year="2011" id="">
<session PageNumber="16" ReferencePage="" SessionTitle="Dental implants in patients receiving oral bisphosphonates"/>
<classification Grade="C" Level="2+"/>
<fullstring>
C In patients who have been successfully treated for periodontal
diseases and have lost teeth, dental implants can be used for
tooth/teeth replacements. However, even well-maintained
periodontal patients need to be informed of the higher than normal
risks and potential for complications in dental implant therapy in
the long-term.
Grade C, Level 2+
</fullstring>
</guideline>
<guideline Category="Dental" FileName="Dental implants" Topic="Dental implants in irradiated bone" Year="2011" id="">
<session PageNumber="16" ReferencePage="" SessionTitle="Dental implants in patients receiving oral bisphosphonates"/>
<classification Grade="GPP" Level="GPP"/>
<fullstring>
GPP Patients with periodontal diseases should have their
condition treated and well maintained before dental implants can
be considered. Annual follow up visits to their dentist are
necessary to better maintain implants in patients with a history of
treated periodontitis.
GPP
</fullstring>
</guideline>
<guideline Category="Dental" FileName="Dental implants" Topic="Dental implants in irradiated bone" Year="2011" id="">
<session PageNumber="17" ReferencePage="" SessionTitle="Dental implants in smokers, Smokers and dental implant therapy"/>
<classification Grade="C" Level="2+"/>
<fullstring>
Smokers who undergo dental implant therapy are at higher risk
of early implant failures and should be closely followed-up during
the early healing phase of osseous integration. 29-36
Grade C, Level 2+
</fullstring>
</guideline>
<guideline Category="Dental" FileName="Dental implants" Topic="Dental implants in irradiated bone" Year="2011" id="">
<session PageNumber="17" ReferencePage="" SessionTitle="Dental implants in smokers, Smokers and dental implant therapy"/>
<classification Grade="C" Level="2+"/>
<fullstring>
C For smokers who undergo dental implant therapy, particular
attention should be paid to complications such as peri-implantitis,
marginal bone loss and bone graft healing as part of post-surgical
implant care. Where possible, alternative prosthodontic treatment
methods should be explored with such patients.38
Grade C, Level 2+
</fullstring>
</guideline>
<guideline Category="Dental" FileName="Dental implants" Topic="Dental implants in irradiated bone" Year="2011" id="">
<session PageNumber="18" ReferencePage="" SessionTitle="Dental implants in smokers, Smokers and dental implant therapy"/>
<classification Grade="GPP" Level="GPP"/>
<fullstring>
Patients who are smokers can proceed with dental implant
therapy provided they are warned about the higher risks of
failures, especially early failures.
</fullstring>
</guideline>
<guideline Category="Dental" FileName="Dental implants" Topic="Dental implants in irradiated bone" Year="2011" id="">
<session PageNumber="18" ReferencePage="" SessionTitle="Dental implants in smokers, Smokers and dental implant therapy"/>
<classification Grade="GPP" Level="GPP"/>
<fullstring>
GPP Smokers should be advised to stop smoking during the
healing period and where possible prior to dental implant therapy
and they should seek counselling help to stop the habit altogether.
</fullstring>
</guideline>
<guideline Category="Dental" FileName="Dental implants" Topic="Dental implants in irradiated bone" Year="2011" id="">
<session PageNumber="19" ReferencePage="43-45" SessionTitle="Narrow diameter implants"/>
<classification Grade="B" Level="2++"/>
<fullstring>
Implants of diameters between 2.5mm to 3.3mm can be used predictably for mandibular overdenture retention.
Patients with implants between 2.5mm to 3.3mm for mandibular overdenture retention had good survival rates of more than 98%
in two prospective studies.Grade B, Level 2++
</fullstring>
</guideline>
<guideline Category="Dental" FileName="Dental implants" Topic="Dental implants in irradiated bone" Year="2011" id="">
<session PageNumber="19" ReferencePage="43-45" SessionTitle="Narrow diameter implants"/>
<classification Grade="GPP" Level="GPP"/>
<fullstring>
GPP Due to lack of clinical data regarding implants of less
than 2.5mm in diameter (micro-implants), these implants are not
recommended for routine treatment of edentulism.46
GPP
</fullstring>
</guideline>
<guideline Category="Dental" FileName="Dental implants" Topic="Dental implants in irradiated bone" Year="2011" id="">
<session PageNumber="20" ReferencePage="47-51" SessionTitle="Extraction and replacement with an implant-supported prosthesis versus endodontic treatment and
restoration of teeth with pulpal pathosis"/>
<classification Grade="A" Level="1+"/>
<fullstring>
A Patients with pulpal and/or periapical pathosis may be
treated with either root canal therapy or extraction and
replacement with an endosseous implant-supported dental
prosthesis with similar survival rates.
Grade A, Level 1+
</fullstring>
</guideline>
<guideline Category="Dental" FileName="Dental implants" Topic="Dental implants in irradiated bone" Year="2011" id="">
<session PageNumber="21" ReferencePage="47-58" SessionTitle="Extraction and replacement with an implant-supported prosthesis versus endodontic treatment and
restoration of teeth with pulpal pathosis"/>
<classification Grade="D" Level="3"/>
<fullstring>
D Both non-surgical root canal therapy followed by an
appropriate restoration and single-tooth implant are acceptable
treatment modalities for the treatment of abscessed teeth. The
decision to treat a tooth endodontically or to replace it with an
implant must be based on factors other than the treatment
outcomes of the procedures themselves, such as medical history,
caries, patients’ preference and other socio-economic factors.47,48
Grade D, Level 3
</fullstring>
</guideline>
<guideline Category="Dental" FileName="Dental implants" Topic="Dental implants in irradiated bone" Year="2011" id="">
<session PageNumber="23" ReferencePage="52-59" SessionTitle="Extraction and replacement with an implant-supported prosthesis versus endodontic treatment and
restoration of teeth with pulpal pathosis"/>
<classification Grade="B" Level="2++"/>
<fullstring>
B For the fixed replacement of a single missing tooth, based on 5-
year survival ourcomes, an implant-supported single crown or a
tooth-supported fixed dental prosthesis are viable options. Other
factors apart from survival rates should be taken into
consideration when deciding on the choice of replacement.52-59
Grade B, Level 2++
</fullstring>
</guideline>
<guideline Category="Dental" FileName="Dental implants" Topic="Dental implants in irradiated bone" Year="2011" id="">
<session PageNumber="23" ReferencePage="52-59" SessionTitle="Extraction and replacement with an implant-supported prosthesis versus endodontic treatment and
restoration of teeth with pulpal pathosis"/>
<classification Grade="GPP" Level="GPP"/>
<fullstring>
GPP Patients should receive information that tooth replacements
with fixed dental prosthesis or implants are associated with
incidences of biological and technical complications.52-59
GPP
</fullstring>
</guideline>
<guideline Category="Dental" FileName="Dental implants" Topic="Dental implants in irradiated bone" Year="2011" id="">
<session PageNumber="25" ReferencePage="60" SessionTitle="Extraction and replacement with an implant-supported prosthesis versus endodontic treatment and
restoration of teeth with pulpal pathosis"/>
<classification Grade="B" Level="2++"/>
<fullstring>
Implants may be placed in posterior maxillary grafted sinuses
via the lateral approach.60
Grade B, Level 2++
</fullstring>
</guideline>
<guideline Category="Dental" FileName="Dental implants" Topic="Dental implants in irradiated bone" Year="2011" id="">
<session PageNumber="25" ReferencePage="61" SessionTitle="Extraction and replacement with an implant-supported prosthesis versus endodontic treatment and
restoration of teeth with pulpal pathosis"/>
<classification Grade="B" Level="2++"/>
<fullstring>
B Implants may be placed in posterior maxillary grafted sinuses
via the transalveolar approach.61
Grade B, Level 2++
</fullstring>
</guideline>
<guideline Category="Dental" FileName="Dental implants" Topic="Dental implants in irradiated bone" Year="2011" id="">
<session PageNumber="25" ReferencePage="60,62" SessionTitle="Extraction and replacement with an implant-supported prosthesis versus endodontic treatment and
restoration of teeth with pulpal pathosis"/>
<classification Grade="C" Level="2+"/>
<fullstring>
Rough surface/textured implants placed in grafted posterior
maxillary sinuses with non-autogenous bone graft have similar
survival rates compared to implants placed in grafted posterior
maxillary sinuses with autogenous bone graft.60,62
C Rough surface/textured implants may be placed in grafted
posterior maxillary sinuses with non-autogenous bone graft.
Grade C, Level 2+
</fullstring>
</guideline>
<guideline Category="Dental" FileName="Dental implants" Topic="Dental implants in irradiated bone" Year="2011" id="">
<session PageNumber="27" ReferencePage="65" SessionTitle="Extraction and replacement with an implant-supported prosthesis versus endodontic treatment and
restoration of teeth with pulpal pathosis"/>
<classification Grade="C" Level="2+"/>
<fullstring>
C Implants may be placed in peri-implant defects (dehiscence
and fenestration) treated with guided bone regeneration
techniques.65
Grade C, Level 2+
</fullstring>
</guideline>
<guideline Category="Dental" FileName="Dental implants" Topic="Dental implants in irradiated bone" Year="2011" id="">
<session PageNumber="27" ReferencePage="" SessionTitle="Extraction and replacement with an implant-supported prosthesis versus endodontic treatment and
restoration of teeth with pulpal pathosis"/>
<classification Grade="GPP" Level="GPP"/>
<fullstring>
GPP Localised defects in edentulous ridges should be carefully
evaluated and grafting can be considered to optimise the outcome
of implant treatment.
GPP
</fullstring>
</guideline>
<guideline Category="Dental" FileName="Dental implants" Topic="Dental implants in irradiated bone" Year="2011" id="">
<session PageNumber="27" ReferencePage="" SessionTitle="Extraction and replacement with an implant-supported prosthesis versus endodontic treatment and
restoration of teeth with pulpal pathosis"/>
<classification Grade="C" Level="2+"/>
<fullstring>
Implants may be placed in sites covered with resorbable
membranes.Grade C, Level 2+
</fullstring>
</guideline>
<guideline Category="Dental" FileName="Dental implants" Topic="Dental implants in irradiated bone" Year="2011" id="">
<session PageNumber="27" ReferencePage="" SessionTitle="Extraction and replacement with an implant-supported prosthesis versus endodontic treatment and
restoration of teeth with pulpal pathosis"/>
<classification Grade="GPP" Level="GPP"/>
<fullstring>
GPP Both resorbable and non resorbable membranes can be
considered when augmenting localised defects. Special attention
however should be given to the manipulation and follow-up of
patients who have undergone non-resorbable membrane
application in the light of its higher complication rates.
GPP
</fullstring>
</guideline>
<guideline Category="Dental" FileName="Dental implants" Topic="Dental implants in irradiated bone" Year="2011" id="">
<session PageNumber="27" ReferencePage="77" SessionTitle="Extraction and replacement with an implant-supported prosthesis versus endodontic treatment and
restoration of teeth with pulpal pathosis"/>
<classification Grade="C" Level="2+"/>
<fullstring>
C Implants may be placed in atrophied ridges augmented by
various techniques (other than onlay grafting).
Grade C, Level 2+
</fullstring>
</guideline>
<guideline Category="Dental" FileName="Dental implants" Topic="Dental implants in irradiated bone" Year="2011" id="">
<session PageNumber="27" ReferencePage="" SessionTitle="Extraction and replacement with an implant-supported prosthesis versus endodontic treatment and
restoration of teeth with pulpal pathosis"/>
<classification Grade="GPP" Level="GPP"/>
<fullstring>
GPP Atrophic ridges should be carefully evaluated and different
grafting options must be considered as we plan for implant
rehabilitation in these situations. Implant positions must be
carefully planned out in grafted atrophic ridges to ensure better,
long-term implant survival rate. An optimal balance of load
distribution, satisfactory esthetics and functionality must be taken
into consideration.
GPP
</fullstring>
</guideline>
<guideline Category="Dental" FileName="Dental implants" Topic="Dental implants in irradiated bone" Year="2011" id="">
<session PageNumber="27" ReferencePage="" SessionTitle="Extraction and replacement with an implant-supported prosthesis versus endodontic treatment and
restoration of teeth with pulpal pathosis"/>
<classification Grade="C" Level="2+"/>
<fullstring>
The efficacy of different grafting techniques in severely
atrophic edentulous sites seem to be comparable. Apart from
onlay grafting in severely resorbed maxillary areas which shows
higher potential for failure and complications, the other
techniques proved to be equally effective.
Grade C, Level 2+
</fullstring>
</guideline>
<guideline Category="Dental" FileName="Dental implants" Topic="Dental implants in irradiated bone" Year="2011" id="">
<session PageNumber="27" ReferencePage="" SessionTitle="Extraction and replacement with an implant-supported prosthesis versus endodontic treatment and
restoration of teeth with pulpal pathosis"/>
<classification Grade="GPP" Level="GPP"/>
<fullstring>
GPP Other augmentation options should be considered before
choosing onlay grafting for severely resorbed maxillary
edentulous site
GPP
</fullstring>
</guideline>
<guideline Category="Dental" FileName="Dental implants" Topic="Dental implants in irradiated bone" Year="2011" id="">
<session PageNumber="29" ReferencePage="84" SessionTitle="Extraction and replacement with an implant-supported prosthesis versus endodontic treatment and
restoration of teeth with pulpal pathosis"/>
<classification Grade="D" Level="2+"/>
<fullstring>
D As the treatment of choice, a fixed dental prosthesis supported
by osseointegrated implants should be connected to other
osseointegrated implants, independent of natural teeth.
Connection of osseointegrated implants to natural teeth via a
fixed dental prosthesis may be done with adequate warning of a
higher complication and failure rates.
Grade D, Level 2+
</fullstring>
</guideline>
<guideline Category="Dental" FileName="Dental implants" Topic="Dental implants in irradiated bone" Year="2011" id="">
<session PageNumber="29" ReferencePage="85" SessionTitle="Extraction and replacement with an implant-supported prosthesis versus endodontic treatment and
restoration of teeth with pulpal pathosis"/>
<classification Grade="D" Level="3"/>
<fullstring>
D When implants are connected to natural teeth, rigid connection
should be used, and only on teeth which are periodontally
sound.Regular checks are necessary as mechanical
complications and increased marginal bone loss may be expected
around either implant or tooth.
Modified connections retaining the rigid characteristics that have been proposed without long
term results should not be used until more results are available.
Grade D, Level 3
</fullstring>
</guideline>
<guideline Category="Dental" FileName="Dental implants" Topic="Dental implants in irradiated bone" Year="2011" id="">
<session PageNumber="31" ReferencePage="" SessionTitle="Extraction and replacement with an implant-supported prosthesis versus endodontic treatment and
restoration of teeth with pulpal pathosis"/>
<classification Grade="C" Level="2+"/>
<fullstring>
C Dental implants should be placed in healed sockets as the
treatment of choice.
Grade C, Level 2+
</fullstring>
</guideline>
<guideline Category="Dental" FileName="Dental implants" Topic="Dental implants in irradiated bone" Year="2011" id="">
<session PageNumber="31" ReferencePage="92,93" SessionTitle="Extraction and replacement with an implant-supported prosthesis versus endodontic treatment and
restoration of teeth with pulpal pathosis"/>
<classification Grade="C" Level="2++"/>
<fullstring>
C Implants may be placed into fresh extraction sockets with the
patient’s understanding that the survival rate is lower than that
placed into healed sockets.
Immediate loading of implants
placed into fresh extraction sockets should not be done
routinely.
Grade C, Level 2++
</fullstring>
</guideline>
<guideline Category="Dental" FileName="Dental implants" Topic="Dental implants in irradiated bone" Year="2011" id="">
<session PageNumber="31" ReferencePage="96,98-104" SessionTitle="Edentulous mandible"/>
<classification Grade="A" Level="1++"/>
<fullstring>
A Root-form endosseous implants (two or four units) inserted for
the purpose of retaining or supporting a removable dental
prosthesis that are rigidly splinted together may be loaded
immediately.
Grade A, Level 1++
</fullstring>
</guideline>
<guideline Category="Dental" FileName="Dental implants" Topic="Dental implants in irradiated bone" Year="2011" id="">
<session PageNumber="34" ReferencePage="98,101,104,105" SessionTitle="Edentulous mandible"/>
<classification Grade="B" Level="2++"/>
<fullstring>
B Root-form endosseous implants (four or more units) inserted
for the purpose of supporting a fixed one-piece full arch dental
prosthesis may be loaded immediately.
Grade B, Level 2++
</fullstring>
</guideline>
<guideline Category="Dental" FileName="Dental implants" Topic="Dental implants in irradiated bone" Year="2011" id="">
<session PageNumber="34" ReferencePage="98,101,105" SessionTitle="Edentulous mandible"/>
<classification Grade="C" Level="2+"/>
<fullstring>
C Root-form endosseous implants (six or more units) inserted for
the purpose of supporting a fixed one-piece full arch dental
prosthesis may be loaded immediately.
Grade C, Level 2+
</fullstring>
</guideline>
<guideline Category="Dental" FileName="Dental implants" Topic="Dental implants in irradiated bone" Year="2011" id="">
<session PageNumber="34" ReferencePage="113" SessionTitle="Single tooth replacement"/>
<classification Grade="A" Level="1++"/>
<fullstring>
A Conventional loading of a single root-form endosseous implant
inserted for the purpose of supporting a single crown is the loading protocol of choice.
Immediate loading of a single root-form endosseous implant inserted for the purpose of supporting a
single crown may be done with caution.
Grade A, Level 1++
</fullstring>
</guideline>
<guideline Category="Dental" FileName="Dental implants" Topic="Dental implants in irradiated bone" Year="2011" id="">
<session PageNumber="34" ReferencePage="96-98,111,112" SessionTitle="Multiple-tooth partial edentulous maxilla/mandible"/>
<classification Grade="B" Level="2++"/>
<fullstring>
B Conventional loading of multiple root-form endosseous
implants inserted for the purpose of supporting a multiple-unit
fixed prosthesis in the anterior or posterior maxilla/mandible is
the loading protocol of choice.Immediateloadin g of multiple root-form 
endosseous implants inserted for
the purpose of supporting multiple-unit fixed prosthesis in the
anterior or posterior maxilla/mandible may be done with
caution.
Grade B, Level 2++
</fullstring>
</guideline>
 </cpgs>
