<?xml version="1.0" encoding="UTF-8" standalone="no"?>
<cpgs>
<guideline Category="Dental" FileName="Dental implants in edentunism" Topic="Dental implants in irradiated bone" Year="2012" id="">
<session PageNumber="1" ReferencePage="11" SessionTitle="Dental implants in irradiated bone"/>
<classification Grade="C" Level="2+"/>
<fullstring>
C The implant team must work closely with the cancer team members
such as the radiation oncologist, oral and maxillofacial surgeon,
prosthodontist, otolaryngologists/head and neck surgeons, plastic surgeon,
speech therapists, dietician and physiotherapist. Such a combined
consultation will lead to optimal planning as addressing questions such as
(a) Can bone from tumour resection be saved and reused in the same  surgery? 
(b) Can implants of placed prior or during the resection surgery?
(c) Expected  healing   found in the main multidisciplinary treatment plan text at the pages indicated.(pg 11).  
</fullstring>
</guideline>
<guideline Category="Dental" FileName="Dental implants in edentunism" Topic="Dental implants in irradiated bone" Year="2012" id="">
<session PageNumber="1" ReferencePage="12" SessionTitle="Dental implants in irradiated bone"/>
<classification Grade="C" Level="2+"/>
<fullstring>
Placement of endosseous implants in patients with a history of head and
neck radiation therapy may be performed by clinicians with experience and
training in head and neck radiation therapy (pg 12).Grade C, Level 2+
</fullstring>
</guideline>
<guideline Category="Dental" FileName="Dental implants in edentunism" Topic="Dental implants in irradiated bone" Year="2012" id="">
<session PageNumber="2" ReferencePage="16" SessionTitle="Dental implants in irradiated bone"/>
<classification Grade="GPP" Level="GPP"/>
<fullstring>
GPP Patients with perioontal diseases should have their condition
Dental implants in smokers treated and well maintained before dental implants can be
considered. Annual follow up visits to their dentist are necessary to better
C Smokers who undergo dental implant therapy are at higher risk of early
maintain implants in patients with a history of treated periodontitis (pg 16).
implant failures and should be closely followed-up during the early healing
GPP
</fullstring>
</guideline>
<guideline Category="Dental" FileName="Dental implants in edentunism" Topic="Dental implants in irradiated bone" Year="2012" id="">
<session PageNumber="2" ReferencePage="17" SessionTitle="Dental implants in smokers"/>
<classification Grade="C" Level="2+"/>
<fullstring>             
C Smokers who undergo dental implant therapy are at higher risk of early
implant failures and should be closely followed-up during the early healing
phase of osseous integration (pg 17).
</fullstring>
</guideline>
<guideline Category="Dental" FileName="Dental implants in edentunism" Topic="Dental implants in irradiated bone" Year="2012" id="">
<session PageNumber="2" ReferencePage="17" SessionTitle="Dental implants in smokers"/>
<classification Grade="C" Level="2+"/>
<fullstring> 
For smokers who undergo dental implant therapy, particular attention
should be paid to complications such as peri-implantitis, marginal bone
loss and bone graft healing as part of post-surgical implant care. Where
possible, alternative prosthodontic treatment methods should be explored
with such patients (pg 17).
</fullstring>
</guideline>
<guideline Category="Dental" FileName="Dental implants in edentunism" Topic="Dental implants in irradiated bone" Year="2012" id="">
<session PageNumber="3" ReferencePage="17" SessionTitle="Dental implants in smokers"/>
<classification Grade="C" Level="2+"/>
<fullstring>                                  
C For smokers who undergo dental implant therapy, particular attention
should be paid to complications such as peri-implantitis, marginal bone
loss and bone graft healing as part of post-surgical implant care. Where
possible, alternative prosthodontic treatment methods should be explored
with such patients (pg 17).
</fullstring>
</guideline>
<guideline Category="Dental" FileName="Dental implants in edentunism" Topic="Dental implants in irradiated bone" Year="2012" id="">
<session PageNumber="3" ReferencePage="18" SessionTitle="Dental implants in smokers"/>
<classification Grade="GPP" Level="GPP"/>
<fullstring> 
GPP Patients who are smokers can proceed with dental implant therapy
provided they are warned about the higher risks of failures, especially early
failures (pg 18).
</fullstring>
</guideline>
<guideline Category="Dental" FileName="Dental implants in edentunism" Topic="Dental implants in irradiated bone" Year="2012" id="">
<session PageNumber="3" ReferencePage="18" SessionTitle="Dental implants in smokers"/>
<classification Grade="GPP" Level="GPP"/>
<fullstring>                              
GPP Smokers should be advised to stop smoking during the healing
period and where possible prior to dental implant therapy and they should
seek counselling help to stop the habit altogether (pg 18).
</fullstring>
</guideline>
<guideline Category="Dental" FileName="Dental implants in edentunism" Topic="Dental implants in irradiated bone" Year="2012" id="">
<session PageNumber="3" ReferencePage="19" SessionTitle="Narrow diameter implants"/>
<classification Grade="B" Level="2++"/>
<fullstring> 
Implants of diameters between 2.5mm to 3.3mm can be used predictably
for mandibular overdenture retention (pg 19).
</fullstring>
</guideline>
<guideline Category="Dental" FileName="Dental implants in edentunism" Topic="Dental implants in irradiated bone" Year="2012" id="">
<session PageNumber="3" ReferencePage="19" SessionTitle="Dental implants in smokers"/>
<classification Grade="GPP" Level="GPP"/>
<fullstring> 
GPP       Due to lack of clinical data regarding implants of less than 2.5mm
in diameter (micro-implants), these implants are not recommended for
routine treatment of edentulism (pg 19).
</fullstring>
</guideline>
<guideline Category="Dental" FileName="Dental implants in edentunism" Topic="Dental implants in irradiated bone" Year="2012" id="">
<session PageNumber="3" ReferencePage="20" SessionTitle="Dental implants in smokers"/>
<classification Grade="A" Level="1+"/>
<fullstring> 
A Patients with pulpal and/or periapical pathosis may be treated with
either root canal therapy or extraction and replacement with an endosseous
implant-supported dental prosthesis with similar survival rates (pg 20).
</fullstring>
</guideline>
<guideline Category="Dental" FileName="Dental implants in edentunism" Topic="Dental implants in irradiated bone" Year="2012" id="">
<session PageNumber="4" ReferencePage="21" SessionTitle="Dental implants in smokers"/>
<classification Grade="D" Level="4"/>
<fullstring> 
Both non-surgical root canal therapy followed by an appropriate
restoration and single-tooth implant are acceptable treatment modalities for
the treatment of abscessed teeth. The decision to treat a tooth
endodontically or to replace it with an implant must be based on factors
other than the treatment outcomes of the procedures themselves, such as
medical history, caries, patients’ preference and other socio-economic
factors (pg 21).
</fullstring>
</guideline>
<guideline Category="Dental" FileName="Dental implants in edentunism" Topic="Dental implants in irradiated bone" Year="2012" id="">
<session PageNumber="4" ReferencePage="23" SessionTitle="Implant-supported versus tooth-supported fixed dental prosthesis"/>
<classification Grade="B" Level="2++"/>
<fullstring> 
For the fixed replacement of a single missing tooth, based on 5-year
survival ourcomes, an implant-supported single crown or a tooth-supported
fixed dental prosthesis are viable options. Other factors apart from survival
rates should be taken into consideration when deciding on the choice of
replacement (pg 23).
</fullstring>
</guideline>
<guideline Category="Dental" FileName="Dental implants in edentunism" Topic="Dental implants in irradiated bone" Year="2012" id="">
<session PageNumber="4" ReferencePage="23" SessionTitle="Implant-supported versus tooth-supported fixed dental prosthesis"/>
<classification Grade="GPP" Level="GPP"/>
<fullstring>
GPP Patients should receive information that tooth replacements with
fixed dental prosthesis or implants are associated with incidences of
biological and technical complications (pg 23).
</fullstring>
</guideline>
<guideline Category="Dental" FileName="Dental implants in edentunism" Topic="Dental implants in irradiated bone" Year="2012" id="">
<session PageNumber="4" ReferencePage="25" SessionTitle="Implant-supported versus tooth-supported fixed dental prosthesis"/>
<classification Grade="B" Level="2++"/>
<fullstring>
Implants may be placed in posterior maxillary grafted sinuses via the
lateral approach (pg 25).
</fullstring>
</guideline>
<guideline Category="Dental" FileName="Dental implants in edentunism" Topic="Dental implants in irradiated bone" Year="2012" id="">
<session PageNumber="4" ReferencePage="25" SessionTitle="Implant-supported versus tooth-supported fixed dental prosthesis"/>
<classification Grade="B" Level="2++"/>
<fullstring>
B Implants may be placed in posterior maxillary grafted sinuses via the
transalveolar approach (pg 25).
</fullstring>
</guideline>
<guideline Category="Dental" FileName="Dental implants in edentunism" Topic="Dental implants in irradiated bone" Year="2012" id="">
<session PageNumber="4" ReferencePage="25" SessionTitle="Implant-supported versus tooth-supported fixed dental prosthesis"/>
<classification Grade="C" Level="2+"/>
<fullstring>
Rough surface/textured implants may be placed in grafted posterior
maxillary sinuses with non-autogenous bone graft (pg 25).
</fullstring>
</guideline>
<guideline Category="Dental" FileName="Dental implants in edentunism" Topic="Dental implants in irradiated bone" Year="2012" id="">
<session PageNumber="5" ReferencePage="27" SessionTitle="Implants in augmented ridges"/>
<classification Grade="C" Level="2+"/>
<fullstring>
Implants may be placed in peri-implant defects (dehiscence and
fenestration) treated with guided bone regeneration techniques (pg 27).
</fullstring>
</guideline>
<guideline Category="Dental" FileName="Dental implants in edentunism" Topic="Dental implants in irradiated bone" Year="2012" id="">
<session PageNumber="5" ReferencePage="27" SessionTitle="Implants in augmented ridges"/>
<classification Grade="GPP" Level="GPP"/>
<fullstring>
GPP Localised defects in edentulous ridges should be carefully evaluated
and grafting can be considered to optimise the outcome of             implant
treatment (pg 27).
</fullstring>
</guideline>
<guideline Category="Dental" FileName="Dental implants in edentunism" Topic="Dental implants in irradiated bone" Year="2012" id="">
<session PageNumber="5" ReferencePage="27" SessionTitle="Implants in augmented ridges"/>
<classification Grade="C" Level="2+"/>
<fullstring>
Implants may be placed in sites covered with resorbable membranes (pg 27).                
</fullstring>
</guideline>
<guideline Category="Dental" FileName="Dental implants in edentunism" Topic="Dental implants in irradiated bone" Year="2012" id="">
<session PageNumber="5" ReferencePage="27" SessionTitle="Implants in augmented ridges"/>
<classification Grade="GPP" Level="GPP"/>
<fullstring>
GPP Both resorbable and non resorbable membranes can be considered
when augmenting localised defects. Special attention however should be
given to the manipulation and follow-up of patients who have undergone
non-resorbable membrane application in the light of its higher
complication rates (pg 27).
</fullstring>
</guideline>
<guideline Category="Dental" FileName="Dental implants in edentunism" Topic="Dental implants in irradiated bone" Year="2012" id="">
<session PageNumber="5" ReferencePage="28" SessionTitle="Implants in augmented ridges"/>
<classification Grade="C" Level="2+"/>
<fullstring>
C Implants may be placed in atrophied ridges augmented by various
techniques (other than onlay grafting) (pg 28).
</fullstring>
</guideline>
<guideline Category="Dental" FileName="Dental implants in edentunism" Topic="Dental implants in irradiated bone" Year="2012" id="">
<session PageNumber="5" ReferencePage="28" SessionTitle="Implants in augmented ridges"/>
<classification Grade="GPP" Level="GPP"/>
<fullstring>
GPP Atrophic ridges should be carefully evaluated and different grafting
options must be considered as we plan for implant rehabilitation in these
situations. Implant positions must be carefully planned out in grafted
atrophic ridges to ensure better, long-term implant survival rate. An
optimal balance of load distribution, satisfactory esthetics and functionality
must be taken into consideration (pg 28).
</fullstring>
</guideline>
<guideline Category="Dental" FileName="Dental implants in edentunism" Topic="Dental implants in irradiated bone" Year="2012" id="">
<session PageNumber="5" ReferencePage="28" SessionTitle="Implants in augmented ridges"/>
<classification Grade="C" Level="2+"/>
<fullstring>
C The efficacy of different grafting techniques in severely atrophic
edentulous sites seem to be comparable. Apart from onlay grafting in
severely resorbed maxillary areas which shows higher potential for failure
and complications, the other techniques proved to be equally effective
(pg 28).Grade C, Level 2+
</fullstring>
</guideline>
<guideline Category="Dental" FileName="Dental implants in edentunism" Topic="Dental implants in irradiated bone" Year="2012" id="">
<session PageNumber="6" ReferencePage="28" SessionTitle="Implants in augmented ridges"/>
<classification Grade="GPP" Level="GPP"/>
<fullstring>
GPP Other augmentation options should be considered before choosing
onlay grafting for severely resorbed maxillary edentulous sites (pg 28).
</fullstring>
</guideline>
<guideline Category="Dental" FileName="Dental implants in edentunism" Topic="Dental implants in irradiated bone" Year="2012" id="">
<session PageNumber="6" ReferencePage="29" SessionTitle="Connection of dental implants to natural teeth"/>
<classification Grade="D" Level="2+"/>
<fullstring>
As the treatment of choice, a fixed dental prosthesis supported by
osseointegrated implants should be connected to other osseointegrated
implants, independent of natural teeth. Connection of osseointegrated
implants to natural teeth via a fixed dental prosthesis may be done with
adequate warning of a higher complication and failure rates (pg 29).
</fullstring>
</guideline>
<guideline Category="Dental" FileName="Dental implants in edentunism" Topic="Dental implants in irradiated bone" Year="2012" id="">
<session PageNumber="6" ReferencePage="29" SessionTitle="Connection of dental implants to natural teeth"/>
<classification Grade="D" Level="3"/>
<fullstring>
D When implants are connected to natural teeth, rigid connection should
be used, and only on teeth which are periodontally sound. Regular checks
are necessary as mechanical complications and increased marginal bone
loss may be expected around either implant or tooth. Modified connections
retaining the rigid characteristics that have been proposed without long
term results should not be used until more results are available (pg 29).
</fullstring>
</guideline>
<guideline Category="Dental" FileName="Dental implants in edentunism" Topic="Dental implants in irradiated bone" Year="2012" id="">
<session PageNumber="6" ReferencePage="31" SessionTitle="Placement protocol/timing"/>
<classification Grade="C" Level="2+"/>
<fullstring>
C Dental implants should be placed in healed sockets as the treatment of
choice (pg 31).
</fullstring>
</guideline>
<guideline Category="Dental" FileName="Dental implants in edentunism" Topic="Dental implants in irradiated bone" Year="2012" id="">
<session PageNumber="6" ReferencePage="31" SessionTitle="Placement protocol/timing"/>
<classification Grade="C" Level="2++"/>
<fullstring>
C Implants may be placed into fresh extraction sockets with the patient’s
understanding that the survival rate is lower than that placed into healed
sockets. Immediate loading of implants placed into fresh extraction sockets
should not be done routinely (pg 31).
</fullstring>
</guideline>
<guideline Category="Dental" FileName="Dental implants in edentunism" Topic="Dental implants in irradiated bone" Year="2012" id="">
<session PageNumber="6" ReferencePage="33" SessionTitle="Loading protocol/timing"/>
<classification Grade="A" Level="1++"/>
<fullstring>
A Root-form endosseous implants (two or four units) inserted for the
purpose of retaining or supporting a removable dental prosthesis that are
rigidly splinted together may be loaded immediately (pg 33).
</fullstring>
</guideline>
<guideline Category="Dental" FileName="Dental implants in edentunism" Topic="Dental implants in irradiated bone" Year="2012" id="">
<session PageNumber="7" ReferencePage="33" SessionTitle="Loading protocol/timing"/>
<classification Grade="B" Level="2++"/>
<fullstring>
B Root-form endosseous implants (four or more units) inserted for the
purpose of supporting a fixed one-piece full arch dental prosthesis may be
loaded immediately (pg 33).
</fullstring>
</guideline>
<guideline Category="Dental" FileName="Dental implants in edentunism" Topic="Dental implants in irradiated bone" Year="2012" id="">
<session PageNumber="7" ReferencePage="34" SessionTitle="Loading protocol/timing"/>
<classification Grade="B" Level="2++"/>
<fullstring>                                              
B Root-form endosseous implants (two or four units) inserted for the
purpose of retaining or supporting a removable dental prosthesis should
not be loaded immediately (pg 34).
</fullstring>
</guideline>
<guideline Category="Dental" FileName="Dental implants in edentunism" Topic="Dental implants in irradiated bone" Year="2012" id="">
<session PageNumber="7" ReferencePage="34" SessionTitle="Loading protocol/timing"/>
<classification Grade="C" Level="2+"/>
<fullstring>
C Root-form endosseous implants (six or more units) inserted for the
purpose of supporting a fixed one-piece full arch dental prosthesis may be
loaded immediately (pg 34). Grade C, Level 2+
</fullstring>
</guideline>
<guideline Category="Dental" FileName="Dental implants in edentunism" Topic="Dental implants in irradiated bone" Year="2012" id="">
<session PageNumber="7" ReferencePage="34" SessionTitle="Loading protocol/timing"/>
<classification Grade="A" Level="1++"/>
<fullstring>
A Conventional loading of a single root-form endosseous implant inserted
for the purpose of supporting a single crown is the loading protocol of
choice. Immediate loading of a single root-form endosseous implant
inserted for the purpose of supporting a single crown may be done with
caution (pg 34).
</fullstring>
</guideline>
<guideline Category="Dental" FileName="Dental implants in edentunism" Topic="Dental implants in irradiated bone" Year="2012" id="">
<session PageNumber="7" ReferencePage="34" SessionTitle="Loading protocol/timing"/>
<classification Grade="B" Level="2++"/>
<fullstring>
B Conventional loading of multiple root-form endosseous implants
inserted for the purpose of supporting a multiple-unit fixed prosthesis in
the anterior or posterior maxilla/mandible is the loading protocol of choice.
Immediate loading of multiple root-form endosseous implants inserted for
the purpose of supporting multiple-unit fixed prosthesis in the anterior or
posterior maxilla/mandible may be done with caution (pg 34).Grade B, Level 2++
</fullstring>
</guideline>
</cpgs>
