<?xml version="1.0" encoding="UTF-8" standalone="no"?>
<cpgs>
<guideline Category="Medical" FileName="Depression summary card 4" Topic="Depression" Year="2011" id="364">
<session PageNumber="1" ReferencePage="20" SessionTitle="Clinical evaluation"/>
<classification Grade="D" Level="4"/>
<fullstring>
The basic assessment of depression includes the history, the mental state
examination and physical examination.Take a detailed history of the presenting symptoms and determine the
severity and duration of the depressive episode. Establish history of
prior episodes, prior manic or hypomanic episodes, substance abuse
and other psychiatric illnesses. Look out for co-existing medical
conditions. Check for family history of mental illness, depression and
suicide. Establish the personal history and the available supports and
resources. Evaluate functional impairment and determine life events
and stressors.
Do a mental state examination. This includes an evaluation of the
severity of symptoms and assessment for psychotic symptoms. All
assessments of depression will include an assessment of the risk of
suicide, self-harm and risk of harm to others (See Annex II on pg 58).
Do a physical examination to exclude a medical or surgical condition.
Laboratory testing may be indicated if there is a need to rule out
medical conditions that may cause similar symptoms.
(pg 20).Grade D, Level 4
</fullstring>
</guideline>
<guideline Category="Medical" FileName="Depression summary card 4" Topic="Depression" Year="2011" id="365">
<session PageNumber="2" ReferencePage="21" SessionTitle="Clinical evaluation"/>
<classification Grade="D" Level="4"/>
<fullstring>
D Screening for depression may be beneficial when it is done in high-risk
populations (such as individuals with significant physical illnesses causing
disability) where the benefits outweigh the risks (pg 21).
Grade D, Level 4
</fullstring>
</guideline>
<guideline Category="Medical" FileName="Depression summary card 4" Topic="Depression" Year="2011" id="366">
<session PageNumber="2" ReferencePage="21" SessionTitle="Clinical evaluation"/>
<classification Grade="C" Level="2+"/>
<fullstring>
C The PHQ-9 (patient health questionnaire 9) may be used to screen for
depression in primary care (pg 21).
Grade C, Level 2+
</fullstring>
</guideline>
<guideline Category="Medical" FileName="Depression summary card 4" Topic="Depression" Year="2011" id="367">
<session PageNumber="2" ReferencePage="22" SessionTitle="Clinical evaluation"/>
<classification Grade="D" Level="4"/>
<fullstring>
D Referrals to a specialist are warranted when:
there are co-morbid medical conditions for which expertise is required
regarding drug-drug interactions,
there is diagnostic difficulty,
one or two trials of medication have failed,
augmentation or combination therapy is needed,
there are co-morbid substance abuse or severe psychosocial problems,
psychotic symptoms are present, or
specialised treatment like electroconvulsive therapy is indicated.
(pg 22)
Grade D, Level 4
</fullstring>
</guideline>
<guideline Category="Medical" FileName="Depression summary card 4" Topic="Depression" Year="2011" id="368">
<session PageNumber="2" ReferencePage="25" SessionTitle="Principles of treatment"/>
<classification Grade="GPP" Level="GPP"/>
<fullstring>
GPP Consider using the Clinical Global Impression scales (both severity
and improvement component scales) to measure illness severity and
treatment progress during consultations (pg 25).
GPP
</fullstring>
</guideline>
<guideline Category="Medical" FileName="Depression summary card 4" Topic="Depression" Year="2011" id="369">
<session PageNumber="2" ReferencePage="26" SessionTitle="Pharmacotherapy"/>
<classification Grade="A" Level="1+"/>
<fullstring>
A Antidepressants should be recommended as a first-line treatment in
patients with moderate to severe depression, or sub-threshold depression
that has persisted for 2 years or more (pg 26).
Grade A, Level 1+
</fullstring>
</guideline>
<guideline Category="Medical" FileName="Depression summary card 4" Topic="Depression" Year="2011" id="370">
<session PageNumber="3" ReferencePage="26" SessionTitle="Pharmacotherapy"/>
<classification Grade="D" Level="4"/>
<fullstring>
D Antidepressants are a treatment option in short duration mild depression
in adults and should be considered if there is a history of moderate to severe
recurrent depression or if the depression persists for more than 2–3 months
(pg 26).
Grade D, Level 4
</fullstring>
</guideline>
<guideline Category="Medical" FileName="Depression summary card 4" Topic="Depression" Year="2011" id="371">
<session PageNumber="3" ReferencePage="27" SessionTitle="Pharmacotherapy"/>
<classification Grade="D" Level="4"/>
<fullstring>
D If the patient has previously responded well to and has had minimal side-
effects with a drug, that drug is preferred. Alternatively, if the patient has
previously failed to respond to an adequate trial of one antidepressant or
found the side-effects of an antidepressant intolerable, that medication
should generally be avoided (pg 27).
Grade D, Level 4
</fullstring>
</guideline>
<guideline Category="Medical" FileName="Depression summary card 4" Topic="Depression" Year="2011" id="372">
<session PageNumber="3" ReferencePage="27" SessionTitle="Pharmacotherapy"/>
<classification Grade="A" Level="1+"/>
<fullstring>
A Once an antidepressant has been selected, start with a low dose and
titrate gradually to the full therapeutic dose, while assessing patients’
mental state and watching for side-effects. The frequency of monitoring
depends on the severity of the depression, suicide risk, the patient’s
cooperation and the availability of social support (pg 27).
Grade A, Level 1+
</fullstring>
</guideline>
<guideline Category="Medical" FileName="Depression summary card 4" Topic="Depression" Year="2011" id="373">
<session PageNumber="3" ReferencePage="28" SessionTitle="Pharmacotherapy"/>
<classification Grade="A" Level="1++"/>
<fullstring>
A A selective serotonin reuptake inhibitor (SSRI) antidepressant should be
used as a first-line medication for treating depression, due to its favourable
risk-benefit ratio, greater tolerability and safety in overdose (pg 28).
Grade A, Level 1++
</fullstring>
</guideline>
<guideline Category="Medical" FileName="Depression summary card 4" Topic="Depression" Year="2011" id="374">
<session PageNumber="3" ReferencePage="28" SessionTitle="Pharmacotherapy"/>
<classification Grade="A" Level="1++"/>
<fullstring>
A Selective serotonin reuptake inhibitor (SSRI) antidepressants should be
prescribed as a first line medication for depression in patients with
concomitant cardiovascular diseases due to their favourable risk-benefit
ratio (pg 28).
Grade A, Level 1++
</fullstring>
</guideline>
<guideline Category="Medical" FileName="Depression summary card 4" Topic="Depression" Year="2011" id="375">
<session PageNumber="3" ReferencePage="28" SessionTitle="Pharmacotherapy"/>
<classification Grade="A" Level="1+"/>
<fullstring>
A The ‘‘newer’’ antidepressants can also be considered as other first-line
options for treating depression. They include:
Serotonin and Norepinephrine Reuptake Inhibitors (SNRI) (e.g.
venlafaxine)
Noradrenergic and Specific Serotonergic Antidepressants (NaSSA)
(e.g. mirtazapine)
Norepinephrine and Dopamine Reuptake Inhibitors (NDRI) (e.g.
bupropion).(pg 28)
Grade A, Level 1+
</fullstring>
</guideline>
<guideline Category="Medical" FileName="Depression summary card 4" Topic="Depression" Year="2011" id="376">
<session PageNumber="4" ReferencePage="28" SessionTitle="Pharmacotherapy"/>
<classification Grade="D" Level="4"/>
<fullstring>
D Where there are interactions with other drugs, use of escitalopram or
sertraline should be considered as they have fewer propensities for
interactions, appear to be safe and possibly protective of further cardiac
events (pg 28).
Grade D, Level 4
</fullstring>
</guideline>
<guideline Category="Medical" FileName="Depression summary card 4" Topic="Depression" Year="2011" id="377">
<session PageNumber="4" ReferencePage="29" SessionTitle="Pharmacotherapy"/>
<classification Grade="A" Level="1++"/>
<fullstring>
A Due to their cardiotoxic adverse effect risks, tricyclic antidepressants
(TCA) should be avoided in patients at high risk of cardiovascular disease,
arrhythmias and cardiac failure (pg 29).
Grade A, Level 1++
</fullstring>
</guideline>
<guideline Category="Medical" FileName="Depression summary card 4" Topic="Depression" Year="2011" id="378">
<session PageNumber="4" ReferencePage="29" SessionTitle="Pharmacotherapy"/>
<classification Grade="A" Level="1+"/>
<fullstring>
A Older tricyclic antidepressants and monoamine oxidase inhibitors
(MAOIs) should be reserved for situations when first-line medication
treatment has failed (pg 29).
Grade A, Level 1+
</fullstring>
</guideline>
<guideline Category="Medical" FileName="Depression summary card 4" Topic="Depression" Year="2011" id="379">
<session PageNumber="4" ReferencePage="29" SessionTitle="Pharmacotherapy"/>
<classification Grade="B" Level="1+"/>
<fullstring>
B A new class of antidepressants, known as melatonin agonists, e.g.
agomelatine, may also be considered as an alternative treatment option for
depression, if first-line medication is unsuitable or has failed (pg 29).
Grade B, Level 1+
</fullstring>
</guideline>
<guideline Category="Medical" FileName="Depression summary card 4" Topic="Depression" Year="2011" id="380">
<session PageNumber="4" ReferencePage="29" SessionTitle="Pharmacotherapy"/>
<classification Grade="D" Level="3"/>
<fullstring>
D When an antidepressant is to be prescribed, tailor it to the patient with
depression and a chronic physical health problem, and take into account the
following:
the presence of additional physical health disorders.
the side effects of antidepressants, which may impact on the
underlying physical disease (in particular, selective serotonin reuptake
inhibitors may result in or exacerbate hyponatraemia, especially in
older people.
interactions with other medications.
(pg 29)
Grade D, Level 3
</fullstring>
</guideline>
<guideline Category="Medical" FileName="Depression summary card 4" Topic="Depression" Year="2011" id="381">
<session PageNumber="4" ReferencePage="29" SessionTitle="Pharmacotherapy"/>
<classification Grade="C" Level="2+"/>
<fullstring>
C The emergence of suicidal thinking and behaviour, or unusual changes
in behaviour should be monitored during the early phases (generally the
first 1-2 months) of antidepressant treatment, especially in children,
adolescents and young adults between 18 to 24 years old (pg 29).
Grade C, Level 2+
</fullstring>
</guideline>
<guideline Category="Medical" FileName="Depression summary card 4" Topic="Depression" Year="2011" id="382">
<session PageNumber="5" ReferencePage="30" SessionTitle="Pharmacotherapy"/>
<classification Grade="A" Level="1++"/>
<fullstring>
A Initial and short-term (2-4 week) usage of a benzodiazepine together
with an antidepressant may be considered where anxiety, agitation and/or
insomnia becomes problematic to patients with depression (pg 30).
Grade A, Level 1++
</fullstring>
</guideline>
<guideline Category="Medical" FileName="Depression summary card 4" Topic="Depression" Year="2011" id="383">
<session PageNumber="5" ReferencePage="30" SessionTitle="Pharmacotherapy"/>
<classification Grade="C" Level="2+"/>
<fullstring>
C All antidepressants, once started, should be continued for at least 4 to 6
weeks (pg 30).
Grade C, Level 2+
</fullstring>
</guideline>
<guideline Category="Medical" FileName="Depression summary card 4" Topic="Depression" Year="2011" id="384">
<session PageNumber="5" ReferencePage="30" SessionTitle="Pharmacotherapy"/>
<classification Grade="A" Level="1++"/>
<fullstring>
A Patients with first episode of depression without psychotic symptoms
should be treated with antidepressants at full treatment dose for 6-9 months
after remission of symptoms (pg 30).
Grade A, Level 1++
</fullstring>
</guideline>
<guideline Category="Medical" FileName="Depression summary card 4" Topic="Depression" Year="2011" id="385">
<session PageNumber="5" ReferencePage="31" SessionTitle="Pharmacotherapy"/>
<classification Grade="B" Level="1+"/>
<fullstring>
B Patients who have a second episode of depression should be maintained
on treatment for 1-2 years - the duration may depend on the risk factors for
recurrence and the patient preference (pg 31).
Grade B, Level 1+
</fullstring>
</guideline>
<guideline Category="Medical" FileName="Depression summary card 4" Topic="Depression" Year="2011" id="386">
<session PageNumber="5" ReferencePage="31" SessionTitle="Pharmacotherapy"/>
<classification Grade="C" Level="2+"/>
<fullstring>
C
Patients with more than two episodes of depression should be
maintained on treatment for 2 years or longer, or even lifelong - the
duration may depend on the risk factors for recurrence and the patient
preference (pg 31).
Grade C, Level 2+
</fullstring>
</guideline>
<guideline Category="Medical" FileName="Depression summary card 4" Topic="Depression" Year="2011" id="387">
<session PageNumber="5" ReferencePage="31" SessionTitle="Pharmacotherapy"/>
<classification Grade="GPP" Level="GPP"/>
<fullstring>
GPP Maintenance antidepressant treatment should be carried on for as
long as necessary (pg 31).
GPP
</fullstring>
</guideline>
<guideline Category="Medical" FileName="Depression summary card 4" Topic="Depression" Year="2011" id="388">
<session PageNumber="5" ReferencePage="32" SessionTitle="Pharmacotherapy"/>
<classification Grade="B" Level="2++"/>
<fullstring>
B Using higher antidepressant doses may be helpful for patients who have
shown a partial response and when only low or modest doses have been
tried. The patient should be closely monitored for side-effects with the
increase in dose (pg 32).
Grade B, Level 2++
</fullstring>
</guideline>
<guideline Category="Medical" FileName="Depression summary card 4" Topic="Depression" Year="2011" id="389">
<session PageNumber="5" ReferencePage="32" SessionTitle="Pharmacotherapy"/>
<classification Grade="B" Level="2++"/>
<fullstring>
B Switching is preferred to augmentation as an initial strategy in
accordance with general principles that combinations should preferably not
be used when monotherapy will suffice (pg 32).
Grade B, Level 2++
</fullstring>
</guideline>
<guideline Category="Medical" FileName="Depression summary card 4" Topic="Depression" Year="2011" id="390">
<session PageNumber="6" ReferencePage="32" SessionTitle="Pharmacotherapy"/>
<classification Grade="A" Level="1++"/>
<fullstring>
A Both switching within the class (i.e. from a selective serotonin reuptake
inhibitor to another), as well as switching from a selective serotonin
reuptake inhibitor to a different class of antidepressants, may be done as
both have been found beneficial (pg 32).
Grade A, Level 1++
</fullstring>
</guideline>
<guideline Category="Medical" FileName="Depression summary card 4" Topic="Depression" Year="2011" id="391">
<session PageNumber="6" ReferencePage="32" SessionTitle="Pharmacotherapy"/>
<classification Grade="GPP" Level="GPP"/>
<fullstring>
GPP When switching medications, clinicians should be vigilant for the
onset of drug-drug interactions (e.g. Serotonin syndrome) and drug
discontinuation reaction (pg 32).
GPP
</fullstring>
</guideline>
<guideline Category="Medical" FileName="Depression summary card 4" Topic="Depression" Year="2011" id="392">
<session PageNumber="6" ReferencePage="33" SessionTitle="Pharmacotherapy"/>
<classification Grade="A" Level="1++"/>
<fullstring>
A Lithium augmentation and thyroid hormone augmentation (using
levothyroxine or triodothyromine) are two traditional augmentation
strategies that may be used for patients who have had previous
antidepressant trials and have not responded to adequate trials of other
individually prescribed antidepressants (pg 33).
Grade A, Level 1++
</fullstring>
</guideline>
<guideline Category="Medical" FileName="Depression summary card 4" Topic="Depression" Year="2011" id="393">
<session PageNumber="6" ReferencePage="33" SessionTitle="Pharmacotherapy"/>
<classification Grade="A" Level="1++"/>
<fullstring>
A When discontinuing antidepressants, antidepressants should be
gradually tapered off instead of suddenly stopped, to reduce side effects of
discontinuation (pg 33).
Grade A, Level 1++
</fullstring>
</guideline>
<guideline Category="Medical" FileName="Depression summary card 4" Topic="Depression" Year="2011" id="394">
<session PageNumber="6" ReferencePage="34" SessionTitle="Psychotherapy"/>
<classification Grade="A" Level="1++"/>
<fullstring>

A Psychotherapy alone is as efficacious as antidepressant medication in
patients with mild to moderate major depression and may be used as first-
line treatment (pg 34).
Grade A, Level 1++
</fullstring>
</guideline>
<guideline Category="Medical" FileName="Depression summary card 4" Topic="Depression" Year="2011" id="395">
<session PageNumber="6" ReferencePage="35" SessionTitle="Psychotherapy"/>
<classification Grade="A" Level="1++"/>
<fullstring>
A Cognitive-behavioural therapy is recommended when the depressed
patient has distorted negative thoughts (pg 35).
Grade A, Level 1++
</fullstring>
</guideline>
<guideline Category="Medical" FileName="Depression summary card 4" Topic="Depression" Year="2011" id="396">
<session PageNumber="6" ReferencePage="35" SessionTitle="Psychotherapy"/>
<classification Grade="B" Level="1+"/>
<fullstring>
B Cognitive-behavioural therapy is also an effective maintenance treatment
and is recommended for patients with recurrent depression who are no
longer on medication (pg 35).
Grade B, Level 1+
</fullstring>
</guideline>
<guideline Category="Medical" FileName="Depression summary card 4" Topic="Depression" Year="2011" id="397">
<session PageNumber="7" ReferencePage="35" SessionTitle="Interpersonal therapy"/>
<classification Grade="B" Level="1+"/>
<fullstring>
B Interpersonal therapy is recommended for depressed patients with
interpersonal difficulties (pg 35).
Grade B, Level 1+
</fullstring>
</guideline>
<guideline Category="Medical" FileName="Depression summary card 4" Topic="Depression" Year="2011" id="398">
<session PageNumber="7" ReferencePage="36" SessionTitle="Interpersonal therapy"/>
<classification Grade="A" Level="1+"/>
<fullstring>
A Psychodynamic-interpersonal therapy is a viable alternative treatment for
depressed patients with interpersonal difficulties (pg 36).
Grade A, Level 1+
</fullstring>
</guideline>
<guideline Category="Medical" FileName="Depression summary card 4" Topic="Depression" Year="2011" id="399">
<session PageNumber="7" ReferencePage="36" SessionTitle="Interpersonal therapy"/>
<classification Grade="A" Level="1++"/>
<fullstring>
A Long-term psychodynamic psychotherapy is recommended for depressed
patients with co-morbid personality disorder (pg 36).
Grade A, Level 1++
</fullstring>
</guideline>
<guideline Category="Medical" FileName="Depression summary card 4" Topic="Depression" Year="2011" id="400">
<session PageNumber="7" ReferencePage="36" SessionTitle="Interpersonal therapy"/>
<classification Grade="A" Level="1++"/>
<fullstring>
A Problem-solving therapy is recommended for primary care patients with
mild depression (pg 36).
Grade A, Level 1++
</fullstring>
</guideline>
<guideline Category="Medical" FileName="Depression summary card 4" Topic="Depression" Year="2011" id="401">
<session PageNumber="7" ReferencePage="37" SessionTitle="Interpersonal therapy"/>
<classification Grade="A" Level="1+"/>
<fullstring>
A Cognitive-behavioural therapy or psychodynamic interpersonal therapy
should be delivered for a longer period (i.e. 16 weeks or longer) when the
depression is severe (pg 37).
Grade A, Level 1+
</fullstring>
</guideline>
<guideline Category="Medical" FileName="Depression summary card 4" Topic="Depression" Year="2011" id="402">
<session PageNumber="7" ReferencePage="37" SessionTitle="Interpersonal therapy"/>
<classification Grade="D" Level="4"/>
<fullstring>
D If a moderate improvement, at least, is not observed after 4-8 weeks of
psychotherapy, a thorough review of the diagnosis, complicating conditions
and issues, and treatment plan should be conducted. If there is no response,
consider adding or changing to medication. If there is partial response,
consider changing the intensity of psychotherapy, changing the type of
psychotherapy, or adding or changing to medication (pg 37).
Grade D, Level 4
</fullstring>
</guideline>
<guideline Category="Medical" FileName="Depression summary card 4" Topic="Depression" Year="2011" id="403">
<session PageNumber="7" ReferencePage="38" SessionTitle="Psychoeducation and family intervention"/>
<classification Grade="A" Level="1++"/>
<fullstring>
A The following should be done:
a.Educating the patient about the illness helps clarify uncertainty and
misconceptions. Depression should be explained as a medical illness
that is associated with changes in neurochemicals and brain
functioning.
7b. Adequate follow-up improves treatment adherence, allows closer
monitoring and earlier detection of changes in condition.
c. Discuss the type and duration of treatment. If antidepressants are
used it is advisable to explain that they are not addictive. Provide
information on the different types of antidepressants available and
about the possible side-effects.
d. Advise on lifestyle changes such as exercise and reducing stress.(pg 38)
Grade A, Level 1++
</fullstring>
</guideline>
<guideline Category="Medical" FileName="Depression summary card 4" Topic="Depression" Year="2011" id="404">
<session PageNumber="8" ReferencePage="38" SessionTitle="Psychoeducation and family intervention"/>
<classification Grade="GPP" Level="GPP"/>
<fullstring>
GPP Where indicated and with patients’ agreement, involve family
members or friends in the care of people with depression so that there is
adequate support (pg 38).
GPP
</fullstring>
</guideline>
<guideline Category="Medical" FileName="Depression summary card 4" Topic="Depression" Year="2011" id="405">
<session PageNumber="8" ReferencePage="38" SessionTitle="Psychoeducation and family intervention"/>
<classification Grade="A" Level="1+"/>
<fullstring>
A Marital or couple therapy is effective and should be considered for
patients with significant marital distress (pg 38).
Grade A, Level 1+
</fullstring>
</guideline>
<guideline Category="Medical" FileName="Depression summary card 4" Topic="Depression" Year="2011" id="406">
<session PageNumber="8" ReferencePage="41" SessionTitle="Electroconvulsive therapy"/>
<classification Grade="A" Level="1++"/>
<fullstring>
A Electroconvulsive therapy is an effective short-term treatment for
major depressive disorder and should be considered in patients who have
not responded to antidepressant therapy (pg 41).
Grade A, Level 1++
</fullstring>
</guideline>
<guideline Category="Medical" FileName="Depression summary card 4" Topic="Depression" Year="2011" id="407">
<session PageNumber="8" ReferencePage="41" SessionTitle="Electroconvulsive therapy"/>
<classification Grade="A" Level="1+"/>
<fullstring>
A Patients should be maintained on antidepressants following a successful
response to electroconvulsive therapy (pg 41).
Grade A, Level 1+
</fullstring>
</guideline>
<guideline Category="Medical" FileName="Depression summary card 4" Topic="Depression" Year="2011" id="408">
<session PageNumber="8" ReferencePage="41" SessionTitle="Electroconvulsive therapy"/>
<classification Grade="D" Level="3"/>
<fullstring>
D Electroconvulsive therapy may be considered as a first-line treatment
for severely depressed patients with severe psychomotor retardation
(associated with food refusal leading to nutritional compromise and
dehydration), active suicidality and psychotic features (pg 41).
Grade D, Level 3
</fullstring>
</guideline>
<guideline Category="Medical" FileName="Depression summary card 4" Topic="Depression" Year="2011" id="409">
<session PageNumber="9" ReferencePage="42" SessionTitle="Electroconvulsive therapy"/>
<classification Grade="D" Level="3"/>
<fullstring>
D Electroconvulsive therapy may also be considered in situations when a
particularly rapid antidepressant response is required, such as in pregnancy
and in those with comorbid medical conditions that preclude the use of
antidepressant medications (pg 42).
Grade D, Level 3
</fullstring>
</guideline>
<guideline Category="Medical" FileName="Depression summary card 4" Topic="Depression" Year="2011" id="410">
<session PageNumber="9" ReferencePage="42" SessionTitle="Depression in children and adolescents"/>
<classification Grade="D" Level="4"/>
<fullstring>
D Self-administered rating scales (or questionnaires) should not be used for
diagnosis, but may be used for screening of symptoms, assessing severity
and monitoring improvement in older children and adolescents (pg 43).
Grade D, Level 4
</fullstring>
</guideline>
<guideline Category="Medical" FileName="Depression summary card 4" Topic="Depression" Year="2011" id="411">
<session PageNumber="9" ReferencePage="42" SessionTitle="Depression in children and adolescents"/>
<classification Grade="D" Level="4"/>
<fullstring>
D When faced with a suicidal adolescent, doctors should maintain contact,
ensure close supervision and engage support systems such as family and
school, and consider a “no harm” contract if the adolescent is willing
(pg 44).
Grade D, Level 4
</fullstring>
</guideline>
<guideline Category="Medical" FileName="Depression summary card 4" Topic="Depression" Year="2011" id="412">
<session PageNumber="9" ReferencePage="44" SessionTitle="Depression in children and adolescents"/>
<classification Grade="D" Level="4"/>
<fullstring>
D Hospitalization is indicated if suicide risk is high, support is unavailable
and there are severe symptoms of depression (pg 44).
Grade D, Level 4
</fullstring>
</guideline>
<guideline Category="Medical" FileName="Depression summary card 4" Topic="Depression" Year="2011" id="413">
<session PageNumber="9" ReferencePage="44" SessionTitle="Depression in children and adolescents"/>
<classification Grade="A" Level="1++"/>
<fullstring>
A Psychosocial interventions are recommended in initial treatment of
depression in children and adolescents based on the literature and local
clinical experience (pg 44).
Grade A, Level 1++
</fullstring>
</guideline>
<guideline Category="Medical" FileName="Depression summary card 4" Topic="Depression" Year="2011" id="414">
<session PageNumber="9" ReferencePage="45" SessionTitle="Depression in children and adolescents"/>
<classification Grade="D" Level="3"/>
<fullstring>
D Medication should not be the only treatment given to children and
adolescents with depression but care should be given to increasing self
esteem, coping skills to handle stress, adapting to the changes in life and
improving relationships between family members and peers. Use of
medications should be cautious and not necessarily first-line treatment for
major depressive disorder (pg 45).
Grade D, Level 3
</fullstring>
</guideline>
<guideline Category="Medical" FileName="Depression summary card 4" Topic="Depression" Year="2011" id="415">
<session PageNumber="9" ReferencePage="45" SessionTitle="Depression in children and adolescents"/>
<classification Grade="D" Level="4"/>
<fullstring>
D Medications are usually indicated for children and adolescents with severe depression, who have psychotic symptoms or who have failed
psychotherapy (pg 45).
Grade D, Level 4
</fullstring>
</guideline>
<guideline Category="Medical" FileName="Depression summary card 4" Topic="Depression" Year="2011" id="416">
<session PageNumber="10" ReferencePage="45" SessionTitle="Depression in children and adolescents"/>
<classification Grade="C" Level="2++"/>
<fullstring>
C Selective Serotonin Reuptake Inhibitors (SSRIs) should be used with
caution in children and adolescents (pg 45).
Grade C, Level 2+
</fullstring>
</guideline>
<guideline Category="Medical" FileName="Depression summary card 4" Topic="Depression" Year="2011" id="417">
<session PageNumber="10" ReferencePage="45" SessionTitle="Depression in children and adolescents"/>
<classification Grade="A" Level="1++"/>
<fullstring>
Combination of psychosocial interventions and SSRIs may be
considered for moderate to severe depression in children and adolescents
(pg 45).
Grade A, Level 1++
</fullstring>
</guideline>
<guideline Category="Medical" FileName="Depression summary card 4" Topic="Depression" Year="2011" id="418">
<session PageNumber="10" ReferencePage="46" SessionTitle="Depression in children and adolescents"/>
<classification Grade="A" Level="1++"/>
<fullstring>
A Other antidepressants such as venlafaxine may be considered as second
line treatment of depression in children and adolescents (pg 46).
Grade A, Level 1++
</fullstring>
</guideline>
<guideline Category="Medical" FileName="Depression summary card 4" Topic="Depression" Year="2011" id="419">
<session PageNumber="10" ReferencePage="46" SessionTitle="Depression in children and adolescents"/>
<classification Grade="GPP" Level="GPP"/>
<fullstring>
GPP Referral of a child or adolescent with depression to a psychiatrist
could be considered in any of the following situations:
failure to improve with psychosocial interventions or requiring
specialised psychological interventions
failure to improve after at least 4 weeks of medication treatment at
maximum tolerated dose
severe symptoms such as clear suicidal intention, disruptive psychotic
symptoms.(pg 46)
</fullstring>
</guideline>
<guideline Category="Medical" FileName="Depression summary card 4" Topic="Depression" Year="2011" id="420">
<session PageNumber="10" ReferencePage="47, 48" SessionTitle="Depression in pregnancy"/>
<classification Grade="C" Level="2+"/>
<fullstring>
C Consider using these two questions to effectively identify possible
depression in pregnant and postpartum women:
1. “During the past month, have you often been bothered by feeling down,
depressed or hopeless?”
2. “During the past month, have you often been bothered by having little
interest or pleasure in doing things?”
If the woman answers “yes” to either question, consider asking this: “Is
this something you feel you need or want help with?” (pg 47, 48)
Grade C, Level 2+
</fullstring>
</guideline>
<guideline Category="Medical" FileName="Depression summary card 4" Topic="Depression" Year="2011" id="421">
<session PageNumber="11" ReferencePage="48" SessionTitle="Depression in pregnancy"/>
<classification Grade="D" Level="4"/>
<fullstring>
D It is strongly recommended that specialist psychiatric care be arranged
for pregnant or postpartum women with:
past or present severe mental illness including schizophrenia, bipolar
disorder, psychosis in the postnatal period and severe depression
previous treatment by a psychiatrist/specialist mental health team
including inpatient care
a family history of maternal perinatal mental illness.
(pg 48)
Grade D, Level 4
</fullstring>
</guideline>
<guideline Category="Medical" FileName="Depression summary card 4" Topic="Depression" Year="2011" id="422">
<session PageNumber="11" ReferencePage="48" SessionTitle="Depression in pregnancy"/>
<classification Grade="D" Level="4"/>
<fullstring>
D Psychological therapies (including non-directive counselling and
support) should be maximised as the first-line treatment strategy for
peripartum depression and medication should be considered only in severe
depression (pg 48).
Grade D, Level 4
</fullstring>
</guideline>
<guideline Category="Medical" FileName="Depression summary card 4" Topic="Depression" Year="2011" id="423">
<session PageNumber="11" ReferencePage="49" SessionTitle="Depression in pregnancy"/>
<classification Grade="D" Level="4"/>
<fullstring>
D Early referral to a specialist with expertise in perinatal mental health is
recommended for women with new-onset peripartum depression, unless it
is mild (pg 49).
Grade D, Level 4
</fullstring>
</guideline>
<guideline Category="Medical" FileName="Depression summary card 4" Topic="Depression" Year="2011" id="424">
<session PageNumber="11" ReferencePage="49" SessionTitle="Depression in pregnancy"/>
<classification Grade="D" Level="4"/>
<fullstring>
D Abrupt cessation of antidepressant medication for women with pre-
existing depression can precipitate withdrawal symptoms that can be
distressing. It is preferable to advise patients to reduce antidepressant dose
to half first whilst arranging for referral (pg 49).
Grade D, Level 4
</fullstring>
</guideline>
<guideline Category="Medical" FileName="Depression summary card 4" Topic="Depression" Year="2011" id="425">
<session PageNumber="11" ReferencePage="49" SessionTitle="Depression in pregnancy"/>
<classification Grade="D" Level="4"/>
<fullstring>
D Early referral to a psychiatrist with expertise in perinatal mental health is
recommended for women with peripartum depression and pre-existing
depressive illness (pg 49).
Grade D, Level 4
</fullstring>
</guideline>
<guideline Category="Medical" FileName="Depression summary card 4" Topic="Depression" Year="2011" id="426">
<session PageNumber="12" ReferencePage="50" SessionTitle="Depression in the elderly"/>
<classification Grade="D" Level="4"/>
<fullstring>
D Referrals of elderly patients to specialists should be considered:
when the diagnosis is in doubt,
when the depression is severe (as evidenced by psychotic depression,
severe risk to health because of failure to eat or drink and suicidal
risk),
when complex therapy is indicated as in cases with medical co-
morbidity, and
when the patient does not respond to an adequate antidepressant trial.
(pg 50)
Grade D, Level 4
</fullstring>
</guideline>
<guideline Category="Medical" FileName="Depression summary card 4" Topic="Depression" Year="2011" id="427">
<session PageNumber="12" ReferencePage="50" SessionTitle="Depression in the elderly"/>
<classification Grade="A" Level="1++"/>
<fullstring>
A Antidepressants are recommended in dysthymia as well as for mild to
severe depression in the elderly. There is no difference in efficacy between
the classes of antidepressants in the treatment of the elderly (pg 50).
Grade A, Level 1++
</fullstring>
</guideline>
<guideline Category="Medical" FileName="Depression summary card 4" Topic="Depression" Year="2011" id="428">
<session PageNumber="12" ReferencePage="51" SessionTitle="Depression in the elderly"/>
<classification Grade="A" Level="1++"/>
<fullstring>
A Selective serotonin reuptake inhibitors (SSRIs) are recommended over
tricyclic antidepressants (TCAs) as the first-line treatment choice for late-
life depression (pg 51).
Grade A, Level 1++
</fullstring>
</guideline>
<guideline Category="Medical" FileName="Depression summary card 4" Topic="Depression" Year="2011" id="429">
<session PageNumber="12" ReferencePage="51" SessionTitle="Depression in the elderly"/>
<classification Grade="B" Level="1++"/>
<fullstring>
B In frail elderly patients it is advisable to “start low, go slow”. In the acute
phase at least six weeks of treatment may be needed to achieve optimal
therapeutic effect (pg 51).
Grade B, Level 1+
</fullstring>
</guideline>
<guideline Category="Medical" FileName="Depression summary card 4" Topic="Depression" Year="2011" id="430">
<session PageNumber="12" ReferencePage="51" SessionTitle="Depression in the elderly"/>
<classification Grade="B" Level="1++"/>
<fullstring>
B For frail elderly patients, a continuation period on the same dosage that
improved them for 12 months is recommended for a first onset of major
depression, longer for a recurrent episode. The duration of treatment is
similar to the adult age group in the continuation and maintenance phases
(pg 51).Grade B, Level 1+
</fullstring>
</guideline>
<guideline Category="Medical" FileName="Depression summary card 4" Topic="Depression" Year="2011" id="431">
<session PageNumber="12" ReferencePage="51" SessionTitle="Depression in the elderly"/>
<classification Grade="B" Level="1++"/>
<fullstring>
B Psychological interventions should be provided for the elderly with mild
to moderate major depression (pg 51).
Grade B, Level 1+
</fullstring>
</guideline>
<guideline Category="Medical" FileName="Depression summary card 4" Topic="Depression" Year="2011" id="432">
<session PageNumber="13" ReferencePage="51" SessionTitle="Depression in the elderly"/>
<classification Grade="B" Level="1+"/>
<fullstring>
B In severe major depression in the elderly, combination antidepressant and
psychotherapy treatment is recommended (pg 51).
Grade B, Level 1+
</fullstring>
</guideline>
<guideline Category="Medical" FileName="Depression summary card 4" Topic="Depression" Year="2011" id="433">
<session PageNumber="13" ReferencePage="52" SessionTitle="Depression in the elderly"/>
<classification Grade="B" Level="1+"/>
<fullstring>
B Supportive care should be offered to elderly patients and where relevant,
their caregivers (pg 52).
Grade B, Level 1+
</fullstring>
</guideline>
<guideline Category="Medical" FileName="Depression summary card 4" Topic="Depression" Year="2011" id="434">
<session PageNumber="13" ReferencePage="52" SessionTitle="Depression in the elderly"/>
<classification Grade="B" Level="1+"/>
<fullstring>
B Electroconvulsive therapy is indicated in the elderly:
when the patient is actively suicidal,
when there is an urgent need to prevent deterioration in health
(including food/fluid refusal),
in psychotic depression,
when there is inadequate response to two trials of medication,
when there is intolerance to medication, or
when there is good prior response.
(pg 52)Grade B, Level 1+
</fullstring>
</guideline>
</cpgs>
