<?xml version="1.0" encoding="UTF-8" standalone="no"?>
<cpgs>
<guideline Category="Medical" FileName="DM CPG 2014 addendum" Topic="ADDENDUM" Year="2014" id="435">
<session PageNumber="1" ReferencePage="27" SessionTitle="On page 141 of full CPG document (and page 27 of the summary booklet)"/>
<classification Grade="D" Level="4"/>
<fullstring>
Infants of women with diabetes who present with clinical signs of hypoglycaemia should have their blood glucose tested and be treated with intravenous
dextrose as soon as possible. Close monitoring of blood glucose levels is necessary within the first 48 hours of the baby’s life.
</fullstring>
</guideline> 
<guideline Category="Medical" FileName="DM CPG 2014 addendum" Topic="ADDENDUM" Year="2014" id="436">
<session PageNumber="1" ReferencePage="27" SessionTitle="On page 142 of full CPG document (and page 27 of the summary booklet)"/>
<classification Grade="D" Level="4"/>
<fullstring>
Close monitoring of blood glucose levels is necessary within the first 48 hours of the baby’s life. Infants of diabetic mothers should be fed early.
</fullstring>
</guideline> 
<guideline Category="Medical" FileName="DM CPG 2014 addendum" Topic="ADDENDUM" Year="2014" id="437">
<session PageNumber="1" ReferencePage="35" SessionTitle="On page 165 of full CPG document (and page 35 of the summary booklet)"/>
<classification Grade="D" Level="4"/>
<fullstring>
Blood pressure Percentage of patients with most recent blood pressure less than 140/80mmHg.
</fullstring>
</guideline> 
</cpgs>

