<?xml version="1.0" encoding="UTF-8" standalone="no"?>
<cpgs>
<guideline Category="Medical" FileName="GC0082_MOH_Clinical Guidance_FINALSendPDF" Topic="Use of intravenous recombinant tissue plasminogen activator (rtPA) in ischaemic
stroke patients" Year="2013" id="">
<session PageNumber="1" ReferencePage="4" SessionTitle="Executive summary of recommendations"/>
<classification Grade="A" Level="1+"/>
<fullstring>
Intravenous recombinant tissue plasminogen activator (rtPA) is
recommended for ischaemic stroke patients within 4.5 hours of stroke
onset provided they have no contraindication to thrombolytic therapy.
Treatment with rtPA should be undertaken in centres with appropriate
facilities and expertise (pg 4).
</fullstring>
</guideline>
<guideline Category="Medical" FileName="GC0082_MOH_Clinical Guidance_FINALSendPDF" Topic="Use of intravenous recombinant tissue plasminogen activator (rtPA) in ischaemic
stroke patients" Year="2013" id="">
<session PageNumber="1" ReferencePage="4" SessionTitle="Executive summary of recommendations"/>
<classification Grade="A" Level="1+"/>
<fullstring>
In patients eligible for intravenous rtPA therapy, treatment should
be initiated as soon as possible to optimise the potential benefi ts and
reduce the risks associated with thrombolysis (pg 4).
</fullstring>
</guideline>
<guideline Category="Medical" FileName="GC0082_MOH_Clinical Guidance_FINALSendPDF" Topic="Use of intravenous recombinant tissue plasminogen activator (rtPA) in ischaemic
stroke patients" Year="2013" id="">
<session PageNumber="5" ReferencePage="4" SessionTitle="Executive summary of recommendations"/>
<classification Grade="A" Level="1+"/>
<fullstring>
Intravenous recombinant tissue plasminogen activator (rtPA)
is recommended for ischaemic stroke patients within 4.5
hours of stroke onset provided they have no contraindication
to thrombolytic therapy. Treatment with rtPA should be
undertaken in centres with appropriate facilities and expertise.
Grade A, Level 1 +
</fullstring>
</guideline>
<guideline Category="Medical" FileName="GC0082_MOH_Clinical Guidance_FINALSendPDF" Topic="Use of intravenous recombinant tissue plasminogen activator (rtPA) in ischaemic
stroke patients" Year="2013" id="">
<session PageNumber="5" ReferencePage="4" SessionTitle="Executive summary of recommendations"/>
<classification Grade="A" Level="1+"/>
<fullstring>
In patients eligible for intravenous rtPA therapy, treatment
should be initiated as soon as possible to optimise the potential
benefits and reduce the risks associated with thrombolysis.
Grade A, Level 1 +
</fullstring>
</guideline>
</cpgs>
