<?xml version="1.0" encoding="UTF-8" standalone="no"?>
<cpgs>
<guideline Category="Medical" FileName="Infertility_Summarize2013(HiRes)" Topic="ASSESSMENT AND MANAGEMENT OF INFERTILITY AT PRIMARY HEALTHCARE LEVEL" Year="2013" id="438">
<session PageNumber="1" ReferencePage="20" SessionTitle="Definition and causes of infertility"/>
<classification Grade="GPP" Level="GPP"/>
<fullstring>
People who have not conceived after 1 year of regular unprotected
sexual intercourse should be offered further clinical investigation including
semen analysis and/or assessment of ovulation (pg 20).
</fullstring>
</guideline> 
<guideline Category="Medical" FileName="Infertility_Summarize2013(HiRes)" Topic="ASSESSMENT AND MANAGEMENT OF INFERTILITY
AT PRIMARY HEALTHCARE LEVEL" Year="2013" id="439">
<session PageNumber="1" ReferencePage="21" SessionTitle="Basic measures to optimise fertility potential"/>
<classification Grade="D" Level="3"/>
<fullstring>
	D Preconceptual counselling in those with advanced age should include
a discussion of the increased risks of aneuploidy, spontaneous abortion
and obstetric complications (such as delivery by Caesarean section and
gestational diabetes) associated with increasing maternal age (pg 21).
Grade D, Level 3
</fullstring>
</guideline>'<guideline Category="Medical" FileName="Infertility_Summarize2013(HiRes)" Topic="ASSESSMENT AND MANAGEMENT OF INFERTILITY
AT PRIMARY HEALTHCARE LEVEL" Year="2013" id="440">
<session PageNumber="1" ReferencePage="22" SessionTitle="Basic measures to optimise fertility potential"/>
<classification Grade="D" Level="4"/>
<fullstring> 
	D In women with advanced maternal age (>35 years), consultation with a
reproductive specialist should be considered after 6 months of unsuccessful
efforts to conceive (pg 22).
Grade D, Level 4
</fullstring>
</guideline> 
<guideline Category="Medical" FileName="Infertility_Summarize2013(HiRes)" Topic="ASSESSMENT AND MANAGEMENT OF INFERTILITY
AT PRIMARY HEALTHCARE LEVEL" Year="2013" id="441">
<session PageNumber="1" ReferencePage="22" SessionTitle="Basic measures to optimise fertility potential"/>
<classification Grade="D" Level="4"/>
<fullstring>
	D Sexual intercourse every 2 to 3 days is recommended to optimise
the chance of pregnancy; this is less stressful than timing intercourse to
coincide with ovulation, which is not recommended unless in circumstances
preventing regular intercourse (pg 22).
Grade D, Level 4
</fullstring>
</guideline> 
<guideline Category="Medical" FileName="Infertility_Summarize2013(HiRes)" Topic="ASSESSMENT AND MANAGEMENT OF INFERTILITY
AT PRIMARY HEALTHCARE LEVEL" Year="2013" id="442">
<session PageNumber="2" ReferencePage="23" SessionTitle="Basic measures to optimise fertility potential"/>
<classification Grade="B" Level="2++"/>
<fullstring>
B Women trying to get pregnant should be advised against excessive
alcohol consumption of more than 2 drinks a day and episodes of binge
drinking can cause fetal harm (pg 23).
Grade B, Level 2++
</fullstring>
</guideline> 
<guideline Category="Medical" FileName="Infertility_Summarize2013(HiRes)" Topic="ASSESSMENT AND MANAGEMENT OF INFERTILITY
AT PRIMARY HEALTHCARE LEVEL" Year="2013" id="443">
<session PageNumber="2" ReferencePage="23" SessionTitle="Basic measures to optimise fertility potential"/>
<classification Grade="C" Level="2+"/>
<fullstring>
	C Men should be warned that excessive alcohol intake is detrimental to
semen quality (pg 23).
Grade C, Level 2+
</fullstring>
</guideline> 
<guideline Category="Medical" FileName="Infertility_Summarize2013(HiRes)" Topic="ASSESSMENT AND MANAGEMENT OF INFERTILITY
AT PRIMARY HEALTHCARE LEVEL" Year="2013" id="444">
<session PageNumber="2" ReferencePage="23" SessionTitle="Basic measures to optimise fertility potential"/>
<classification Grade="B" Level="1+"/>
<fullstring>
	B Women should be informed that smoking is likely to reduce their
fertility (pg 23).
Grade B, Level 1+
</fullstring>
</guideline> 
<guideline Category="Medical" FileName="Infertility_Summarize2013(HiRes)" Topic="ASSESSMENT AND MANAGEMENT OF INFERTILITY
AT PRIMARY HEALTHCARE LEVEL" Year="2013" id="445">
<session PageNumber="2" ReferencePage="24" SessionTitle="Basic measures to optimise fertility potential"/>
<classification Grade="D" Level="4"/>
<fullstring>
	D Men who smoke should be informed that smoking is associated with
reduced sperm parameters (pg 24).
Grade D, Level 4
</fullstring>
</guideline> 
<guideline Category="Medical" FileName="Infertility_Summarize2013(HiRes)" Topic="ASSESSMENT AND MANAGEMENT OF INFERTILITY
AT PRIMARY HEALTHCARE LEVEL" Year="2013" id="446">
<session PageNumber="2" ReferencePage="24" SessionTitle="Basic measures to optimise fertility potential"/>
<classification Grade="B" Level="1+"/>
<fullstring>
	B Women trying to achieve a pregnancy should be informed that a BMI
of 19 to 29 is optimal (pg 24).
Grade B, Level 1+
</fullstring>
</guideline> 
<guideline Category="Medical" FileName="Infertility_Summarize2013(HiRes)" Topic="ASSESSMENT AND MANAGEMENT OF INFERTILITY
AT PRIMARY HEALTHCARE LEVEL" Year="2013" id="447">
<session PageNumber="2" ReferencePage="25" SessionTitle="Basic measures to optimise fertility potential"/>
<classification Grade="B" Level="2++"/>
<fullstring>
	B Couples seeking treatment for infertility should be routinely screened
for usage of long term prescription medication, as some have been known
to affect fertility (pg 25).
Grade B, Level 2++
</fullstring>
</guideline> 
<guideline Category="Medical" FileName="Infertility_Summarize2013(HiRes)" Topic="ASSESSMENT AND MANAGEMENT OF INFERTILITY
AT PRIMARY HEALTHCARE LEVEL" Year="2013" id="448">
<session PageNumber="2" ReferencePage="25" SessionTitle="Basic measures to optimise fertility potential"/>
<classification Grade="C" Level="2+"/>
<fullstring>
	C Couples seeking treatment for infertility should also be routinely
screened for occupational hazards and given appropriate advice (pg 25).
Grade C, Level 2+
</fullstring>
</guideline> 
<guideline Category="Medical" FileName="Infertility_Summarize2013(HiRes)" Topic="ASSESSMENT AND MANAGEMENT OF INFERTILITY
AT PRIMARY HEALTHCARE LEVEL" Year="2013" id="449">
<session PageNumber="2" ReferencePage="25" SessionTitle="Basic measures to optimise fertility potential"/>
<classification Grade="A" Level="1++"/>
<fullstring>
	A Women intending to become pregnant should be informed that dietary
supplementation with folic acid before conception and up to 12 weeks’
gestation reduces the risk of having a baby with neural tube defects. The
recommended dose is 0.4 mg per day. For women who have previously
had an infant with a neural tube defect or who are receiving anti-epileptic
medication, a higher dose of 5 mg per day is recommended (pg 25).
Grade A, Level 1++
</fullstring>
</guideline> 
<guideline Category="Medical" FileName="Infertility_Summarize2013(HiRes)" Topic="ASSESSMENT AND MANAGEMENT OF INFERTILITY
AT PRIMARY HEALTHCARE LEVEL" Year="2013" id="450">
<session PageNumber="3" ReferencePage="26" SessionTitle="Basic measures to optimise fertility potential"/>
<classification Grade="GPP" Level="GPP"/>
<fullstring>
GPP Women who are concerned about their fertility should be offered
rubella susceptibility screening so that those who are susceptible to rubella
can be offered rubella vaccination and be advised not to become pregnant
for at least 1 month following vaccination (pg 26).
</fullstring>
</guideline> 
<guideline Category="Medical" FileName="Infertility_Summarize2013(HiRes)" Topic="ASSESSMENT AND MANAGEMENT OF INFERTILITY
AT PRIMARY HEALTHCARE LEVEL" Year="2013" id="451">
<session PageNumber="3" ReferencePage="26" SessionTitle="Basic measures to optimise fertility potential"/>
<classification Grade="GPP" Level="GPP"/>
<fullstring>
	GPP To avoid delay in fertility treatment a specific enquiry about the
timing and result of the most recent cervical smear test should be made to
women who are concerned about their fertility. Cervical screening should
be offered in accordance with the national cervical screening programme
guidance (pg 26).
</fullstring>
</guideline>
<guideline Category="Medical" FileName="Infertility_Summarize2013(HiRes)" Topic="ASSESSMENT AND MANAGEMENT OF INFERTILITY
AT PRIMARY HEALTHCARE LEVEL" Year="2013" id="452">
<session PageNumber="3" ReferencePage="27" SessionTitle="Assessment and basic investigations of infertility (including
referral)"/>
<classification Grade="D" Level="4"/>
<fullstring>
	D Couples with fertility concerns should be interviewed separately as
well as together, to bring out important history that a partner may want
confidential from the other (pg 27).
</fullstring>
</guideline>
<guideline Category="Medical" FileName="Infertility_Summarize2013(HiRes)" Topic="ASSESSMENT AND MANAGEMENT OF INFERTILITY
AT PRIMARY HEALTHCARE LEVEL" Year="2013" id="453">
<session PageNumber="3" ReferencePage="27" SessionTitle="Assessment and basic investigations of infertility (including
referral)"/>
<classification Grade="D" Level="4"/>
<fullstring>
	D At the initial consult, each couple should be assessed for factors that
may optimise or contraindicate the planned pregnancy, possible underlying
causes of infertility, and the impact of infertility on the individual and
relationship (pg 27).
Grade D, Level 4
</fullstring>
</guideline>
<guideline Category="Medical" FileName="Infertility_Summarize2013(HiRes)" Topic="ASSESSMENT AND MANAGEMENT OF INFERTILITY
AT PRIMARY HEALTHCARE LEVEL" Year="2013" id="454">
<session PageNumber="3" ReferencePage="27" SessionTitle="Assessment and basic investigations of infertility (including
referral)"/>
<classification Grade="D" Level="4"/>
<fullstring>
	D A detailed history-taking and clinical examination should be carried out for
couples with fertility concerns. (Refer to Annex A for details.) (pg 27).
Grade D, Level 4
</fullstring>
</guideline>
<guideline Category="Medical" FileName="Infertility_Summarize2013(HiRes)" Topic="ASSESSMENT AND MANAGEMENT OF INFERTILITY
AT PRIMARY HEALTHCARE LEVEL" Year="2013" id="455">
<session PageNumber="3" ReferencePage="27" SessionTitle="Assessment and basic investigations of infertility (including
referral)"/>
<classification Grade="D" Level="4"/>
<fullstring>
	D Patients meeting these criteria should be referred to specialists:			
•	Women aged less than 30 years who are unable to conceive after
regular unprotected intercourse for 2 years without any known
reproductive pathology.
•	Women aged > 30 years who are unable to conceive after regular
unprotected intercourse for 1 year without any known reproductive
pathology.
•	Patients with a known history of reproductive pathology, e.g.
amenorrhea, pelvic inflammatory diseases, endometriosis.		
•	 Patients with a known history or reason for infertility.
•	The presence of male problems e.g. history of urogenital surgery
varicocele, significant systemic illness.(pg 27)	Grade D, Level 4
</fullstring>
</guideline>
<guideline Category="Medical" FileName="Infertility_Summarize2013(HiRes)" Topic="ASSESSMENT AND MANAGEMENT OF INFERTILITY
AT PRIMARY HEALTHCARE LEVEL" Year="2013" id="456">
<session PageNumber="4" ReferencePage="28" SessionTitle="Assessment and basic investigations of infertility (including
referral)"/>
<classification Grade="B" Level="2+"/>
<fullstring>
B Semen analysis should be conducted as part of initial investigation and
should be compared to the following World Health Organization (WHO)
Global reference values (fertile men) 2009:
		
•	 Volume: 1.5 ml or more		
•	 pH: >7.2		
•	 Sperm concentration: 15 million spermatozoa per ml or more		
•	Total sperm number: 39 million spermatozoa per ejaculate or more		
•	 Motility (PR +NP%): 40% or more motile*		
•	 Vitality (%): 58		
•	 White blood cells (10 6 per ml): less than 1.0		
•	 Morphology (%): 4 or more
	*PR = progressive motility (WHO 1999, grades a+b); NP = non-progressive
motility (WHO 1999, grade c).(pg 28)Grade B, Level 2+
</fullstring>
</guideline>
<guideline Category="Medical" FileName="Infertility_Summarize2013(HiRes)" Topic="ASSESSMENT AND MANAGEMENT OF INFERTILITY
AT PRIMARY HEALTHCARE LEVEL" Year="2013" id="457">
<session PageNumber="4" ReferencePage="28" SessionTitle="Assessment and basic investigations of infertility (including
referral)"/>
<classification Grade="B" Level="2++"/>
<fullstring>
	B If the first sperm analysis result is abnormal, the patient should be
offered a repeat test from the same laboratory at least 3 months after the
initial analysis (pg 28).
Grade B, Level 2++
</fullstring>
</guideline>
<guideline Category="Medical" FileName="Infertility_Summarize2013(HiRes)" Topic="ASSESSMENT AND MANAGEMENT OF INFERTILITY
AT PRIMARY HEALTHCARE LEVEL" Year="2013" id="458">
<session PageNumber="4" ReferencePage="28" SessionTitle="Assessment and basic investigations of infertility (including
referral)"/>
<classification Grade="GPP" Level="GPP"/>
<fullstring>
	GPP Severe abnormality (azoospermia or severe oligozoospermia) of the
initial sperm sample however, warrants an immediate referral to a tertiary
centre (see section on male infertility) (pg 28).
GPP
</fullstring>
</guideline>
<guideline Category="Medical" FileName="Infertility_Summarize2013(HiRes)" Topic="ASSESSMENT AND MANAGEMENT OF INFERTILITY
AT PRIMARY HEALTHCARE LEVEL" Year="2013" id="459">
<session PageNumber="4" ReferencePage="28" SessionTitle="Assessment and basic investigations of infertility (including
referral)"/>
<classification Grade="D" Level="4"/>
<fullstring>
	D Sperm function tests, screening for antisperm antibodies and postcoital
tests on cervical mucus should not be offered as there is no evidence of
effective treatment to improve fertility (pg 28).
Grade D, Level 4
</fullstring>
</guideline>
<guideline Category="Medical" FileName="Infertility_Summarize2013(HiRes)" Topic="ASSESSMENT AND MANAGEMENT OF INFERTILITY
AT PRIMARY HEALTHCARE LEVEL" Year="2013" id="460">
<session PageNumber="4" ReferencePage="29" SessionTitle="Assessment and basic investigations of infertility (including
referral)"/>
<classification Grade="D" Level="4"/>
<fullstring>
	D Women with fertility concerns should have their menstrual history
taken (pg 29).Grade D, Level 4
</fullstring>
</guideline>
<guideline Category="Medical" FileName="Infertility_Summarize2013(HiRes)" Topic="ASSESSMENT AND MANAGEMENT OF INFERTILITY
AT PRIMARY HEALTHCARE LEVEL" Year="2013" id="461">
<session PageNumber="5" ReferencePage="29" SessionTitle="Assessment and basic investigations of infertility (including
referral)"/>
<classification Grade="D" Level="4"/>
<fullstring>
D Use of basal body temperature charts and home ovulation kits alone
to predict ovulation should not be recommended to patients with fertility
problems as these are not always reliable in predicting ovulation and leads
to unnecessary anxiety and stress for the patient (pg 29).
Grade D, Level 4
</fullstring>
</guideline>
<guideline Category="Medical" FileName="Infertility_Summarize2013(HiRes)" Topic="ASSESSMENT AND MANAGEMENT OF INFERTILITY
AT PRIMARY HEALTHCARE LEVEL" Year="2013" id="462">
<session PageNumber="5" ReferencePage="29" SessionTitle="Assessment and basic investigations of infertility (including
referral)"/>
<classification Grade="B" Level="2++"/>
<fullstring>
	B Women with infertility should be offered a blood test to measure mid
luteal serum progesterone levels (about 7 days before the expected menstrual
cycle). If cycles are irregular or prolonged, this test may need to be repeated
again weekly thereafter until the next menstrual period (pg 29).
Grade B, Level 2++
</fullstring>
</guideline>
<guideline Category="Medical" FileName="Infertility_Summarize2013(HiRes)" Topic="ASSESSMENT AND MANAGEMENT OF INFERTILITY
AT PRIMARY HEALTHCARE LEVEL" Year="2013" id="463">
<session PageNumber="5" ReferencePage="29" SessionTitle="Assessment and basic investigations of infertility (including
referral)"/>
<classification Grade="B" Level="2++"/>
<fullstring>
	B Follicle stimulating hormone and luteinizing hormone investigations
should be done on day 2 to 3 of the menstrual cycle. Patients with high
levels of gonadotrophins should be informed that they are likely to have
reduced fertility (pg 29).
Grade B, Level 2+
</fullstring>
</guideline>
<guideline Category="Medical" FileName="Infertility_Summarize2013(HiRes)" Topic="ASSESSMENT AND MANAGEMENT OF INFERTILITY
AT PRIMARY HEALTHCARE LEVEL" Year="2013" id="464">
<session PageNumber="5" ReferencePage="29" SessionTitle="Assessment and basic investigations of infertility (including
referral)"/>
<classification Grade="B" Level="2++"/>
<fullstring>
	B Women with infertility should be offered screening for Chlamydia
trachomatis before undergoing instrumentation (pg 29).		
Grade B, Level 2++
</fullstring>
</guideline>
<guideline Category="Medical" FileName="Infertility_Summarize2013(HiRes)" Topic="ASSESSMENT AND MANAGEMENT OF INFERTILITY
AT PRIMARY HEALTHCARE LEVEL" Year="2013" id="465">
<session PageNumber="5" ReferencePage="29" SessionTitle="Assessment and basic investigations of infertility (including
referral)"/>
<classification Grade="B" Level="2++"/>
<fullstring>
	B If screening for Chlamydia trachomatis has not been carried out, prophylactic
antibiotics should be given before uterine instrumentation (pg 29).
Grade B, Level 2++
</fullstring>
</guideline>
<guideline Category="Medical" FileName="Infertility_Summarize2013(HiRes)" Topic="ASSESSMENT AND MANAGEMENT OF INFERTILITY
AT PRIMARY HEALTHCARE LEVEL" Year="2013" id="466">
<session PageNumber="5" ReferencePage="30" SessionTitle="Assessment and basic investigations of infertility (including
referral)"/>
<classification Grade="GPP" Level="GPP"/>
<fullstring>
	GPP The result of semen analysis and assessment of ovulation should be
completed before the clinician embarks on tubal assessment (pg 30).
GPP
</fullstring>
</guideline>
<guideline Category="Medical" FileName="Infertility_Summarize2013(HiRes)" Topic="ASSESSMENT AND MANAGEMENT OF INFERTILITY
AT PRIMARY HEALTHCARE LEVEL" Year="2013" id="467">
<session PageNumber="5" ReferencePage="30" SessionTitle="Assessment and basic investigations of infertility (including
referral)"/>
<classification Grade="B" Level="2++"/>
<fullstring>
	B Hysterosalpingography (HSG) should be used as the first line
investigation in tubal assessment (pg 30).
Grade B, Level 2++
</fullstring>
</guideline>
<guideline Category="Medical" FileName="Infertility_Summarize2013(HiRes)" Topic="ASSESSMENT AND MANAGEMENT OF INFERTILITY
AT PRIMARY HEALTHCARE LEVEL" Year="2013" id="468">
<session PageNumber="5" ReferencePage="30" SessionTitle="Assessment and basic investigations of infertility (including
referral)"/>
<classification Grade="A" Level="1+"/>
<fullstring>
	A Chlamydia antibody titre (CAT) should be considered as an alternative
to hysterosalpingography (HSG) if the resources are available (pg 30).
Grade A, Level 1+
</fullstring>
</guideline>
<guideline Category="Medical" FileName="Infertility_Summarize2013(HiRes)" Topic="ASSESSMENT AND MANAGEMENT OF INFERTILITY
AT PRIMARY HEALTHCARE LEVEL" Year="2013" id="469">
<session PageNumber="5" ReferencePage="31" SessionTitle="Assessment and basic investigations of infertility (including
referral)"/>
<classification Grade="B" Level="2+"/>
<fullstring>
	B Laparoscopy and dye hydrotubation should be offered for women with
comorbidities, such as pelvic inflammatory disease, previous ectopic
pregnancy or endometriosis (pg 31).
Grade B, Level 2+
</fullstring>
</guideline>
<guideline Category="Medical" FileName="Infertility_Summarize2013(HiRes)" Topic="ASSESSMENT AND MANAGEMENT OF INFERTILITY
AT PRIMARY HEALTHCARE LEVEL" Year="2013" id="470">
<session PageNumber="6" ReferencePage="31" SessionTitle="Assessment and basic investigations of infertility (including
referral)"/>
<classification Grade="C" Level="3"/>
<fullstring>
C Fertiloscopy and transvaginal hydrolaparoscopy should not be offered
routinely as an alternative to laparoscopy hydrotubation as their diagnostic
accuracy still require further evaluation (pg 31).
Grade C, Level 3
</fullstring>
</guideline>
<guideline Category="Medical" FileName="Infertility_Summarize2013(HiRes)" Topic="ASSESSMENT AND MANAGEMENT OF INFERTILITY
AT PRIMARY HEALTHCARE LEVEL" Year="2013" id="471">
<session PageNumber="6" ReferencePage="32" SessionTitle="Assessment and basic investigations of infertility (including
referral)"/>
<classification Grade="C" Level="2+"/>
<fullstring>
	C When available, transvaginal ultrasound may be used as a screening
test for the assessment of uterine cavity in subfertile women (pg 32).
Grade C, Level 2+
</fullstring>
</guideline>
<guideline Category="Medical" FileName="Infertility_Summarize2013(HiRes)" Topic="ASSESSMENT AND MANAGEMENT OF INFERTILITY
AT PRIMARY HEALTHCARE LEVEL" Year="2013" id="472">
<session PageNumber="6" ReferencePage="32" SessionTitle="Assessment and basic investigations of infertility (including
referral)"/>
<classification Grade="B" Level="2++"/>
<fullstring>
	B Operative hysteroscopy should not be offered as an initial investigation
(pg 32).
Grade B, Level 2++
</fullstring>
</guideline>
<guideline Category="Medical" FileName="Infertility_Summarize2013(HiRes)" Topic="ASSESSMENT AND MANAGEMENT OF INFERTILITY
AT PRIMARY HEALTHCARE LEVEL" Year="2013" id="473">
<session PageNumber="6" ReferencePage="34" SessionTitle="Ovulatory dysfunction"/>
<classification Grade="C" Level="2+"/>
<fullstring>
	C For patients with functional hypothalamic pituitary failure who desire
fertility, ovulation induction therapies may be indicated. However, the
achievement of a healthy weight and modification of lifestyle should be
tried first (pg 34).
Grade C, Level 2+
</fullstring>
</guideline>
<guideline Category="Medical" FileName="Infertility_Summarize2013(HiRes)" Topic="ASSESSMENT AND MANAGEMENT OF INFERTILITY
AT PRIMARY HEALTHCARE LEVEL" Year="2013" id="474">
<session PageNumber="6" ReferencePage="34" SessionTitle="Ovulatory dysfunction"/>
<classification Grade="C" Level="2+"/>
<fullstring>
	C Where amenorrhoea (which occurs in functional hypothalamic pituitary
failure women) has occurred for longer than a year in duration, assessment
of the bone mineral densities should be considered (pg 34).
Grade C, Level 2+
</fullstring>
</guideline>
<guideline Category="Medical" FileName="Infertility_Summarize2013(HiRes)" Topic="ASSESSMENT AND MANAGEMENT OF INFERTILITY
AT PRIMARY HEALTHCARE LEVEL" Year="2013" id="475">
<session PageNumber="6" ReferencePage="35" SessionTitle="Ovulatory dysfunction"/>
<classification Grade="GPP" Level="GPP"/>
<fullstring>
GPP When drug-induced anovulation is suspected, medications should
be altered or discontinued if possible. If the medication which causes
anovulation cannot be altered or discontinued, referral to a reproductive
medicine specialist for further management is indicated (pg 35).
GPP
</fullstring>
</guideline>
<guideline Category="Medical" FileName="Infertility_Summarize2013(HiRes)" Topic="ASSESSMENT AND MANAGEMENT OF INFERTILITY
AT PRIMARY HEALTHCARE LEVEL" Year="2013" id="476">
<session PageNumber="6" ReferencePage="35" SessionTitle="Ovulatory dysfunction"/>
<classification Grade="GPP" Level="GPP"/>
<fullstring>
	GPP Patients with anorexia nervosa should be referred to a mental-health
care provider for further management (pg 35).	
GPP
</fullstring>
</guideline>
<guideline Category="Medical" FileName="Infertility_Summarize2013(HiRes)" Topic="ASSESSMENT AND MANAGEMENT OF INFERTILITY
AT PRIMARY HEALTHCARE LEVEL" Year="2013" id="477">
<session PageNumber="6" ReferencePage="35" SessionTitle="Ovulatory dysfunction"/>
<classification Grade="GPP" Level="GPP"/>
<fullstring>
	GPP Patients with organic lesions of the hypothalamus and pituitary
gland should be referred to a reproductive specialist (pg 35).
</fullstring>
</guideline>
<guideline Category="Medical" FileName="Infertility_Summarize2013(HiRes)" Topic="ASSESSMENT AND MANAGEMENT OF INFERTILITY
AT PRIMARY HEALTHCARE LEVEL" Year="2013" id="478">
<session PageNumber="7" ReferencePage="36" SessionTitle="Ovulatory dysfunction"/>
<classification Grade="C" Level="2+"/>
<fullstring>
C Women should be told that premature ovarian failure is not a definitive
diagnosis of infertility as approximately 5-10% of these women may
conceive spontaneously and unexpectedly after the diagnosis (pg 36).
Grade C, Level 2+
</fullstring>
</guideline>
<guideline Category="Medical" FileName="Infertility_Summarize2013(HiRes)" Topic="ASSESSMENT AND MANAGEMENT OF INFERTILITY
AT PRIMARY HEALTHCARE LEVEL" Year="2013" id="479">
<session PageNumber="7" ReferencePage="36" SessionTitle="Ovulatory dysfunction"/>
<classification Grade="C" Level="3"/>
<fullstring>
	C Women with spontaneous premature ovarian failure should be referred
to an endocrinologist to investigate asymptomatic autoimmune adrenal
insufficiency (pg 36).
Grade C, Level 3
</fullstring>
</guideline>
<guideline Category="Medical" FileName="Infertility_Summarize2013(HiRes)" Topic="ASSESSMENT AND MANAGEMENT OF INFERTILITY
AT PRIMARY HEALTHCARE LEVEL" Year="2013" id="480">
<session PageNumber="7" ReferencePage="36" SessionTitle="Ovulatory dysfunction"/>
<classification Grade="C" Level="2+"/>
<fullstring>
	C Fertility options in women with premature ovarian failure include the
use of an oocyte (egg) donor or embryo donor in an Assisted Reproductive
Program (ARP) (pg 36).
Grade C, Level 2+
</fullstring>
</guideline>
<guideline Category="Medical" FileName="Infertility_Summarize2013(HiRes)" Topic="ASSESSMENT AND MANAGEMENT OF INFERTILITY
AT PRIMARY HEALTHCARE LEVEL" Year="2013" id="481">
<session PageNumber="7" ReferencePage="36" SessionTitle="Ovulatory dysfunction"/>
<classification Grade="A" Level="1+"/>
<fullstring>
	A Dopamine receptor agonists are the first line treatment for patients with
idiopathic hyperprolactinaemia secondary to pituitary adenoma (pg 36).
Grade A, Level 1+
</fullstring>
</guideline>
<guideline Category="Medical" FileName="Infertility_Summarize2013(HiRes)" Topic="ASSESSMENT AND MANAGEMENT OF INFERTILITY
AT PRIMARY HEALTHCARE LEVEL" Year="2013" id="482">
<session PageNumber="7" ReferencePage="37" SessionTitle="Ovulatory dysfunction"/>
<classification Grade="C" Level="2+"/>
<fullstring>
	C Surgical trans-sphenoidal resection of microadenomas should not be
the primary therapeutic approach for patients with hyperprolactinaemia
secondary to pituitary adenoma (pg 37).
Grade C, Level 2+
</fullstring>
</guideline>
<guideline Category="Medical" FileName="Infertility_Summarize2013(HiRes)" Topic="ASSESSMENT AND MANAGEMENT OF INFERTILITY
AT PRIMARY HEALTHCARE LEVEL" Year="2013" id="483">
<session PageNumber="7" ReferencePage="38" SessionTitle="Managing infertility in polycystic ovary syndrome (PCOS)"/>
<classification Grade="D" Level="4"/>
<fullstring>
	D Diagnosis of polycystic ovary syndrome should only be made when
other aetiologies have been excluded (thyroid dysfunction, congenital
adrenal hyperplasia, hyperprolactinaemia, androgen secreting tumours
and Cushing’s syndrome) (pg 38).
Grade D, Level 4
</fullstring>
</guideline>
<guideline Category="Medical" FileName="Infertility_Summarize2013(HiRes)" Topic="ASSESSMENT AND MANAGEMENT OF INFERTILITY
AT PRIMARY HEALTHCARE LEVEL" Year="2013" id="484">
<session PageNumber="7" ReferencePage="39,40" SessionTitle="Managing infertility in polycystic ovary syndrome (PCOS)"/>
<classification Grade="D" Level="4"/>
<fullstring>
The following investigations should be done to exclude other aetiologies
before a diagnosis of polycystic ovary syndrome should be made:
•Baseline laboratory screen:
Thyroid function test (thyroid dysfunction can present as
amenorrhoea).
Serum prolactin (hyperprolactinaemia can present as
amenorrhoea).
hydroxyprogesterone (only in the presence of clinical or
biochemical evidence of hyperandrogenism) (Congenital
adrenal hyperplasia can present as amenorrhoea and
hyperandrogenism).
Free Androgen Index (FAI = total testosterone divided by
sex hormone binding globulin x 100 to give a calculated.
free testosterone level) or free/bioavailable testosterone.
(hyperandrogenism as one of the criteria needed to diagnose
Polycystic ovary syndrome).		
•	 Diagnostic Imaging:
Pelvic ultrasound scan to determine features in accordance with the Rotterdam criteria as well as to exclude androgen secreting
tumours of the adrenals or ovaries.(pg 39-40)Grade D, Level 4
</fullstring>
</guideline>
<guideline Category="Medical" FileName="Infertility_Summarize2013(HiRes)" Topic="ASSESSMENT AND MANAGEMENT OF INFERTILITY
AT PRIMARY HEALTHCARE LEVEL" Year="2013" id="485">
<session PageNumber="8" ReferencePage="40" SessionTitle="Managing infertility in polycystic ovary syndrome (PCOS)"/>
<classification Grade="D" Level="4"/>
<fullstring>
D The following are optional tests in the diagnosis of polycystic ovary
syndrome:	
		
•	Gonadotrophin may be required to determine cause of amenorrhoea
(primary ovarian failure)
•	Fasting insulin is not necessary routinely but may be considered
in those undergoing ovulation induction
•	ACTH stimulation test needs to be considered if morning 17
hydroxyprogesterone >5nmol/L in order to exclude non-classical
congenital adrenal hyperplasia.
(pg 40) 	
Grade D, Level 4
</fullstring>

</guideline>
<guideline Category="Medical" FileName="Infertility_Summarize2013(HiRes)" Topic="ASSESSMENT AND MANAGEMENT OF INFERTILITY
AT PRIMARY HEALTHCARE LEVEL" Year="2013" id="486">
<session PageNumber="8" ReferencePage="41" SessionTitle="Managing infertility in polycystic ovary syndrome (PCOS)"/>
<classification Grade="GPP" Level="GPP"/>
<fullstring>
	GPP Before any intervention is initiated for women with polycystic ovary
syndrome, preconceptional counselling should be provided emphasizing
the importance of life style, especially weight reduction and exercise in
overweight women, smoking and alcohol consumption (pg 41).	
GPP
</fullstring>
</guideline>
<guideline Category="Medical" FileName="Infertility_Summarize2013(HiRes)" Topic="ASSESSMENT AND MANAGEMENT OF INFERTILITY
AT PRIMARY HEALTHCARE LEVEL" Year="2013" id="487">
<session PageNumber="8" ReferencePage="41" SessionTitle="Managing infertility in polycystic ovary syndrome (PCOS)"/>
<classification Grade="A" Level="1+"/>
<fullstring>
	A The recommended first-line treatment for ovulation induction remains
the anti-estrogen clomiphene citrate (pg 41).	
Grade A, Level 1+
</fullstring>
</guideline>
<guideline Category="Medical" FileName="Infertility_Summarize2013(HiRes)" Topic="ASSESSMENT AND MANAGEMENT OF INFERTILITY
AT PRIMARY HEALTHCARE LEVEL" Year="2013" id="488">
<session PageNumber="8" ReferencePage="41" SessionTitle="Managing infertility in polycystic ovary syndrome (PCOS)"/>
<classification Grade="A" Level="1+"/>
<fullstring>
	A Patients with polycystic ovary syndrome should be informed that there
is an increased risk of multiple pregnancy with ovulation induction using
clomiphene citrate (pg 41).	
Grade A, Level 1+
</fullstring>
</guideline>
<guideline Category="Medical" FileName="Infertility_Summarize2013(HiRes)" Topic="ASSESSMENT AND MANAGEMENT OF INFERTILITY
AT PRIMARY HEALTHCARE LEVEL" Year="2013" id="489">
<session PageNumber="9" ReferencePage="41" SessionTitle="Managing infertility in polycystic ovary syndrome (PCOS)"/>
<classification Grade="GPP" Level="GPP"/>
<fullstring>
GPP Ultrasound monitoring of follicular development at least during the
first cycle of treatment with clomiphene is advisable to ensure that women
receive a dose that minimises the risk of multiple pregnancy. (pg 41)
GPP
</fullstring>
</guideline>
<guideline Category="Medical" FileName="Infertility_Summarize2013(HiRes)" Topic="ASSESSMENT AND MANAGEMENT OF INFERTILITY
AT PRIMARY HEALTHCARE LEVEL" Year="2013" id="490">
<session PageNumber="9" ReferencePage="42" SessionTitle="Managing infertility in polycystic ovary syndrome (PCOS)"/>
<classification Grade="D" Level="4"/>
<fullstring>
	D Recommended second-line intervention for infertility in women
with polycystic ovary syndrome is either exogenous gonadotrophins or
laparoscopic ovarian surgery (pg 42).	
Grade D, Level 4
</fullstring>
</guideline>
<guideline Category="Medical" FileName="Infertility_Summarize2013(HiRes)" Topic="ASSESSMENT AND MANAGEMENT OF INFERTILITY
AT PRIMARY HEALTHCARE LEVEL" Year="2013" id="491">
<session PageNumber="9" ReferencePage="42" SessionTitle="Managing infertility in polycystic ovary syndrome (PCOS)"/>
<classification Grade="GPP" Level="GPP"/>
<fullstring>
	GPP The use of exogenous gonadotrophins is associated with increased
chances for multiple pregnancy and, therefore, intense monitoring of
ovarian response is required (pg 42).	
GPP
</fullstring>
</guideline>
<guideline Category="Medical" FileName="Infertility_Summarize2013(HiRes)" Topic="ASSESSMENT AND MANAGEMENT OF INFERTILITY
AT PRIMARY HEALTHCARE LEVEL" Year="2013" id="492">
<session PageNumber="9" ReferencePage="42" SessionTitle="Managing infertility in polycystic ovary syndrome (PCOS)"/>
<classification Grade="B" Level="2++"/>
<fullstring>
	B Laparoscopic ovarian surgery alone is usually effective in less than 50% of
women and additional ovulation induction medication is required under
those circumstances (pg 42).	
Grade B, Level 2++
</fullstring>
</guideline>
<guideline Category="Medical" FileName="Infertility_Summarize2013(HiRes)" Topic="ASSESSMENT AND MANAGEMENT OF INFERTILITY
AT PRIMARY HEALTHCARE LEVEL" Year="2013" id="493">
<session PageNumber="9" ReferencePage="42" SessionTitle="Managing infertility in polycystic ovary syndrome (PCOS)"/>
<classification Grade="B" Level="2++"/>
<fullstring>
	B Low dose therapy with gonadotrophin is recommended as it offers
significant lower risk of ovarian hyperstimulation in women with polycystic
ovary syndrome (pg 42).
Grade B, Level 2++
</fullstring>
</guideline>
<guideline Category="Medical" FileName="Infertility_Summarize2013(HiRes)" Topic="ASSESSMENT AND MANAGEMENT OF INFERTILITY
AT PRIMARY HEALTHCARE LEVEL" Year="2013" id="494">
<session PageNumber="9" ReferencePage="42" SessionTitle="Managing infertility in polycystic ovary syndrome (PCOS)"/>
<classification Grade="B" Level="2+"/>
<fullstring>
	C The recommended third-line treatment for infertility in women with
polycystic ovary syndrome is in vitro fertilization (pg 42).	
Grade C, Level 2+
</fullstring>
</guideline>
<guideline Category="Medical" FileName="Infertility_Summarize2013(HiRes)" Topic="ASSESSMENT AND MANAGEMENT OF INFERTILITY
AT PRIMARY HEALTHCARE LEVEL" Year="2013" id="495">
<session PageNumber="9" ReferencePage="43" SessionTitle="Managing infertility in polycystic ovary syndrome (PCOS)"/>
<classification Grade="GPP" Level="GPP"/>
<fullstring>
	GPP As aromatase inhibitors are currently not licenced for use as
ovulation induction, we do not recommend the clinical use of aromatase
inhibitors for routine ovulation induction (pg 43).	
GPP
</fullstring>
</guideline>
<guideline Category="Medical" FileName="Infertility_Summarize2013(HiRes)" Topic="ASSESSMENT AND MANAGEMENT OF INFERTILITY
AT PRIMARY HEALTHCARE LEVEL" Year="2013" id="496">
<session PageNumber="9" ReferencePage="43" SessionTitle="Managing infertility in polycystic ovary syndrome (PCOS)"/>
<classification Grade="D" Level="3"/>
<fullstring>
	D The routine use of metformin in ovulation induction is not recommended
as monotherapy or in combination with clomiphene citrate (pg 43).
Grade D, Level 3
</fullstring>
</guideline>
<guideline Category="Medical" FileName="Infertility_Summarize2013(HiRes)" Topic="ASSESSMENT AND MANAGEMENT OF INFERTILITY
AT PRIMARY HEALTHCARE LEVEL" Year="2013" id="497">
<session PageNumber="9" ReferencePage="43" SessionTitle="Managing infertility in polycystic ovary syndrome (PCOS)"/>
<classification Grade="B" Level="2+"/>
<fullstring>
	B There is currently insufficient evidence to suggest improvement in live
birth rates on treatment with metformin before or during assisted reproductive
technique cycles and its routine use is not recommended (pg 43).	
Grade B, Level 2+
</fullstring>
</guideline>
<guideline Category="Medical" FileName="Infertility_Summarize2013(HiRes)" Topic="ASSESSMENT AND MANAGEMENT OF INFERTILITY
AT PRIMARY HEALTHCARE LEVEL" Year="2013" id="498">
<session PageNumber="10" ReferencePage="44" SessionTitle="Managing infertility in polycystic ovary syndrome (PCOS)"/>
<classification Grade="A" Level="1+"/>
<fullstring>
A The combined use of metformin and clompihene citrate is recommended
for women with clomiphene resistance especially if they are obese (BMI >
27.5 kg/m 2 ) (pg 44).	
Grade A, Level 1+
</fullstring>
</guideline>
<guideline Category="Medical" FileName="Infertility_Summarize2013(HiRes)" Topic="ASSESSMENT AND MANAGEMENT OF INFERTILITY
AT PRIMARY HEALTHCARE LEVEL" Year="2013" id="499">
<session PageNumber="10" ReferencePage="45" SessionTitle="Managing infertility in polycystic ovary syndrome (PCOS)"/>
<classification Grade="GPP" Level="GPP"/>
<fullstring>
	GPP There is insufficient evidence to recommend the widespread use of
metformin in pregnant women with polycystic ovary syndrome (pg 45).
GPP
</fullstring>
</guideline>
<guideline Category="Medical" FileName="Infertility_Summarize2013(HiRes)" Topic="ASSESSMENT AND MANAGEMENT OF INFERTILITY
AT PRIMARY HEALTHCARE LEVEL" Year="2013" id="500">
<session PageNumber="10" ReferencePage="45" SessionTitle="Managing infertility in polycystic ovary syndrome (PCOS)"/>
<classification Grade="GPP" Level="GPP"/>
<fullstring>
	GPP Young women diagnosed with polycystic ovary syndrome should
be informed of the possible long-term risks to health that are associated
with their condition (pg 45).	
GPP
</fullstring>
</guideline>
<guideline Category="Medical" FileName="Infertility_Summarize2013(HiRes)" Topic="ASSESSMENT AND MANAGEMENT OF INFERTILITY
AT PRIMARY HEALTHCARE LEVEL" Year="2013" id="501">
<session PageNumber="10" ReferencePage="45" SessionTitle="Managing infertility in polycystic ovary syndrome (PCOS)"/>
<classification Grade="B" Level="1+"/>
<fullstring>
	B Patients presenting with polycystic ovary syndrome, particularly if they
are obese or have a strong family history of type 2 diabetes or are over the
age of 40 should be offered a glucose tolerance test (pg 45).
Grade B, Level 1+
</fullstring>
</guideline>
<guideline Category="Medical" FileName="Infertility_Summarize2013(HiRes)" Topic="ASSESSMENT AND MANAGEMENT OF INFERTILITY
AT PRIMARY HEALTHCARE LEVEL" Year="2013" id="502">
<session PageNumber="10" ReferencePage="46" SessionTitle="Managing infertility in polycystic ovary syndrome (PCOS)"/>
<classification Grade="B" Level="2++"/>
<fullstring>
	B Women diagnosed with polycystic ovary syndrome should be asked (or
their partners asked) about snoring and daytime fatigue/somnolence and
informed of the possible risk of sleep apnoea, and offered investigation
and treatment when necessary (pg 46).	
Grade B, Level 2++
</fullstring>
</guideline>
<guideline Category="Medical" FileName="Infertility_Summarize2013(HiRes)" Topic="ASSESSMENT AND MANAGEMENT OF INFERTILITY
AT PRIMARY HEALTHCARE LEVEL" Year="2013" id="503">
<session PageNumber="10" ReferencePage="46" SessionTitle="Managing infertility in polycystic ovary syndrome (PCOS)"/>
<classification Grade="B" Level="2++"/>
<fullstring>
	B Clinicians should continue to identify cardiovascular risk factors
(including blood pressure, cholesterol, triglycerides and high density
lipoprotein cholesterol) in women with polycystic ovary syndrome and
treat these accordingly (pg 46).
Grade B, Level 2++
</fullstring>
</guideline>
<guideline Category="Medical" FileName="Infertility_Summarize2013(HiRes)" Topic="ASSESSMENT AND MANAGEMENT OF INFERTILITY
AT PRIMARY HEALTHCARE LEVEL" Year="2013" id="504">
<session PageNumber="10" ReferencePage="47" SessionTitle="Managing infertility in polycystic ovary syndrome (PCOS)"/>
<classification Grade="A" Level="1+"/>
<fullstring>
	A Women diagnosed with polycystic ovary syndrome should be advised
regarding weight loss through diet and exercise (pg 47).	
Grade A, Level 1+
</fullstring>
</guideline>
<guideline Category="Medical" FileName="Infertility_Summarize2013(HiRes)" Topic="ASSESSMENT AND MANAGEMENT OF INFERTILITY
AT PRIMARY HEALTHCARE LEVEL" Year="2013" id="505">
<session PageNumber="10" ReferencePage="47" SessionTitle="Managing infertility in polycystic ovary syndrome (PCOS)"/>
<classification Grade="B" Level="1+"/>
<fullstring>
	B Combining metformin and lifestyle modification, including calorie
restriction and exercise to facilitate weight loss and attenuate central
adiposity is recommended for obese patients with polycystic ovary
syndrome. Higher doses of metformin, up to 2.5g/day, may be recommended
to achieve an optimal response (pg 47).	
Grade B, Level 1+
</fullstring>
</guideline>
<guideline Category="Medical" FileName="Infertility_Summarize2013(HiRes)" Topic="ASSESSMENT AND MANAGEMENT OF INFERTILITY
AT PRIMARY HEALTHCARE LEVEL" Year="2013" id="506">
<session PageNumber="11" ReferencePage="48" SessionTitle="Managing infertility in polycystic ovary syndrome (PCOS)"/>
<classification Grade="D" Level="3"/>
<fullstring>
D Ovarian electrocautery should only be reserved for slim women with
anovulatory polycystic ovary syndrome (pg 48).	
Grade D, Level 3
</fullstring>
</guideline>
<guideline Category="Medical" FileName="Infertility_Summarize2013(HiRes)" Topic="ASSESSMENT AND MANAGEMENT OF INFERTILITY
AT PRIMARY HEALTHCARE LEVEL" Year="2013" id="507">
<session PageNumber="11" ReferencePage="49" SessionTitle="Managing infertility in polycystic ovary syndrome (PCOS)"/>
<classification Grade="B" Level="1+"/>
<fullstring>
	B Women who have been diagnosed as having polycystic ovary syndrome
before pregnancy, especially those requiring ovulation induction for
conception, should be screened for gestational diabetes before 20 weeks
of gestation, with referral to a specialist obstetric diabetic service if
abnormalities are detected (pg 49).Grade B, Level 1+
</fullstring>
</guideline>
<guideline Category="Medical" FileName="Infertility_Summarize2013(HiRes)" Topic="ASSESSMENT AND MANAGEMENT OF INFERTILITY
AT PRIMARY HEALTHCARE LEVEL" Year="2013" id="508">
<session PageNumber="11" ReferencePage="50" SessionTitle="Male infertility"/>
<classification Grade="GPP" Level="GPP"/>
<fullstring>
Both male and female partners should be investigated concurrently
for couples who present for infertility assessment (pg 50).	
</fullstring>
</guideline>
<guideline Category="Medical" FileName="Infertility_Summarize2013(HiRes)" Topic="ASSESSMENT AND MANAGEMENT OF INFERTILITY
AT PRIMARY HEALTHCARE LEVEL" Year="2013" id="509">
<session PageNumber="11" ReferencePage="50" SessionTitle="Male infertility"/>
<classification Grade="B" Level="2+"/>
<fullstring>
	B Semen analysis should be done as the primary investigation for male
infertility (see section 4) (pg 50).
</fullstring>
</guideline>
<guideline Category="Medical" FileName="Infertility_Summarize2013(HiRes)" Topic="ASSESSMENT AND MANAGEMENT OF INFERTILITY
AT PRIMARY HEALTHCARE LEVEL" Year="2013" id="510">
<session PageNumber="11" ReferencePage="50" SessionTitle="Male infertility"/>
<classification Grade="GPP" Level="GPP"/>
<fullstring>
	GPP Hormonal investigations for male infertility should be limited to
FSH, LH and Testosterone levels (pg 50).	
GPP
</fullstring>
</guideline>
<guideline Category="Medical" FileName="Infertility_Summarize2013(HiRes)" Topic="ASSESSMENT AND MANAGEMENT OF INFERTILITY
AT PRIMARY HEALTHCARE LEVEL" Year="2013" id="511">
<session PageNumber="11" ReferencePage="51" SessionTitle="Male infertility"/>
<classification Grade="D" Level="3"/>
<fullstring>
	D Karyotyping and Y microdeletion test should be considered for men
with non-obstructive azoospermia (pg 51).	
Grade D, Level 3
</fullstring>
</guideline>
<guideline Category="Medical" FileName="Infertility_Summarize2013(HiRes)" Topic="ASSESSMENT AND MANAGEMENT OF INFERTILITY
AT PRIMARY HEALTHCARE LEVEL" Year="2013" id="512">
<session PageNumber="11" ReferencePage="51" SessionTitle="Male infertility"/>
<classification Grade="GPP" Level="GPP"/>
<fullstring>
Referral to a tertiary center should be made for:	Patients with azoospermia,Patients with severe semen abnormality,Patients with clinical evidence of varicocele		
Patients with erectile dysfunction,Patients with anejaculation,Patients with retrograde ejaculation,Patients with suspected androgen deficiency, Couples who will benefit from assisted reproductive technologies(pg 51).
</fullstring>
</guideline>
<guideline Category="Medical" FileName="Infertility_Summarize2013(HiRes)" Topic="ASSESSMENT AND MANAGEMENT OF INFERTILITY
AT PRIMARY HEALTHCARE LEVEL" Year="2013" id="513">
<session PageNumber="12" ReferencePage="51" SessionTitle="Male infertility"/>
<classification Grade="GPP" Level="GPP"/>
<fullstring>
GPP General advice such as cessation of smoking, steroid use and withdrawal
of offensive medication could be given at primary setting (pg 51).	
GPP'
</fullstring>
</guideline>
<guideline Category="Medical" FileName="Infertility_Summarize2013(HiRes)" Topic="ASSESSMENT AND MANAGEMENT OF INFERTILITY
AT PRIMARY HEALTHCARE LEVEL" Year="2013" id="514">
<session PageNumber="12" ReferencePage="51" SessionTitle="Male infertility"/>
<classification Grade="GPP" Level="GPP"/>
<fullstring>
	GPP Couples trying to conceive should generally avoid exposure to
harmful chemicals (e.g. by wearing protective clothing when appropriate
to reduce risk of exposure to harmful chemicals) (pg 51).
GPP
</fullstring>
</guideline>
<guideline Category="Medical" FileName="Infertility_Summarize2013(HiRes)" Topic="ASSESSMENT AND MANAGEMENT OF INFERTILITY
AT PRIMARY HEALTHCARE LEVEL" Year="2013" id="515">
<session PageNumber="12" ReferencePage="52" SessionTitle="Male infertility"/>
<classification Grade="A" Level="1+"/>
<fullstring>	
	A Antioxidant supplementation for subfertile males may be used to
improve live birth and pregnancy rates for subfertile couples (pg 52).
Grade A, Level 1+
</fullstring>
</guideline>
<guideline Category="Medical" FileName="Infertility_Summarize2013(HiRes)" Topic="ASSESSMENT AND MANAGEMENT OF INFERTILITY
AT PRIMARY HEALTHCARE LEVEL" Year="2013" id="516">
<session PageNumber="12" ReferencePage="52" SessionTitle="Male infertility"/>
<classification Grade="GPP" Level="GPP"/>
<fullstring>
	GPP Referral to fertility specialist should be facilitated if the female is
over 35 years old (pg 52).	
GPP
</fullstring>
</guideline>
<guideline Category="Medical" FileName="Infertility_Summarize2013(HiRes)" Topic="ASSESSMENT AND MANAGEMENT OF INFERTILITY
AT PRIMARY HEALTHCARE LEVEL" Year="2013" id="517">
<session PageNumber="12" ReferencePage="52" SessionTitle="Male infertility"/>
<classification Grade="B" Level="2++"/>
<fullstring>
	B Varicocele treatment may be considered when the female evaluation
is normal and the man has a palpable varicocele with suboptimal semen
quality (pg 52).	
Grade B, Level 2++
</fullstring>
</guideline>
<guideline Category="Medical" FileName="Infertility_Summarize2013(HiRes)" Topic="ASSESSMENT AND MANAGEMENT OF INFERTILITY
AT PRIMARY HEALTHCARE LEVEL" Year="2013" id="518">
<session PageNumber="12" ReferencePage="53" SessionTitle="Male infertility"/>
<classification Grade="GPP" Level="GPP"/>
<fullstring>
	GPP In azoospermia, spermatozoa may be retrieved from the testis/
epididymis using a variety of techniques such as testicular sperm aspiration
(TESA), testicular sperm extraction (TESE), microsurgical epididymal
sperm aspiration (MESA) and percutaneous epididymal sperm aspiration
(PESA). Sperm cryopreservation should be offered at the time of sperm
retrieval (pg 53).
GPP
</fullstring>
</guideline>
<guideline Category="Medical" FileName="Infertility_Summarize2013(HiRes)" Topic="ASSESSMENT AND MANAGEMENT OF INFERTILITY
AT PRIMARY HEALTHCARE LEVEL" Year="2013" id="519">
<session PageNumber="12" ReferencePage="53" SessionTitle="Male infertility"/>
<classification Grade="GPP" Level="GPP"/>
<fullstring>
	GPP When retrograde ejaculation is suspected, post-ejaculatory urinalysis
(looking for presence of sperm and fructose) may be requested (pg 53).
GPP
</fullstring>
</guideline>
<guideline Category="Medical" FileName="Infertility_Summarize2013(HiRes)" Topic="ASSESSMENT AND MANAGEMENT OF INFERTILITY
AT PRIMARY HEALTHCARE LEVEL" Year="2013" id="520">
<session PageNumber="12" ReferencePage="53" SessionTitle="Male infertility"/>
<classification Grade="C" Level="3"/>
<fullstring>
	C It is important to exclude retrograde ejaculation and anejaculation
from other causes of azoospermia as drug therapy may be used to allow
spontaneous conception (pg 53).	
Grade C, Level 3
</fullstring>
</guideline>
<guideline Category="Medical" FileName="Infertility_Summarize2013(HiRes)" Topic="ASSESSMENT AND MANAGEMENT OF INFERTILITY
AT PRIMARY HEALTHCARE LEVEL" Year="2013" id="521">
<session PageNumber="12" ReferencePage="54" SessionTitle="Male infertility"/>
<classification Grade="D" Level="4"/>
<fullstring>
	D When available, penile electrovibration and transrectal electroejaculation
should be considered before embarking on surgical sperm retrieval and
intracytoplasmic sperm injection (pg 54).	
12
Grade D, Level 4
</fullstring>
</guideline>
<guideline Category="Medical" FileName="Infertility_Summarize2013(HiRes)" Topic="ASSESSMENT AND MANAGEMENT OF INFERTILITY
AT PRIMARY HEALTHCARE LEVEL" Year="2013" id="522">
<session PageNumber="13" ReferencePage="54" SessionTitle="Male infertility"/>
<classification Grade="GPP" Level="GPP"/>
<fullstring>
GPP Delayed ejaculation and anorgasmia may have biogenic or
psychogenic aetiology. After exclusion of medical illnesses, referral could
be made to a sexual therapist who could help in education, counselling and
instruction in revised sexual technique to maximise sexual arousal (pg 54).
GPP
</fullstring>
</guideline>
<guideline Category="Medical" FileName="Infertility_Summarize2013(HiRes)" Topic="ASSESSMENT AND MANAGEMENT OF INFERTILITY
AT PRIMARY HEALTHCARE LEVEL" Year="2013" id="523">
<session PageNumber="13" ReferencePage="54" SessionTitle="Male infertility"/>
<classification Grade="B" Level="2++"/>
<fullstring>
	B Management of premature ejaculation depends on the underlying
aetiology, patient’s needs and preference. For lifelong premature
ejaculation, selective serotonin reuptake inhibitors (SSRIs) are preferred
while for secondary premature ejaculation, behavioural techniques are the
preferred option (pg 54).	
Grade B, Level 2++
</fullstring>
</guideline>
<guideline Category="Medical" FileName="Infertility_Summarize2013(HiRes)" Topic="ASSESSMENT AND MANAGEMENT OF INFERTILITY
AT PRIMARY HEALTHCARE LEVEL" Year="2013" id="524">
<session PageNumber="13" ReferencePage="54" SessionTitle="Male infertility"/>
<classification Grade="B" Level="2++"/>
<fullstring>
	B Patient with premature ejaculation should be informed that daily SSRI
is more effective than on-demand SSRI treatment. On demand use of
topical anaesthtics and tramadol may prolong intravaginal ejaculatory
latency (pg 54).	
Grade B, Level 2++
</fullstring>
</guideline>
<guideline Category="Medical" FileName="Infertility_Summarize2013(HiRes)" Topic="ASSESSMENT AND MANAGEMENT OF INFERTILITY
AT PRIMARY HEALTHCARE LEVEL" Year="2013" id="525">
<session PageNumber="13" ReferencePage="54" SessionTitle="Male infertility"/>
<classification Grade="B" Level="2++"/>
<fullstring>
B Phosphodiesterase type 5 (PDE 5) inhibitors should not be prescribed
to men with premature ejaculation when there is no associated erectile
dysfunction (pg 54).	
Grade B, Level 2++
</fullstring>
</guideline>
<guideline Category="Medical" FileName="Infertility_Summarize2013(HiRes)" Topic="ASSESSMENT AND MANAGEMENT OF INFERTILITY
AT PRIMARY HEALTHCARE LEVEL" Year="2013" id="526">
<session PageNumber="13" ReferencePage="55" SessionTitle="Male infertility"/>
<classification Grade="GPP" Level="GPP"/>
<fullstring>
	GPP All patients presenting with erectile dysfunction should have their
history taken and assessment done to identify cardiovascular risk factors
such as hypertension, hyperdyslipidaemia and diabetes as these are
commonly associated with cardiovascular disease (pg 55).	
GPP
</fullstring>
</guideline>
<guideline Category="Medical" FileName="Infertility_Summarize2013(HiRes)" Topic="ASSESSMENT AND MANAGEMENT OF INFERTILITY
AT PRIMARY HEALTHCARE LEVEL" Year="2013" id="527">
<session PageNumber="13" ReferencePage="55" SessionTitle="Male infertility"/>
<classification Grade="GPP" Level="GPP"/>
<fullstring>
	GPP Although referral to a fertility clinician can help with fertility
issues by doing in-vitro fertisilisation/intra cytoplasmic sperm injection,
multidisciplinary referral should be considered in the following
situations:complex endocrine disorder (to endocrinologist),history of pelvic or perineal trauma, penile deformities or penile, implants (to urologist), psychosocial issues or relationship problems (to counsellor,psychologist, psychiatrist)(pg 55).GPP
</fullstring>
</guideline>
<guideline Category="Medical" FileName="Infertility_Summarize2013(HiRes)" Topic="ASSESSMENT AND MANAGEMENT OF INFERTILITY
AT PRIMARY HEALTHCARE LEVEL" Year="2013" id="528">
<session PageNumber="14" ReferencePage="55" SessionTitle="Male infertility"/>
<classification Grade="D" Level="4"/>
<fullstring>
D First line treatment for erectile dysfunction should include patient
counseling and education, risk factor modification (smoking cessation,
reduce alcohol, improved diet and exercise, weight loss) and addressing
psychosocial issues (relationship difficulties, anxiety) (pg 55).	
Grade D, Level 4
</fullstring>
</guideline>
<guideline Category="Medical" FileName="Infertility_Summarize2013(HiRes)" Topic="ASSESSMENT AND MANAGEMENT OF INFERTILITY
AT PRIMARY HEALTHCARE LEVEL" Year="2013" id="529">
<session PageNumber="14" ReferencePage="55" SessionTitle="Male infertility"/>
<classification Grade="A" Level="1+"/>
<fullstring>
	A Oral agents (PDE5 inhibitors) such as tadalafil (Cialis), Sildenafil
(Viagra), Vardenafil (Levitra) have similar efficacy, tolerability and
safety for the treatment of erectile dysfunction. Choice of drug should be
individualised based on patient needs (pg 55).	
Grade A, Level 1+
</fullstring>
</guideline>
<guideline Category="Medical" FileName="Infertility_Summarize2013(HiRes)" Topic="ASSESSMENT AND MANAGEMENT OF INFERTILITY
AT PRIMARY HEALTHCARE LEVEL" Year="2013" id="530">
<session PageNumber="14" ReferencePage="56" SessionTitle="Male infertility"/>
<classification Grade="D" Level="4"/>
<fullstring>
	D Phosphodiesterase type 5 (PDE 5) inhibitors should not be taken with
nitrate-containing medications for erectile dysfunction as the concurrent
use of nitrate medications and PDE 5 inhibitors is contraindicated.
Patients need to be educated that they require sexual stimulation for these
medications to work (pg 56).	
Grade D, Level 4
</fullstring>
</guideline>
<guideline Category="Medical" FileName="Infertility_Summarize2013(HiRes)" Topic="ASSESSMENT AND MANAGEMENT OF INFERTILITY
AT PRIMARY HEALTHCARE LEVEL" Year="2013" id="531">
<session PageNumber="14" ReferencePage="56" SessionTitle="Male infertility"/>
<classification Grade="C" Level="2+"/>
<fullstring>
	C Vacuum devices and rings are suitable for men with erectile dysfunction
who have contraindications for pharmacologic therapies. It should only be
prescribed by clinicians who are familiar with its use (pg 56).	
Grade C, Level 2+
</fullstring>
</guideline>
<guideline Category="Medical" FileName="Infertility_Summarize2013(HiRes)" Topic="ASSESSMENT AND MANAGEMENT OF INFERTILITY
AT PRIMARY HEALTHCARE LEVEL" Year="2013" id="532">
<session PageNumber="14" ReferencePage="56" SessionTitle="Male infertility"/>
<classification Grade="C" Level="2+"/>
<fullstring>
	C Men with erectile dysfunction who are resistant to phosphodiesterase
type 5 (PDE 5) inhibitors should be referred to a urologist as combination
therapy (PDE 5 inhibitor plus vacuum erectile device, intraurethral
medication, intracavernosal injection, androgen supplement, α-blocker)
or invasive treatment such as penile implant may be considered (pg 56).
Grade C, Level 2+
</fullstring>
</guideline>
<guideline Category="Medical" FileName="Infertility_Summarize2013(HiRes)" Topic="ASSESSMENT AND MANAGEMENT OF INFERTILITY
AT PRIMARY HEALTHCARE LEVEL" Year="2013" id="533">
<session PageNumber="14" ReferencePage="56" SessionTitle="Male infertility"/>
<classification Grade="D" Level="4"/>
<fullstring>
	D Hormone assays should be performed to test for androgen deficiency.
As there is diurnal rhythm in hormone secretion, blood samples for
testosterone should be taken in the morning (pg 56).	
Grade D, Level 4
</fullstring>
</guideline>
<guideline Category="Medical" FileName="Infertility_Summarize2013(HiRes)" Topic="ASSESSMENT AND MANAGEMENT OF INFERTILITY
AT PRIMARY HEALTHCARE LEVEL" Year="2013" id="534">
<session PageNumber="15" ReferencePage="56" SessionTitle="Male infertility"/>
<classification Grade="GPP" Level="GPP"/>
<fullstring>
GPP The result of hormone assays should be interpreted with caution as
there is no appropriate standardised reference range for all laboratories.
Therefore, clinical assessment (recent changes in sexual function, patterns
of body hair and secondary sexual characteristics) is important to diagnose
androgen deficiency (pg 56).	
GPP
</fullstring>
</guideline>
<guideline Category="Medical" FileName="Infertility_Summarize2013(HiRes)" Topic="ASSESSMENT AND MANAGEMENT OF INFERTILITY
AT PRIMARY HEALTHCARE LEVEL" Year="2013" id="535">
<session PageNumber="15" ReferencePage="57" SessionTitle="Male infertility"/>
<classification Grade="B" Level="2++"/>
<fullstring>
	B When fertility is desired, testosterone should not be used to treat
androgen deficiency. When the causes are secondary to hypothalamus or
pituitary disorders, Human Chorionic Gonadatropin (HCG) injection may
be used instead (pg 57).	
Grade B, Level 2++
</fullstring>
</guideline>
<guideline Category="Medical" FileName="Infertility_Summarize2013(HiRes)" Topic="ASSESSMENT AND MANAGEMENT OF INFERTILITY
AT PRIMARY HEALTHCARE LEVEL" Year="2013" id="536">
<session PageNumber="15" ReferencePage="58" SessionTitle="Tubal-infertility (Preventive strategies and treatment)"/>
<classification Grade="C" Level="2+"/>
<fullstring>
	C Women with high risk profiles (early sexual debut, multiple partners,
non-compliance with safe sexual advice, etc.) should be screened for
Chlamydia trachomatis in their urogenital tracts and be treated promptly
to prevent future repercussions including tubal infertility (pg 58).
Grade C, Level 2+
</fullstring>
</guideline>
<guideline Category="Medical" FileName="Infertility_Summarize2013(HiRes)" Topic="ASSESSMENT AND MANAGEMENT OF INFERTILITY
AT PRIMARY HEALTHCARE LEVEL" Year="2013" id="537">
<session PageNumber="15" ReferencePage="58" SessionTitle="Tubal-infertility (Preventive strategies and treatment)"/>
<classification Grade="C" Level="2+"/>
<fullstring>
	C Partners of Chlamydia positive women should be tested and treated as
well, to prevent re-infection of the treated women. Positive cases should
be referred to the Department of STI Control for contact tracing and
treatment (pg 58).
Grade C, Level 2+
</fullstring>
</guideline>
<guideline Category="Medical" FileName="Infertility_Summarize2013(HiRes)" Topic="ASSESSMENT AND MANAGEMENT OF INFERTILITY
AT PRIMARY HEALTHCARE LEVEL" Year="2013" id="538">
<session PageNumber="15" ReferencePage="58" SessionTitle="Tubal-infertility (Preventive strategies and treatment)"/>
<classification Grade="A" Level="1++"/>
<fullstring>
	A Oral doxycycline (100mg twice daily for 7 to 14 days) and azithromycin
(1gm stat dose) are recommended antibiotics against Chlamydia
trachomatis (pg 58).
Grade A, Level 1++
</fullstring>
</guideline>
<guideline Category="Medical" FileName="Infertility_Summarize2013(HiRes)" Topic="ASSESSMENT AND MANAGEMENT OF INFERTILITY
AT PRIMARY HEALTHCARE LEVEL" Year="2013" id="539">
<session PageNumber="15" ReferencePage="59" SessionTitle="Tubal-infertility (Preventive strategies and treatment)"/>
<classification Grade="B" Level="1++"/>
<fullstring>
	B High risk women who are scheduled for invasive instrumentation of the
reproductive tract should be empirically treated for Chlamydia, to prevent
ascending infection of the upper reproductive tract, or re-activation of past
infection (pg 59).
Grade B, Level 2++
</fullstring>
</guideline>
<guideline Category="Medical" FileName="Infertility_Summarize2013(HiRes)" Topic="ASSESSMENT AND MANAGEMENT OF INFERTILITY
AT PRIMARY HEALTHCARE LEVEL" Year="2013" id="540">
<session PageNumber="16" ReferencePage="59" SessionTitle="Tubal-infertility (Preventive strategies and treatment)"/>
<classification Grade="GPP" Level="GPP"/>
<fullstring>
GPP Assessment of tubal patency should be considered in all infertile
women (pg 59).
GPP
</fullstring>
</guideline>
<guideline Category="Medical" FileName="Infertility_Summarize2013(HiRes)" Topic="ASSESSMENT AND MANAGEMENT OF INFERTILITY
AT PRIMARY HEALTHCARE LEVEL" Year="2013" id="541">
<session PageNumber="16" ReferencePage="59" SessionTitle="Tubal-infertility (Preventive strategies and treatment)"/>
<classification Grade="B" Level="2++"/>
<fullstring>
	B Women with low risk for tubal disease (based on the history and
physical examination), should be screened with a HSG for tubal patency
as part of assessment for infertility (pg 59).
Grade B, Level 2++
</fullstring>
</guideline>
<guideline Category="Medical" FileName="Infertility_Summarize2013(HiRes)" Topic="ASSESSMENT AND MANAGEMENT OF INFERTILITY
AT PRIMARY HEALTHCARE LEVEL" Year="2013" id="542">
<session PageNumber="16" ReferencePage="60" SessionTitle="Endometriosis"/>
<classification Grade="C" Level="2+"/>
<fullstring>
	C A detailed vaginal examination with bimanual palpation, and / or rectal
examination is essential to detect nodular lesion on the uterosacral ligaments,
rectovaginal septum, or other surfaces accessible digitally. The detection
rate of physical examination is better during menstruation (pg 60).
Grade C, Level 2+
</fullstring>
</guideline>
<guideline Category="Medical" FileName="Infertility_Summarize2013(HiRes)" Topic="ASSESSMENT AND MANAGEMENT OF INFERTILITY
AT PRIMARY HEALTHCARE LEVEL" Year="2013" id="543">
<session PageNumber="16" ReferencePage="60" SessionTitle="Endometriosis"/>
<classification Grade="C" Level="2+"/>
<fullstring>
	C Magnetic resonance imaging may be considered as an adjunctive
investigation tool to laparoscopy in the diagnosis of deeply infiltrating
endometriosis (pg 61).
Grade C, Level 2+
</fullstring>
</guideline>
<guideline Category="Medical" FileName="Infertility_Summarize2013(HiRes)" Topic="ASSESSMENT AND MANAGEMENT OF INFERTILITY
AT PRIMARY HEALTHCARE LEVEL" Year="2013" id="544">
<session PageNumber="16" ReferencePage="61" SessionTitle="Endometriosis"/>
<classification Grade="B" Level="2++"/>
<fullstring>
	B Serum CA125 should not be used in the routine investigation of
endometriosis due to inadequate specificity and sensitivity (pg 61).
Grade B, Level 2++
</fullstring>
</guideline>
<guideline Category="Medical" FileName="Infertility_Summarize2013(HiRes)" Topic="ASSESSMENT AND MANAGEMENT OF INFERTILITY
AT PRIMARY HEALTHCARE LEVEL" Year="2013" id="545">
<session PageNumber="16" ReferencePage="61" SessionTitle="Endometriosis"/>
<classification Grade="D" Level="4"/>
<fullstring>
	D Diagnosis of endometriosis should be made at laparoscopy unless
disease is visible in the vagina or elsewhere (pg 61).
Grade D, Level 4
</fullstring>
</guideline>
<guideline Category="Medical" FileName="Infertility_Summarize2013(HiRes)" Topic="ASSESSMENT AND MANAGEMENT OF INFERTILITY
AT PRIMARY HEALTHCARE LEVEL" Year="2013" id="546">
<session PageNumber="16" ReferencePage="62" SessionTitle="Endometriosis"/>
<classification Grade="C" Level="2+"/>
<fullstring>
	C Diagnostic laparoscopy for endometriosis should not be undertaken
within 3 months of ovarian suppressive treatment, as there is a high risk of
missing the lesions and leading to a false negative result (pg 62).
Grade C, Level 2+
</fullstring>
</guideline>
</cpgs>
