<?xml version="1.0" encoding="UTF-8" standalone="no"?>
<cpgs>
<guideline Category="Medical" FileName="Management of Gambling Disorder Booklet_CARD_JUN2011_approved" Topic="Management of Gambling Disorders" Year="2011" id="435">
<session PageNumber="1" ReferencePage="8" SessionTitle="Assessment"/>
<classification Grade="C" Level="2+"/>
<fullstring>
Screening for gambling disorders at the primary care setting is recommended for patients who present with frequent physical and psychological complaints,or who have a history of substance/alcohol use problems (pg 8).
</fullstring>
</guideline> 
<guideline Category="Medical" FileName="Management of Gambling Disorder Booklet_CARD_JUN2011_approved" Topic="Management of Gambling Disorders" Year="2011" id="435">
<session PageNumber="1" ReferencePage="8" SessionTitle="Assessment"/>
<classification Grade="D" Level="4"/>
<fullstring>
Screening for gambling disorders is recommended if gambling is a regular and habitual activity (pg 8).
</fullstring>
</guideline> 
<guideline Category="Medical" FileName="Management of Gambling Disorder Booklet_CARD_JUN2011_approved" Topic="Management of Gambling Disorders" Year="2011" id="435">
<session PageNumber="1" ReferencePage="9" SessionTitle="Assessment"/>
<classification Grade="C" Level="2+"/>
<fullstring>
Screening for gambling disorders should be routinely performed as part of all psychiatric assessment, especially in those individuals with mental health conditions (pg 9).
</fullstring>
</guideline> 
<guideline Category="Medical" FileName="Management of Gambling Disorder Booklet_CARD_JUN2011_approved" Topic="Management of Gambling Disorders" Year="2011" id="435">
<session PageNumber="1" ReferencePage="9" SessionTitle="Assessment"/>
<classification Grade="GPP" Level="GPP"/>
<fullstring>
Corroborative history in relation to gambling patterns and behaviour should be obtained from family members and significant others as far as possible (pg 9).
</fullstring>
</guideline>
<guideline Category="Medical" FileName="Management of Gambling Disorder Booklet_CARD_JUN2011_approved" Topic="Management of Gambling Disorders" Year="2011" id="435">
<session PageNumber="1" ReferencePage="9" SessionTitle="Assessment"/>
<classification Grade="D" Level="4"/>
<fullstring>
An individual who is screened positive for gambling disorder should be referred to the appropriate professionals for further clinical evaluation (pg 9).
</fullstring>
</guideline> 
<guideline Category="Medical" FileName="Management of Gambling Disorder Booklet_CARD_JUN2011_approved" Topic="Management of Gambling Disorders" Year="2011" id="435">
<session PageNumber="2" ReferencePage="10" SessionTitle="Assessment"/>
<classification Grade="D" Level="4"/>
<fullstring>
D The key aspects of assessment should include the following:
•	 Full psychiatric history including:
-	 history of presenting complaints
-	 psychiatric, family, treatment, past and personal histories
• 	 Detailed assessment of gambling behaviour:
-	 initiation
-	 progression
-	 current frequency (days per week or hours per day)
-	 current severity (money spent on gambling proportionate to income)
-	 types of games played
-	 maintaining factors
-	 features of dependence
• 	 Consequences: financial, interpersonal, vocational, social and legal
• 	 Reasons for consultation, motivation to change and expectations of
treatment
• 	 Assessment of suicide risk
• 	 Assessment of Axis I and II comorbidities, including alcohol and substance
use disorders
• 	 Comprehensive mental state examination (pg 10) 	
Grade D, Level 4
</fullstring>
</guideline>
<guideline Category="Medical" FileName="Management of Gambling Disorder Booklet_CARD_JUN2011_approved" Topic="Management of Gambling Disorders" Year="2011" id="435">
<session PageNumber="2" ReferencePage="11" SessionTitle="Assessment"/>
<classification Grade="GPP" Level="GPP"/>
<fullstring> 
GPP A comprehensive clinical interview that includes a psychiatric assessment
and mental state examination should be performed when assessing gambling
disorders. A multi-disciplinary assessment is recommended (pg 11).
GPP
</fullstring>
</guideline> 
<guideline Category="Medical" FileName="Management of Gambling Disorder Booklet_CARD_JUN2011_approved" Topic="Management of Gambling Disorders" Year="2011" id="435">
<session PageNumber="2" ReferencePage="11" SessionTitle="Assessment"/>
<classification Grade="D" Level="4"/>
<fullstring> 
D DSM-IV diagnostic criteria for pathological gambling should be used to
evaluate and confirm a diagnosis of pathological gambling (pg 11).
Grade D, Level 4
</fullstring>
</guideline> 
<guideline Category="Medical" FileName="Management of Gambling Disorder Booklet_CARD_JUN2011_approved" Topic="Management of Gambling Disorders" Year="2011" id="435">
<session PageNumber="2" ReferencePage="13" SessionTitle="Management: Interventions"/>
<classification Grade="GPP" Level="GPP"/>
<fullstring> 
GPP A comprehensive treatment plan that incorporates a multi-disciplinary and multi-modal approach should be developed for the management of pathological
gambling (pg 13).GPP
</fullstring>
</guideline> 
<guideline Category="Medical" FileName="Management of Gambling Disorder Booklet_CARD_JUN2011_approved" Topic="Management of Gambling Disorders" Year="2011" id="435">
<session PageNumber="2" ReferencePage="13" SessionTitle="Management: Interventions"/>
<classification Grade="GPP" Level="GPP"/>
<fullstring> 
GPP When prescribing medications to treat pathological gambling, the medical practitioner should inform the patient of the off-label use and the possible side-effects of these medications (pg 13).GPP
</fullstring>
</guideline> 
<guideline Category="Medical" FileName="Management of Gambling Disorder Booklet_CARD_JUN2011_approved" Topic="Management of Gambling Disorders" Year="2011" id="435">
<session PageNumber="3" ReferencePage="14" SessionTitle="Management: Interventions"/>
<classification Grade="A" Level="1+"/>
<fullstring>
A An opioid antagonist like naltrexone or nalmefene may be considered for
reduction of gambling urges and thoughts in pathological gamblers (pg 14).
Grade A, Level 1+
</fullstring>
</guideline>
<guideline Category="Medical" FileName="Management of Gambling Disorder Booklet_CARD_JUN2011_approved" Topic="Management of Gambling Disorders" Year="2011" id="435">
<session PageNumber="3" ReferencePage="14" SessionTitle="Management: Interventions"/>
<classification Grade="B" Level="1+"/>
<fullstring>
B Fluvoxamine and paroxetine may be considered for reduction of gambling
behaviour, urges and thoughts in pathological gamblers (pg 14).
Grade B, Level 1+
</fullstring>
</guideline>
<guideline Category="Medical" FileName="Management of Gambling Disorder Booklet_CARD_JUN2011_approved" Topic="Management of Gambling Disorders" Year="2011" id="435">
<session PageNumber="3" ReferencePage="14" SessionTitle="Management: Interventions"/>
<classification Grade="B" Level="2++"/>
<fullstring>
B Psychological interventions utilising the components of cognitive-behavioural
therapy are recommended for the treatment of pathological gambling (pg 16).
Grade B, Level 2++
</fullstring>
</guideline>
<guideline Category="Medical" FileName="Management of Gambling Disorder Booklet_CARD_JUN2011_approved" Topic="Management of Gambling Disorders" Year="2011" id="435">
<session PageNumber="3" ReferencePage="17" SessionTitle="Management: Interventions"/>
<classification Grade="A" Level="1+"/>
<fullstring>
A Motivational enhancement therapy (face-to-face or telephone counselling)
and self-help workbooks are recommended for the treatment of gambling
disorders, especially for individuals who are ambivalent about quitting gambling
or entering treatment, or who are not keen on long-term therapy (pg 17).
Grade A, Level 1+
</fullstring>
</guideline>
<guideline Category="Medical" FileName="Management of Gambling Disorder Booklet_CARD_JUN2011_approved" Topic="Management of Gambling Disorders" Year="2011" id="435">
<session PageNumber="3" ReferencePage="17" SessionTitle="Management: Interventions"/>
<classification Grade="D" Level="3"/>
<fullstring>
D Mindfulness therapy may be used as an adjunct intervention in the treatment
of gambling disorders (pg 17).
Grade D, Level 3
</fullstring>
</guideline>
<guideline Category="Medical" FileName="Management of Gambling Disorder Booklet_CARD_JUN2011_approved" Topic="Management of Gambling Disorders" Year="2011" id="435">
<session PageNumber="3" ReferencePage="18" SessionTitle="Management: Interventions"/>
<classification Grade="GPP" Level="GPP"/>
<fullstring>
GPP Self-help support groups should only be considered as complementary
services to professional treatment for individuals with gambling-related
problems (pg 18).
GPP
</fullstring>
</guideline>
<guideline Category="Medical" FileName="Management of Gambling Disorder Booklet_CARD_JUN2011_approved" Topic="Management of Gambling Disorders" Year="2011" id="435">
<session PageNumber="3" ReferencePage="18" SessionTitle="Management: Interventions"/>
<classification Grade="GPP" Level="GPP"/>
<fullstring>
GPP Financial counselling, limiting access to money and restricting admission
into gambling venues are complementary and practical approaches that should
be considered for those who have gambling-related problems (pg 18).
GPP
</fullstring>
</guideline>
<guideline Category="Medical" FileName="Management of Gambling Disorder Booklet_CARD_JUN2011_approved" Topic="Management of Gambling Disorders" Year="2011" id="435">
<session PageNumber="3" ReferencePage="19" SessionTitle="Management: Special populations"/>
<classification Grade="C" Level="2+"/>
<fullstring>
Screening tools that are specific to the adolescent population (e.g. SOGS-
RA, DSM-IV-J) should be used in the screening for gambling disorders among
adolescents (pg 19).
</fullstring>
</guideline>
<guideline Category="Medical" FileName="Management of Gambling Disorder Booklet_CARD_JUN2011_approved" Topic="Management of Gambling Disorders" Year="2011" id="435">
<session PageNumber="4" ReferencePage="20" SessionTitle="Management: Special populations"/>
<classification Grade="D" Level="3"/>
<fullstring>
D Cognitive behavioural therapy may be used in the treatment of adolescent
pathological gambling (pg 20).
Grade D, Level 3
</fullstring>
</guideline>
<guideline Category="Medical" FileName="Management of Gambling Disorder Booklet_CARD_JUN2011_approved" Topic="Management of Gambling Disorders" Year="2011" id="435">
<session PageNumber="4" ReferencePage="20" SessionTitle="Management: Special populations"/>
<classification Grade="D" Level="3"/>
<fullstring>
D Therapy for adolescent gambling disorders should include components such
as acceptance of the problem, establishment of mutual trust, involvement of
family, restructuring of leisure time, cognitive restructuring of erroneous beliefs
and enhancement of effective coping skills (pg 20).
Grade D, Level 3
</fullstring>
</guideline>
<guideline Category="Medical" FileName="Management of Gambling Disorder Booklet_CARD_JUN2011_approved" Topic="Management of Gambling Disorders" Year="2011" id="435">
<session PageNumber="4" ReferencePage="21" SessionTitle="Management: Special populations"/>
<classification Grade="C" Level="2+"/>
<fullstring>
C Screening for gambling disorders is recommended in older adults who engage
in gambling activities (pg 21).
Grade C, Level 2+
</fullstring>
</guideline>
<guideline Category="Medical" FileName="Management of Gambling Disorder Booklet_CARD_JUN2011_approved" Topic="Management of Gambling Disorders" Year="2011" id="435">
<session PageNumber="4" ReferencePage="21" SessionTitle="Management: Special populations"/>
<classification Grade="C" Level="2+"/>
<fullstring>
C Clinical assessment of older adults, who are suspected or diagnosed to have
a gambling disorders, should include a comprehensive evaluation of physical,
psychiatric and social histories (pg 21).
Grade C, Level 2+
</fullstring>
</guideline>
<guideline Category="Medical" FileName="Management of Gambling Disorder Booklet_CARD_JUN2011_approved" Topic="Management of Gambling Disorders" Year="2011" id="435">
<session PageNumber="4" ReferencePage="21" SessionTitle="Management: Special populations"/>
<classification Grade="GPP" Level="GPP"/>
<fullstring>
GPP Empirical treatment using best practices in adult problem/pathological
gamblers is recommended for the treatment of older adults with gambling
disorders (pg 21).
GPP
</fullstring>
</guideline>
<guideline Category="Medical" FileName="Management of Gambling Disorder Booklet_CARD_JUN2011_approved" Topic="Management of Gambling Disorders" Year="2011" id="435">
<session PageNumber="4" ReferencePage="21" SessionTitle="Management: Special populations"/>
<classification Grade="C" Level="2+"/>
<fullstring>
C Screening for comorbid psychiatric conditions in individuals with gambling
disorders is highly recommended (pg 21).
Grade C, Level 2+
</fullstring>
</guideline>
<guideline Category="Medical" FileName="Management of Gambling Disorder Booklet_CARD_JUN2011_approved" Topic="Management of Gambling Disorders" Year="2011" id="435">
<session PageNumber="4" ReferencePage="21" SessionTitle="Management: Special populations"/>
<classification Grade="GPP" Level="GPP"/>
<fullstring>
GPP Appropriate treatment for the identified comorbid psychiatric disorders
in individuals with gambling disorders should be instituted (pg 21).
GPP
</fullstring>
</guideline>
<guideline Category="Medical" FileName="Management of Gambling Disorder Booklet_CARD_JUN2011_approved" Topic="Management of Gambling Disorders" Year="2011" id="435">
<session PageNumber="4" ReferencePage="21" SessionTitle="Management: Special populations"/>
<classification Grade="B" Level="2+"/>
<fullstring>
B Family members and significant others of individuals with gambling disorders
should be engaged in treatment as far as possible (pg 22).
Grade B, Level 2++
</fullstring>
</guideline>
</cpgs>

