<?xml version="1.0" encoding="UTF-8" standalone="no"?>
<cpgs>
<guideline Category="Pharmacy" FileName="management of chronic heart failure - booklet" Topic="Management of chronic heart failure" Year="2007" id="">
<session PageNumber="4" ReferencePage="" SessionTitle="Angiotensin Converting Enzyme Inhibitors (ACE-I)"/>
<classification Grade="IIa" Level="A"/>
<fullstring>
ACE-I are recommended to prevent heart failure in high risk patients who
have a history of coronary artery disease, peripheral vascular disease,
stroke, hypertension with associated cardiovascular risk factors or diabetes
mellitus with microalbuminuria or who smoke.
</fullstring>
</guideline>
<guideline Category="Pharmacy" FileName="management of chronic heart failure - booklet" Topic="Management of chronic heart failure" Year="2007" id="">
<session PageNumber="4" ReferencePage="" SessionTitle="Angiotensin Converting Enzyme Inhibitors (ACE-I)"/>
<classification Grade="I" Level="A"/>
<fullstring>
ACE-I have been shown to improve the survival, symptoms and functional
capacity as well as reduce hospitalization rates in all heart failure patients,
with LVEF ≤ 40%, whether symptomatic or asymptomatic.
</fullstring>
</guideline>
<guideline Category="Pharmacy" FileName="management of chronic heart failure - booklet" Topic="Management of chronic heart failure" Year="2007" id="">
<session PageNumber="4" ReferencePage="" SessionTitle="Angiotensin Converting Enzyme Inhibitors (ACE-I)"/>
<classification Grade="I" Level="A"/>
<fullstring>
ACE-I should be given to all patients diagnosed with heart failure in the
absence of contraindications. ACE-I should be given as the initial agent
rather than an angiotensin II receptor blocker.
</fullstring>
</guideline>
<guideline Category="Pharmacy" FileName="management of chronic heart failure - booklet" Topic="Management of chronic heart failure" Year="2007" id="">
<session PageNumber="4" ReferencePage="" SessionTitle="Angiotensin Converting Enzyme Inhibitors (ACE-I)"/>
<classification Grade="I" Level="B"/>
<fullstring>
For patients with fluid retention, ACE-I should not be prescribed without
diuretics.
</fullstring>
</guideline>
<guideline Category="Pharmacy" FileName="management of chronic heart failure - booklet" Topic="Management of chronic heart failure" Year="2007" id="">
<session PageNumber="4" ReferencePage="" SessionTitle="Angiotensin Converting Enzyme Inhibitors (ACE-I)"/>
<classification Grade="IIb" Level="C"/>
<fullstring>
Patients who cannot tolerate ACE-I due to hyperkalaemia and renal
insufficiency are also likely to be intolerable to angiotensin II receptor
blockers. For these patients, a combination of isosorbide dinitrate and
hydralazine may be recommended, especially when the use of beta-
adrenergic blockers is contraindicated.
</fullstring>
</guideline>
<guideline Category="Pharmacy" FileName="management of chronic heart failure - booklet" Topic="Management of chronic heart failure" Year="2007" id="">
<session PageNumber="4" ReferencePage="" SessionTitle="Angiotensin Converting Enzyme Inhibitors (ACE-I)"/>
<classification Grade="" Level=""/>
<fullstring>
ACE-I should be used with caution in patients with bilateral renal artery
stenosis, aortic stenosis, very low systolic blood pressure (less than 80mmHg),
markedly elevated serum creatinine (> 250μmol/L) or serum potassium
(> 5.5 mmol/L).
</fullstring>
</guideline>
<guideline Category="Pharmacy" FileName="management of chronic heart failure - booklet" Topic="Management of chronic heart failure" Year="2007" id="">
<session PageNumber="4" ReferencePage="" SessionTitle="Angiotensin Converting Enzyme Inhibitors (ACE-I)"/>
<classification Grade="" Level=""/>
<fullstring>
ACE-I are contraindicated in patients who have experienced life threatening
adverse reactions (angioedema or anuric renal failure) while on the agent
and in pregnancy.
</fullstring>
</guideline>
<guideline Category="Pharmacy" FileName="management of chronic heart failure - booklet" Topic="Management of chronic heart failure" Year="2007" id="">
<session PageNumber="5" ReferencePage="" SessionTitle="Dose titration"/>
<classification Grade="I" Level="A"/>
<fullstring>
ACE-I should be initiated at the appropriate dose and titrated upwards at
short intervals (for example, every 1 to 2 weeks) until the optimal tolerated
or target dose as used in large, randomized trials is achieved.
</fullstring>
</guideline>
<guideline Category="Pharmacy" FileName="management of chronic heart failure - booklet" Topic="Management of chronic heart failure" Year="2007" id="">
<session PageNumber="5" ReferencePage="" SessionTitle="Recommended Angiotensin Converting Enzyme Inhibitors Dosing
Guide"/>
<classification Grade="I" Level="A"/>
<fullstring>
ACE-I- Starting dose Increments Target dose Further increments Maximum dose
Captopril- 6.25mg tds -12.5mg - 25mg - 50mg tds - 75mg - 100mg tds
Enalapril- 2.5mg bd - 5mg - 7.5mg - 10mg bd - 15mg - 20mg bd
Lisinopril- 2.5mg - 5mg- 10mg - 15mg -once daily 20mg once daily - 30mg - 40mg oncedaily
Perindopril -# 2mg once daily - 4mg - 4mg once daily - 6mg - 8mg once daily
Ramipril- 1.25mg -2.5mg daily - 5mg - 10mg daily -15mg - 20mg daily
# Use is not well established in heart failure trials Considerations during titration
</fullstring>
</guideline>
<guideline Category="Pharmacy" FileName="management of chronic heart failure - booklet" Topic="Management of chronic heart failure" Year="2007" id="">
<session PageNumber="8" ReferencePage="" SessionTitle="Angiotensin II Receptor Blockers (ARB) Considerations for initiation"/>
<classification Grade="I" Level="A"/>
<fullstring>
ARB are useful alternatives for heart failure patients (LVEF ≤ 40%) intolerant
of ACE-I due to cough. However, for patients intolerant to ACE-I due to renal
insufficiency or hyperkalaemia, ARB are not recommended.
(Class I, Level A)
</fullstring>
</guideline>
<guideline Category="Pharmacy" FileName="management of chronic heart failure - booklet" Topic="Management of chronic heart failure" Year="2007" id="">
<session PageNumber="8" ReferencePage="14,15" SessionTitle="Angiotensin II Receptor Blockers (ARB) Considerations for initiation"/>
<classification Grade="I" Level="A"/>
<fullstring>
ARB has been infrequently associated with angioedema. Nonetheless, in
patients who develop angioedema while on ACE-I, ARB can still be used
with caution .14, 15
</fullstring>
</guideline>
<guideline Category="Pharmacy" FileName="management of chronic heart failure - booklet" Topic="Management of chronic heart failure" Year="2007" id="">
<session PageNumber="8" ReferencePage="16,17" SessionTitle="Angiotensin II Receptor Blockers (ARB) Considerations for initiation"/>
<classification Grade="I" Level="A"/>
<fullstring>
ARB may be considered as an alternative initial therapy rather than ACE-I
for heart failure patients with recent myocardial infarction .16, 17
</fullstring>
</guideline>
<guideline Category="Pharmacy" FileName="management of chronic heart failure - booklet" Topic="Management of chronic heart failure" Year="2007" id="">
<session PageNumber="8" ReferencePage="16,17" SessionTitle="Angiotensin II Receptor Blockers (ARB) Considerations for initiation"/>
<classification Grade="III" Level="B"/>
<fullstring>
The addition of ARB to existing ACE-I and β-blocker is not recommended
in patients with recent myocardial infarction and left ventricular systolic
dysfunction. This combination does not confer additional benefits and
can contribute to higher risk of adverse events such as hypotension,
hyperkalaemia and reduced renal function. 17
(Class III, Level B)
</fullstring>
</guideline>
<guideline Category="Pharmacy" FileName="management of chronic heart failure - booklet" Topic="Management of chronic heart failure" Year="2007" id="">
<session PageNumber="8" ReferencePage="16,17" SessionTitle="Angiotensin II Receptor Blockers (ARB) Considerations for initiation"/>
<classification Grade="IIa" Level="B"/>
<fullstring>
In patients with persistent signs and symptoms of heart failure, the addition
of ARB to existing ACE-I and β-blocker may be considered. However, close
monitoring of serum creatinine and potassium is necessary to prevent
unwanted side effects.
(Class IIa, Level B)
</fullstring>
</guideline>
<guideline Category="Pharmacy" FileName="management of chronic heart failure - booklet" Topic="Management of chronic heart failure" Year="2007" id="">
<session PageNumber="8" ReferencePage="16,17" SessionTitle="Angiotensin II Receptor Blockers (ARB) Considerations for initiation"/>
<classification Grade="I" Level="A"/>
<fullstring>
Dose titration,ARB should be initiated at the appropriate dose and titrated upwards at
short intervals (for example, every 1 to 2 weeks) until the optimal tolerated
or target dose as used in large, randomized trials is achieved.
(Class I, Level A)
</fullstring>
</guideline>
<guideline Category="Pharmacy" FileName="management of chronic heart failure - booklet" Topic="Management of chronic heart failure" Year="2007" id="">
<session PageNumber="11" ReferencePage="" SessionTitle="Angiotensin II Receptor Blockers (ARB) Considerations for initiation"/>
<classification Grade="I" Level="A"/>
<fullstring>
β-blockers can reduce the risk of death, the combined risk of death and
hospitalization, improve functional status and lead to improved cardiac
function and lessen symptoms of heart failure.
(Class I, Level A)
</fullstring>
</guideline>
<guideline Category="Pharmacy" FileName="management of chronic heart failure - booklet" Topic="Management of chronic heart failure" Year="2007" id="">
<session PageNumber="11" ReferencePage="20,21" SessionTitle="Angiotensin II Receptor Blockers (ARB) Considerations for initiation"/>
<classification Grade="I" Level="B"/>
<fullstring>
β-blockers (bisoprolol, carvedilol or long-acting metoprolol) should be
initiated in patients with stable heart failure due to left ventricular systolic
dysfunction (LVEF ≤ 40%) with or without ACE-I therapy. 20, 21
(Class I, Level B)
</fullstring>
</guideline>
<guideline Category="Pharmacy" FileName="management of chronic heart failure - booklet" Topic="Management of chronic heart failure" Year="2007" id="">
<session PageNumber="12" ReferencePage="" SessionTitle="Angiotensin II Receptor Blockers (ARB) Considerations for initiation"/>
<classification Grade="I" Level="A"/>
<fullstring>
β-blockers are recommended in patients with heart failure and preserved
LVEF who have prior or recent episode of myocardial infarction.
(Class I, Level A)
</fullstring>
</guideline>
<guideline Category="Pharmacy" FileName="management of chronic heart failure - booklet" Topic="Management of chronic heart failure" Year="2007" id="">
<session PageNumber="12" ReferencePage="" SessionTitle="Angiotensin II Receptor Blockers (ARB) Dose titration"/>
<classification Grade="1" Level="B"/>
<fullstring>
β-blocker therapy for heart failure should be introduced in a “start low, go
slow” manner. It is recommended to increase the dose gradually at 2-week
intervals with re-assessment of blood pressure and heart rate.
(Class 1, Level B)
</fullstring>
</guideline>
<guideline Category="Pharmacy" FileName="management of chronic heart failure - booklet" Topic="Management of chronic heart failure" Year="2007" id="">
<session PageNumber="12" ReferencePage="24,25" SessionTitle="Aldosterone Antagonists (AA) Considerations for initiation"/>
<classification Grade="1" Level="B"/>
<fullstring>
The addition of low dose AA should be considered in patients with moderately
severe or severe heart failure symptoms and recent decompensation, or
with LV dysfunction early after myocardial infarction. 24, 25
</fullstring>
</guideline>
<guideline Category="Pharmacy" FileName="management of chronic heart failure - booklet" Topic="Management of chronic heart failure" Year="2007" id="">
<session PageNumber="12" ReferencePage="24" SessionTitle="Aldosterone Antagonists (AA) Considerations for initiation"/>
<classification Grade="I" Level="B"/>
<fullstring>
Low dose spironolactone should be considered for patients on standard therapy who have severe heart failure (NYHA class III-IV). 24
(Class I, Level B)
</fullstring>
</guideline>
<guideline Category="Pharmacy" FileName="management of chronic heart failure - booklet" Topic="Management of chronic heart failure" Year="2007" id="">
<session PageNumber="12" ReferencePage="24" SessionTitle="Aldosterone Antagonists (AA) Considerations for initiation"/>
<classification Grade="I" Level="B"/>
<fullstring>
In patients with LVEF less than 40% and clinical evidence of heart failure or diabetes
post myocardial infarction, eplerenone has been shown to reduce mortality
and cardiovascular morbidity. 25
(Class I, Level B)
</fullstring>
</guideline>
<guideline Category="Pharmacy" FileName="management of chronic heart failure - booklet" Topic="Management of chronic heart failure" Year="2007" id="">
<session PageNumber="12" ReferencePage="24,25" SessionTitle="Aldosterone Antagonists (AA) Considerations for initiation"/>
<classification Grade="I" Level="B"/>
<fullstring>
AA should not be used in patients with creatinine > 220μmol/L (> 2.5mg/dL),
and/or potassium > 5mmol/L. Under circumstances where monitoring for
hyperkalaemia or renal dysfunction is not anticipated to be feasible, the risks
may outweigh the benefits of using AA. 24, 25 (Class I, Level B)
</fullstring>
</guideline>
<guideline Category="Pharmacy" FileName="management of chronic heart failure - booklet" Topic="Management of chronic heart failure" Year="2007" id="">
<session PageNumber="12" ReferencePage="24,25" SessionTitle="Aldosterone Antagonists (AA) Considerations for initiation"/>
<classification Grade="I" Level="B"/>
<fullstring>
 In elderly patients or patients with low muscle mass in whom serum
creatinine does not accurately reflect glomerular filtration rate, ensure that
CrCl exceeds 30ml/min before use of AA.
</fullstring>
</guideline>
<guideline Category="Pharmacy" FileName="management of chronic heart failure - booklet" Topic="Management of chronic heart failure" Year="2007" id="">
<session PageNumber="12" ReferencePage="24,26,27,28" SessionTitle="Aldosterone Antagonists (AA) Dose recommendation"/>
<classification Grade="I" Level="A"/>
<fullstring>
An initial dose of spironolactone 12.5mg once daily or eplerenone 25mg once daily is recommended, after which the dose may be increased to
spironolactone 25mg or eplerenone 50mg if appropriate.In the absence of persistent hypokalaemia (less than 4mmo/L), supplemental
potassium is not recommended in patients taking AA. 24, 26, 27, 28 (Class I, Level A)
</fullstring>
</guideline>
<guideline Category="Pharmacy" FileName="management of chronic heart failure - booklet" Topic="Management of chronic heart failure" Year="2007" id="">
<session PageNumber="12" ReferencePage="29, 30, 31, 32" SessionTitle="Vasodilators (Hydralazine plus Isosorbide Dinitrate) Considerations for initiation"/>
<classification Grade="IIb" Level="C"/>
<fullstring>
Patients with contraindications or intolerance (e.g. renal insufficiency) to
16more effective agents (ACE-I and ARB) can be considered for treatment
with the combination of hydralazine and isosorbide dinitrate. 29, 30, 31, 32
(Class IIb, Level C)
</fullstring>
</guideline>
<guideline Category="Pharmacy" FileName="management of chronic heart failure - booklet" Topic="Management of chronic heart failure" Year="2007" id="">
<session PageNumber="12" ReferencePage="29, 30, 31, 32" SessionTitle="Vasodilators (Hydralazine plus Isosorbide Dinitrate) Considerations for initiation"/>
<classification Grade="IIa" Level="B"/>
<fullstring>
The addition of a combination of hydralazine and isosorbide dinitrate is reasonable for patients with reduced LVEF who are already taking an
ACE-I and β-blocker for symptomatic heart failure and who have persistent symptoms.
(Class IIa, Level B)
</fullstring>
</guideline>
<guideline Category="Pharmacy" FileName="management of chronic heart failure - booklet" Topic="Management of chronic heart failure" Year="2007" id="">
<session PageNumber="17" ReferencePage="33,34" SessionTitle="Diuretics"/>
<classification Grade="I" Level="A"/>
<fullstring>
Diuretics are essential for symptomatic treatment when any fluid overload is
present and/or manifests as pulmonary congestion or peripheral oedema.
The use of diuretics results in rapid improvement of dyspnoea and increased
exercise tolerance. 33, 34
(Class I, Level A)
</fullstring>
</guideline>
<guideline Category="Pharmacy" FileName="management of chronic heart failure - booklet" Topic="Management of chronic heart failure" Year="2007" id="">
<session PageNumber="17" ReferencePage="33,34" SessionTitle="Diuretics"/>
<classification Grade="I" Level="C"/>
<fullstring>
There are no randomised controlled trials assessing the effects on symptoms
or survival with the use of diuretics alone. When used, diuretics should
always be used in addition to standard therapy.
(Class I, Level C)
</fullstring>
</guideline>
<guideline Category="Pharmacy" FileName="management of chronic heart failure - booklet" Topic="Management of chronic heart failure" Year="2007" id="">
<session PageNumber="18" ReferencePage="33,34" SessionTitle="Diuretics"/>
<classification Grade="I" Level="A"/>
<fullstring>
Diuretics are essential for symptomatic treatment when any fluid overload is
present and/or manifests as pulmonary congestion or peripheral oedema.
The use of diuretics results in rapid improvement of dyspnoea and increased
exercise tolerance. 33, 34
(Class I, Level A)
</fullstring>
</guideline>
<guideline Category="Pharmacy" FileName="management of chronic heart failure - booklet" Topic="Management of chronic heart failure" Year="2007" id="">
<session PageNumber="18" ReferencePage="33,34" SessionTitle="Diuretics"/>
<classification Grade="I" Level="C"/>
<fullstring>
There are no randomised controlled trials assessing the effects on symptoms
or survival with the use of diuretics alone. When used, diuretics should
always be used in addition to standard therapy.
(Class I, Level C)
</fullstring>
</guideline>
<guideline Category="Pharmacy" FileName="management of chronic heart failure - booklet" Topic="Management of chronic heart failure" Year="2007" id="">
<session PageNumber="18" ReferencePage="35" SessionTitle="Diuretics"/>
<classification Grade="" Level=""/>
<fullstring>
The use of inappropriately low doses of diuretics will result in fluid retention,
which can diminish the response to ACE-I and increase the risk of treatment
with β-blocker. 35
</fullstring>
</guideline>
<guideline Category="Pharmacy" FileName="management of chronic heart failure - booklet" Topic="Management of chronic heart failure" Year="2007" id="">
<session PageNumber="18" ReferencePage="37" SessionTitle="Diuretics"/>
<classification Grade="" Level=""/>
<fullstring>
Conversely, the use of inappropriately high doses of diuretics will lead to
volume contraction, which can increase the risk of hypotension 35, 36 and the
risk of renal insufficiency with ACE-I and ARB. 37
</fullstring>
</guideline>
<guideline Category="Pharmacy" FileName="management of chronic heart failure - booklet" Topic="Management of chronic heart failure" Year="2007" id="">
<session PageNumber="18" ReferencePage="37" SessionTitle="Diuretics"/>
<classification Grade="IIa" Level="C"/>
<fullstring>
Loop diuretics, rather than thiazide-type diuretics, are typically necessary to
restore normal volume status in patients with heart failure.
If CrCl less than 30ml/min, thiazide-type diuretics (except metolazone) are
ineffective when used alone. Use only when prescribed with loop diuretics
for synergism. Metolazone will generally be more potent and much longer-
acting in this setting.
(Class IIa, Level C)
</fullstring>
</guideline>
<guideline Category="Pharmacy" FileName="management of chronic heart failure - booklet" Topic="Management of chronic heart failure" Year="2007" id="">
<session PageNumber="18" ReferencePage="37" SessionTitle="Diuretics"/>
<classification Grade="IIa" Level="C"/>
<fullstring>
Addition of hydrochlorothiazide or metolazone, once or twice daily, to loop diuretics should be considered in patients with persistent fluid retention
despite high-dose loop diuretic therapy.Chronic combined use of multiple diuretics can give rise to electrolyte shifts and volume depletion, hence volume status and electrolytes must be monitored closely.
(Class IIa, Level C)
</fullstring>
</guideline>
<guideline Category="Pharmacy" FileName="management of chronic heart failure - booklet" Topic="Management of chronic heart failure" Year="2007" id="">
<session PageNumber="19" ReferencePage="37" SessionTitle="Diuretics"/>
<classification Grade="IIa" Level="C"/>
<fullstring>
Decreasing or discontinuing diuretics may be considered in patients
experiencing significant improvement in clinical status and cardiac function
or in those who successfully restrict dietary sodium intake. These patients
may undergo cautious weaning of diuretic dose and frequency with careful
monitoring for recurrent fluid retention.
(Class IIa, Level C)
</fullstring>
</guideline>
<guideline Category="Pharmacy" FileName="management of chronic heart failure - booklet" Topic="Management of chronic heart failure" Year="2007" id="">
<session PageNumber="19" ReferencePage="37" SessionTitle="Diuretics"/>
<classification Grade="IIa" Level="B"/>
<fullstring>
• The principal adverse effects of diuretics include electrolyte and fluid
depletion, as well as hypotension and azotemia.
• Careful observation for the development of side effects is recommended in
patients treated with diuretics especially when used at high doses and in
combination, including
− Electrolyte abnormalities
− Renal dysfunction
− Symptomatic hypotension
− Ototoxicity (with higher doses)
(Class IIa, Level B)
</fullstring>
</guideline>
<guideline Category="Pharmacy" FileName="management of chronic heart failure - booklet" Topic="Management of chronic heart failure" Year="2007" id="">
<session PageNumber="20" ReferencePage="" SessionTitle="Diuretics"/>
<classification Grade="IIa" Level="C"/>
<fullstring>
Patients should be taught to recognise other signs and symptoms of fluid
retention (e.g. shortness of breath, lower limb swelling).
(Class IIa, Level C)
</fullstring>
</guideline>
<guideline Category="Pharmacy" FileName="management of chronic heart failure - booklet" Topic="Management of chronic heart failure" Year="2007" id="">
<session PageNumber="20" ReferencePage="" SessionTitle="Diuretics"/>
<classification Grade="IIa" Level="C"/>
<fullstring>
Selected patients may be educated to adjust daily dose of diuretic in
response to weight gain and symptoms of fluid overload.
(Class IIa, Level C)
</fullstring>
</guideline>
<guideline Category="Pharmacy" FileName="management of chronic heart failure - booklet" Topic="Management of chronic heart failure" Year="2007" id="">
<session PageNumber="21" ReferencePage="39, 40, 41, 42, 43" SessionTitle="Digoxin Considerations for initiation"/>
<classification Grade="I" Level="A"/>
<fullstring>
Digoxin can be considered for patients with symptomatic heart failure (NYHA
class II-IV) who are on standard therapy.(Class I, Level A)
</fullstring>
</guideline>
<guideline Category="Pharmacy" FileName="management of chronic heart failure - booklet" Topic="Management of chronic heart failure" Year="2007" id="">
<session PageNumber="21" ReferencePage="" SessionTitle="Digoxin Considerations for initiation"/>
<classification Grade="IIa" Level="A"/>
<fullstring>
Digoxin may reduce hospitalisation in heart failure patients in sinus rhythm,
especially in worsening heart failure caused by left ventricular dysfunction
treated with ACE-I, β-blocker, diuretics and, in severe heart failure,
spironolactone. 44, (Class IIa, Level A)
</fullstring>
</guideline>
<guideline Category="Pharmacy" FileName="management of chronic heart failure - booklet" Topic="Management of chronic heart failure" Year="2007" id="">
<session PageNumber="21" ReferencePage="45, 46, 47, 48, 49, 50" SessionTitle="Digoxin Considerations for initiation"/>
<classification Grade="IIa" Level="A"/>
<fullstring>
Treatment with digoxin can improve symptoms, quality of life, and exercise
tolerance in patients with mild to moderate heart failure. 45, 46, 47, 48, 49, 50
</fullstring>
</guideline>
<guideline Category="Pharmacy" FileName="management of chronic heart failure - booklet" Topic="Management of chronic heart failure" Year="2007" id="">
<session PageNumber="21" ReferencePage="" SessionTitle="Digoxin Considerations for initiation"/>
<classification Grade="I" Level="B"/>
<fullstring>
If patient is currently on digoxin but not an ACE-I or β-blocker, treatment with
digoxin should not be withdrawn. Instead, appropriate therapy with ACE-I
and/or β-blocker should be instituted.
</fullstring>
</guideline>
<guideline Category="Pharmacy" FileName="management of chronic heart failure - booklet" Topic="Management of chronic heart failure" Year="2007" id="">
<session PageNumber="21" ReferencePage="51" SessionTitle="Digoxin Considerations for initiation"/>
<classification Grade="I" Level="B"/>
<fullstring>
Digoxin is indicated in atrial fibrillation and any degree of symptomatic heart
failure, whether or not left ventricular dysfunction is the cause. 51, (Class I, Level B)
</fullstring>
</guideline>
<guideline Category="Pharmacy" FileName="management of chronic heart failure - booklet" Topic="Management of chronic heart failure" Year="2007" id="">
<session PageNumber="22" ReferencePage="35" SessionTitle="Digoxin Considerations for initiation"/>
<classification Grade="I" Level="B"/>
<fullstring>
Loading doses of digoxin to initiate therapy in patients with heart failure is
not recommended.In the majority of patients, there is no need to up-titrate the dosage of digoxin
according to serum digoxin concentration. 35 (Class IIb, Level A)
</fullstring>
</guideline>
<guideline Category="Pharmacy" FileName="management of chronic heart failure - booklet" Topic="Management of chronic heart failure" Year="2007" id="">
<session PageNumber="23" ReferencePage="55-56" SessionTitle="Antiarrhythmics"/>
<classification Grade="IIa" Level="B"/>
<fullstring>
In patients with atrial fibrillation and heart failure, heart rate can be controlled with the use of β-blockers or digoxin, either alone or in combination.The combination of digoxin and β-blocker appears superior to either agent alone in patients with atrial fibrillation.(Class IIa, Level B)
</fullstring>
</guideline>
<guideline Category="Pharmacy" FileName="management of chronic heart failure - booklet" Topic="Management of chronic heart failure" Year="2007" id="">
<session PageNumber="23" ReferencePage="57-62" SessionTitle="Antiarrhythmics"/>
<classification Grade="IIa" Level="B"/>
<fullstring>
Amiodarone restores and maintains sinus rhythm in patients with heart
failure even in the presence of enlarged left atria, and improves the success
of cardioversion. It has been associated with overall neutral effects
on survival when given to patients with low EF and heart failure. 
Despite its numerous side effects, it remains the agent most likely to be safe
and effective when antiarrhythmic therapy is necessary to prevent recurrent
atrial fibrillation or symptomatic ventricular arrhythmias. 
(Class IIa, Level B)
</fullstring>
</guideline>
<guideline Category="Pharmacy" FileName="management of chronic heart failure - booklet" Topic="Management of chronic heart failure" Year="2007" id="">
<session PageNumber="23" ReferencePage="" SessionTitle="Calcium Channel Blockers (CCB)"/>
<classification Grade="III" Level="A"/>
<fullstring>
CCB of the non-dihydropyridines class (diltiazem and verapamil) and the
short-acting dihydropyridines (e.g. nifedipine) can depress myocardial
function and increase the risk of heart failure decompensation and thus
should be avoided.(Class III, Level A)
</fullstring>
</guideline>
<guideline Category="Pharmacy" FileName="management of chronic heart failure - booklet" Topic="Management of chronic heart failure" Year="2007" id="">
<session PageNumber="23" ReferencePage="69,70" SessionTitle="Calcium Channel Blockers (CCB)"/>
<classification Grade="IIb" Level="C"/>
<fullstring>
Negative inotropic effect of non-dihydropyridines may worsen symptoms,while the vasodilatory effect of short-acting dihydropyridines may further
stimulate the release of sympathetic hormones.Two vasoselective dihydropyridines, amlodipine and felodipine, were studied
and may be permissible in heart failure patients as they have not shown to cause harm. 69, 70
(Class IIb, Level C)
</fullstring>
</guideline>
<guideline Category="Pharmacy" FileName="management of chronic heart failure - booklet" Topic="Management of chronic heart failure" Year="2007" id="">
<session PageNumber="24" ReferencePage="71-72" SessionTitle="Antithrombotics"/>
<classification Grade="I" Level="B"/>
<fullstring>
Dilated cardiac chambers in heart failure result in poor contractility, low
cardiac output, stasis and flow abnormalities, and predispose such patients
to higher risks of thromboembolism. The incidence of thromboembolic
events in heart failure patients is approximately 2%, but the incidence
of occult thromboembolism may be higher. Routine use of antithrombotic
therapy (aspirin, warfarin, low molecular weight heparin) in patients with
heart failure is controversial.Aspirin should be used in patients with compelling indications.
(Class I, Level B)
</fullstring>
</guideline>
<guideline Category="Pharmacy" FileName="management of chronic heart failure - booklet" Topic="Management of chronic heart failure" Year="2007" id="">
<session PageNumber="24" ReferencePage="73-76" SessionTitle="Antithrombotics"/>
<classification Grade="I" Level="A"/>
<fullstring>
Based on current data, the use of aspirin for the sole indication of left ventricular systolic dysfunction is not recommended.Due to conflicting evidence, the use of warfarin for the sole indication of left ventricular systolic dysfunction in heart failure may not be recommended. In heart failure patients with atrial fibrillation, treatment with warfarin is indicated. Suggested therapeutic INR range is 2 - 3.(Class I, Level A)
</fullstring>
</guideline>
<guideline Category="Pharmacy" FileName="management of chronic heart failure - booklet" Topic="Management of chronic heart failure" Year="2007" id="">
<session PageNumber="25" ReferencePage="77-80" SessionTitle="Hypertension, hyperlipidaemia and diabetes mellitus in heart failure"/>
<classification Grade="IIa" Level="B"/>
<fullstring>
Progression of heart failure is frequently associated with decreases in blood pressure (due to deterioration of cardiac performance) and decreases in
serum lipids (due to development of cardiac cachexia).Benefits of drugs used to lower blood pressure or blood lipids may be seen only during prolonged periods of treatment, i.e. those that exceed the expected life span of many patients with heart failure. Thus, little is known about the benefits of treating hypertension, hypercholesterolaemia, or diabetes mellitus in patients with established reduced LVEF and symptoms of heart failure. Nevertheless, it is prudent to manage hypertension,
hyperlipidaemia and diabetes mellitus in patients with heart failure as if the patients did not have heart failure.(Class IIa, Level B)
</fullstring>
</guideline>
<guideline Category="Pharmacy" FileName="management of chronic heart failure - booklet" Topic="Management of chronic heart failure" Year="2007" id="">
<session PageNumber="25" ReferencePage="81-82" SessionTitle="Hypertension, hyperlipidaemia and diabetes mellitus in heart failure"/>
<classification Grade="IIa" Level="B"/>
<fullstring>
Control of blood pressure may be especially important in patients with heart
failure and preserved LVEF, whose symptoms may respond particularly well
to blood pressure lowering treatment. 81, 82
(Class IIa, Level B)
</fullstring>
</guideline>
<guideline Category="Pharmacy" FileName="management of chronic heart failure - booklet" Topic="Management of chronic heart failure" Year="2007" id="">
<session PageNumber="25" ReferencePage="85-87" SessionTitle="Hypertension, hyperlipidaemia and diabetes mellitus in heart failure"/>
<classification Grade="IIa" Level="B"/>
<fullstring>
• Heart failure can complicate the management of diabetes mellitus. It is
associated with resistance to the actions of insulin, 83, 84 and the resulting
hyperinsulinemia may promote both cardiac and vascular hypertrophy. 85, 86, 87
(Class IIa, Level B)
</fullstring>
</guideline>
<guideline Category="Pharmacy" FileName="management of chronic heart failure - booklet" Topic="Management of chronic heart failure" Year="2007" id="">
<session PageNumber="25" ReferencePage="88" SessionTitle="Hypertension, hyperlipidaemia and diabetes mellitus in heart failure"/>
<classification Grade="IIa" Level="B"/>
<fullstring>
These mechanisms may compound the deleterious effects of accelerated
atherosclerosis and altered energy metabolism on cardiac function and
may help to explain why diabetic patients with heart failure have a worse
prognosis than their non-diabetic counterparts .88
</fullstring>
</guideline>
<guideline Category="Pharmacy" FileName="management of chronic heart failure - booklet" Topic="Management of chronic heart failure" Year="2007" id="">
<session PageNumber="25" ReferencePage="85-87" SessionTitle="Medication use for hypertension and diabetes mellitus in heart failure"/>
<classification Grade="IIa" Level="B"/>
<fullstring>
Drugs that can both control blood pressure and treat heart failure should be
preferred in patients with both conditions; this includes the use of diuretics,
ACE-I, and β-blockers. (Class IIa, Level B)
</fullstring>
</guideline>
<guideline Category="Pharmacy" FileName="management of chronic heart failure - booklet" Topic="Management of chronic heart failure" Year="2007" id="">
<session PageNumber="25" ReferencePage="85-87" SessionTitle="Medication use for hypertension and diabetes mellitus in heart failure"/>
<classification Grade="I" Level="C"/>
<fullstring>
The use of calcium channel blockers in the treatment of hypertension in heart failure is mentioned in section 3.9.Potent direct-acting vasodilators such as minoxidil should be avoided, because of their sodium-retaining effects.(Class I, Level C)
</fullstring>
</guideline>
<guideline Category="Pharmacy" FileName="management of chronic heart failure - booklet" Topic="Management of chronic heart failure" Year="2007" id="">
<session PageNumber="26" ReferencePage="89-91" SessionTitle="Medication use for hypertension and diabetes mellitus in heart failure"/>
<classification Grade="I" Level="B"/>
<fullstring>
ACE-I and β-blockers prevent the progression of heart failure in diabetic and
non-diabetic patients. β-blockers should not be avoided in diabetic
patients despite fears that these drugs may mask symptoms of hypoglycemia
produced by anti-diabetic therapy or may exacerbate glucose tolerance or
insulin resistance.(Class I, Level B)
</fullstring>
</guideline>
<guideline Category="Pharmacy" FileName="management of chronic heart failure - booklet" Topic="Management of chronic heart failure" Year="2007" id="">
<session PageNumber="26" ReferencePage="92-93" SessionTitle="Medication use for hypertension and diabetes mellitus in heart failure"/>
<classification Grade="I" Level="A"/>
<fullstring>
Thiazolidinediones (TZD) in heart failure has been associated with weight gain, peripheral oedema and symptomatic heart failure in patients with underlying risk factors or known cardiovascular disease. The risk of developing oedema with TZD is dose-related and is higher for those who are on concomitant insulin. The incidence is low in patients with NYHA functional class I to II symptoms, and TZD may be administered safely with careful monitoring for fluid retention. Initiation of TZDs is not recommended in patients with NYHA functional class III to IV symptoms of heart failure. 92, 93
(Class I, Level A)
</fullstring>
</guideline>
<guideline Category="Pharmacy" FileName="management of chronic heart failure - booklet" Topic="Management of chronic heart failure" Year="2007" id="">
<session PageNumber="26" ReferencePage="92-93" SessionTitle="Medication use for hypertension and diabetes mellitus in heart failure"/>
<classification Grade="IIb" Level="C"/>
<fullstring>
Metformin may be used with appropriate monitoring and should be avoided
in severe heart failure and concomitant renal dysfunction.
(Class IIb, Level C)
</fullstring>
</guideline>
<guideline Category="Pharmacy" FileName="management of chronic heart failure - booklet" Topic="Management of chronic heart failure" Year="2007" id="">
<session PageNumber="26" ReferencePage="96-100" SessionTitle="Medication use for hypertension and diabetes mellitus in heart failure"/>
<classification Grade="IIb" Level="C"/>
<fullstring>
Management of concomitant hypertension, hyperlipidaemia and/or diabetes mellitus in heart failure Lifestyle and dietary modification should be advocated, pharmacological
management when required (refer to Appendix for details). Management of anaemia in heart failure, Anaemia is an independent factor of mortality 95 and increases hospitalization,regardless of systolic function. The routine need to improve erythropoiesis with erythropoietin and intravenous iron has not been established, due to lack of studies and current conflicting results.
(Class IIb, Level C)
</fullstring>
</guideline>
<guideline Category="Pharmacy" FileName="management of chronic heart failure - booklet" Topic="Management of chronic heart failure" Year="2007" id="">
<session PageNumber="27" ReferencePage="96-100" SessionTitle="Non-pharmacologic management in Heart Failure"/>
<classification Grade="IIa" Level="B"/>
<fullstring>
Non-pharmacologic management of patients with heart failure significantly impacts
the patient’s stability, quality of life, functional capability and mortality.
(Class IIa, Level B)
</fullstring>
</guideline>
<guideline Category="Pharmacy" FileName="management of chronic heart failure - booklet" Topic="Management of chronic heart failure" Year="2007" id="">
<session PageNumber="27" ReferencePage="101" SessionTitle="Sodium and potassium restriction"/>
<classification Grade="IIa" Level="B"/>
<fullstring>
Moderate sodium restriction and daily measurement of weight may permit
effective use of lower and safer doses of diuretic drugs. This is important
because loop diuretics increase plasma renin activity, leading to adverse
outcomes through neurohormonal stimulation. 101
(Class IIa, Level B)
</fullstring>
</guideline>
<guideline Category="Pharmacy" FileName="management of chronic heart failure - booklet" Topic="Management of chronic heart failure" Year="2007" id="">
<session PageNumber="27" ReferencePage="101" SessionTitle="Sodium and potassium restriction"/>
<classification Grade="IIa" Level="B"/>
<fullstring>
Potassium-rich foods, especially salt substitutes, should be consumed with caution in patients prone to hyperkalaemia, especially while they are on
agents that inhibit the renin-angiotensin-aldosterone cascade.Dietary recommendations should be provided to all heart failure patients
with co-morbidities like diabetes mellitus, hyperlipidaemia, hypertension and renal impairment.
(Class IIa, Level B)
</fullstring>
</guideline>
<guideline Category="Pharmacy" FileName="management of chronic heart failure - booklet" Topic="Management of chronic heart failure" Year="2007" id="">
<session PageNumber="27" ReferencePage="102-103" SessionTitle="Fluid restriction"/>
<classification Grade="IIa" Level="B"/>
<fullstring>
Fluid restriction should be considered for all patients demonstrating
fluid retention that is difficult to control despite diuretic use and sodium
restriction. 102, 103
(Class IIa, Level B)
</fullstring>
</guideline>
<guideline Category="Pharmacy" FileName="management of chronic heart failure - booklet" Topic="Management of chronic heart failure" Year="2007" id="">
<session PageNumber="27" ReferencePage="104" SessionTitle="Weight management"/>
<classification Grade="IIa" Level="C"/>
<fullstring>
Obesity contributes to the development of additional heart failure risk factors,
including hypertension, LV hypertrophy and diastolic filling abnormalities.
Obesity is linked with insulin resistance and glucose intolerance,
hyperaldosteronism, salt sensitivity and plasma volume expansion, creating
both pressure and volume overload stressors with increased systemic
vascular resistance. Excessive adipose tissue increases cardiac output
requirements. Cardiomyopathy with heart failure is the leading cause of
death in obesity.Weight loss and sodium restriction are effective to improve symptoms and
prognosis. 104.(Class IIa, Level C)
</fullstring>
</guideline>
<guideline Category="Pharmacy" FileName="management of chronic heart failure - booklet" Topic="Management of chronic heart failure" Year="2007" id="">
<session PageNumber="28" ReferencePage="105" SessionTitle="Weight management"/>
<classification Grade="IIa" Level="C"/>
<fullstring>
Caloric supplementation, by ensuring high-energy diets and/or altering
size and frequency of meals, may be warranted in patients with advanced
heart failure and unintentional weight loss or muscle wasting (cardiac
cachexia). 105, (Class I, Level B)
</fullstring>
</guideline>
<guideline Category="Pharmacy" FileName="management of chronic heart failure - booklet" Topic="Management of chronic heart failure" Year="2007" id="">
<session PageNumber="28" ReferencePage="106-107" SessionTitle="Weight management"/>
<classification Grade="IIa" Level="C"/>
<fullstring>
Sleep apnoea is commonly seen in obesity, and mimics symptoms of
pulmonary congestion and should be ruled out. Further, in patients with
concomitant heart failure, it is an adverse prognostic indicator. Efficacy of
therapeutic intervention is controversial. 106, 107
</fullstring>
</guideline>
<guideline Category="Pharmacy" FileName="management of chronic heart failure - booklet" Topic="Management of chronic heart failure" Year="2007" id="">
<session PageNumber="28" ReferencePage="108-109" SessionTitle="Exercise and exercise training"/>
<classification Grade="IIa" Level="B"/>
<fullstring>
A reduction in physical activity leads to a state of physical deconditioning that contributes to the symptoms and exercise intolerance of patients with
chronic heart failure. 108, 109 (Class IIa, Level B)
</fullstring>
</guideline>
<guideline Category="Pharmacy" FileName="management of chronic heart failure - booklet" Topic="Management of chronic heart failure" Year="2007" id="">
<session PageNumber="28" ReferencePage="109-111" SessionTitle="Exercise and exercise training"/>
<classification Grade="IIa" Level="B"/>
<fullstring>
Although most patients should not participate in heavy labour or exhaustive
sports, physical activity should be encouraged (except during periods of acute
exacerbation of heart failure or in patients with suspected myocarditis). 109, 110, 111
(Class IIa, Level B)
</fullstring>
</guideline>
<guideline Category="Pharmacy" FileName="management of chronic heart failure - booklet" Topic="Management of chronic heart failure" Year="2007" id="">
<session PageNumber="28" ReferencePage="112-123" SessionTitle="Exercise and exercise training"/>
<classification Grade="IIa" Level="B"/>
<fullstring>
Observations suggest that exercise training may have a favourable effect on
the natural history of heart failure, lessening symptoms, increasing
exercise capacity, and improving the quality of life of patients with chronic
heart failure.Improvement was comparable to
that achieved with pharmacologic interventions, and was in addition to the
benefits of ACE-I and β-blockers. 
</fullstring>
</guideline>
<guideline Category="Pharmacy" FileName="management of chronic heart failure - booklet" Topic="Management of chronic heart failure" Year="2007" id="">
<session PageNumber="29" ReferencePage="112-123" SessionTitle="Exercise and exercise training"/>
<classification Grade="IIa" Level="C"/>
<fullstring>
Only one study has evaluated the long term effect of physical conditioning
in patients with heart failure. Exercise training may be considered for all
stable outpatients with chronic heart failure who are able to participate in the
protocols needed to produce physical conditioning, and should be used in
conjunction with drug therapy.
(Class IIa, Level C)
</fullstring>
</guideline>
<guideline Category="Pharmacy" FileName="management of chronic heart failure - booklet" Topic="Management of chronic heart failure" Year="2007" id="">
<session PageNumber="29" ReferencePage="" SessionTitle="Exercise and exercise training"/>
<classification Grade="I" Level="B"/>
<fullstring>
Men should be restricted to 1-2 drinks per day and women 1 drink per day,
and these drinks should be consumed with meals.
(Class I, Level B)
</fullstring>
</guideline>
<guideline Category="Pharmacy" FileName="management of chronic heart failure - booklet" Topic="Management of chronic heart failure" Year="2007" id="">
<session PageNumber="29" ReferencePage="127, 128, 129" SessionTitle="Exercise and exercise training"/>
<classification Grade="I" Level="A"/>
<fullstring>
• A standard drink is equal to 13.7 grams of pure alcohol or the following drink
equivalents 126
• 12-ounces (360ml) of beer
• 8-ounces (240ml) of malt liquor
• 4-ounces (120ml) of wine
• 1.5-ounces (45ml) or a “shot” of 80-proof distilled spirits or liquor (gin,
rum, vodka, whiskey, etc)
• 1-ounce (30ml) of 100-proof distilled spirits
• Patients with alcoholic cardiomyopathy should abstain from alcohol
consumption. (Class I, Level A)
</fullstring>
</guideline>
<guideline Category="Pharmacy" FileName="management of chronic heart failure - booklet" Topic="Management of chronic heart failure" Year="2007" id="">
<session PageNumber="29" ReferencePage="131, 132, 133" SessionTitle="Smoking Cessation"/>
<classification Grade="I" Level="C"/>
<fullstring>
Smoking cessation in individuals with heart failure potentially confers greater
benefit than it does in the general population. 130 Nicotine, a vasoconstrictor,
can worsen haemodynamics and antagonize vasodilation effects of the
medications used in heart failure.As such, all tobacco products should be avoided and exposure to second
hand smoke should be minimized. (Class I, Level C)
</fullstring>
</guideline>
<guideline Category="Pharmacy" FileName="management of chronic heart failure - booklet" Topic="Management of chronic heart failure" Year="2007" id="">
<session PageNumber="29" ReferencePage="131, 132, 133" SessionTitle="Smoking Cessation"/>
<classification Grade="I" Level="C"/>
<fullstring>
While it is important that efforts be made to prevent weight gain after smoking
cessation, the benefits of smoking cessation outweigh any potential body
weight gained.
</fullstring>
</guideline>
<guideline Category="Pharmacy" FileName="management of chronic heart failure - booklet" Topic="Management of chronic heart failure" Year="2007" id="">
<session PageNumber="29" ReferencePage="134, 135" SessionTitle="Immunization"/>
<classification Grade="IIa" Level="B"/>
<fullstring>
Pulmonary congestion can increase the risk of lung infections. Pneumococcal vaccination and annual influenza vaccination are recommended in all
patients with heart failure in the absence of known contraindications. Patients should be counselled to seek early evaluation for potentially serious
infections.(Class IIa, Level B).
</fullstring>
</guideline>

</cpgs>

