<?xml version="1.0" encoding="UTF-8" standalone="no"?>
<cpgs>
<guideline Category="Medical" FileName="MOH TB CPG Full version for website" Topic="Prevention, Diagnosis and Management of Tuberculosis" Year="2016" id="">
<session PageNumber="7" ReferencePage="24" SessionTitle="Tuberculosis transmission and pathogenesis"/>
<classification Grade="GPP" Level="GPP"/>
<fullstring>
Healthcare providers must be aware of the individual
and group risk factors for tuberculosis to ensure early
diagnosis of tuberculosis.
</fullstring>
</guideline>
<guideline Category="Medical" FileName="MOH TB CPG Full version for website" Topic="Prevention, Diagnosis and Management of Tuberculosis" Year="2016" id="">
<session PageNumber="7" ReferencePage="26" SessionTitle="Clinical diagnosis of tuberculosis"/>
<classification Grade="A" Level="1+"/>
<fullstring>
In patients presenting with unexplained cough of
more than 3 weeks, pulmonary tuberculosis should be
considered.
</fullstring>
</guideline>
<guideline Category="Medical" FileName="MOH TB CPG Full version for website" Topic="Prevention, Diagnosis and Management of Tuberculosis" Year="2016" id="">
<session PageNumber="7" ReferencePage="26" SessionTitle="Clinical diagnosis of tuberculosis"/>
<classification Grade="D" Level="4"/>
<fullstring>
Persons with prolonged cough of more than 3 weeks
should undergo chest radiographic examination.
</fullstring>
</guideline>
<guideline Category="Medical" FileName="MOH TB CPG Full version for website" Topic="Prevention, Diagnosis and Management of Tuberculosis" Year="2016" id="">
<session PageNumber="7" ReferencePage="26" SessionTitle="Clinical diagnosis of tuberculosis"/>
<classification Grade="B" Level="2++"/>
<fullstring>
Persons presenting with cough and abnormal chest
radiograph are often prescribed an empirical course
of antibiotics for chest infection.
As fluoroquinolones may mask or delay the diagnosis of pulmonary
tuberculosis, these drugs should be avoided as
empirical treatment for chest infection. 
</fullstring>
</guideline>
<guideline Category="Medical" FileName="MOH TB CPG Full version for website" Topic="Prevention, Diagnosis and Management of Tuberculosis" Year="2016" id="">
<session PageNumber="7" ReferencePage="26" SessionTitle="Clinical diagnosis of tuberculosis"/>
<classification Grade="GPP" Level="GPP"/>
<fullstring>
Medical practitioners in primary care are urged to refer suspected tuberculosis cases to the Tuberculosis Control Unit or specialists with experience in
tuberculosis management. 
</fullstring>
</guideline>

</cpgs>

