<?xml version="1.0" encoding="UTF-8" standalone="no"?>
<cpgs>
<guideline Category="Medical" FileName="MOH TB CPG Executive summary for website" Topic="PREVENTION, DIAGNOSIS AND MANAGEMENT OF TUBERCULOSIS" Year="2016" id="">
<session PageNumber="5" ReferencePage="24" SessionTitle="Tuberculosis transmission and pathogenesis"/>
<classification Grade="GPP" Level="2"/>
<fullstring>
Healthcare providers must be aware of the individual and group risk factors for tuberculosis to ensure early diagnosis of tuberculosis.
</fullstring>
</guideline>
<guideline Category="Medical" FileName="MOH TB CPG Executive summary for website" Topic="PREVENTION, DIAGNOSIS AND MANAGEMENT OF TUBERCULOSIS" Year="2016" id="">
<session PageNumber="5" ReferencePage="26" SessionTitle="Tuberculosis transmission and pathogenesis"/>
<classification Grade="A" Level="1+"/>
<fullstring>
In patients presenting with unexplained cough of more than 3 weeks, pulmonary tuberculosis should be
considered. Grade A, Level 1+ 26
</fullstring>
</guideline>
<guideline Category="Medical" FileName="MOH TB CPG Executive summary for website" Topic="PREVENTION, DIAGNOSIS AND MANAGEMENT OF TUBERCULOSIS" Year="2016" id="">
<session PageNumber="5" ReferencePage="26" SessionTitle="Tuberculosis transmission and pathogenesis"/>
<classification Grade="D" Level="4"/>
<fullstring>
Persons with prolonged cough of more than 3 weeks should undergo chest radiographic examination. 
</fullstring>
</guideline>
<guideline Category="Medical" FileName="MOH TB CPG Executive summary for website" Topic="PREVENTION, DIAGNOSIS AND MANAGEMENT OF TUBERCULOSIS" Year="2016" id="">
<session PageNumber="5" ReferencePage="26" SessionTitle="Tuberculosis transmission and pathogenesis"/>
<classification Grade="B" Level="2++"/>
<fullstring>
Persons presenting with cough and abnormal chest radiograph are often prescribed an empirical course of antibiotics for chest infection. As fluoroquinolones may
mask or delay the diagnosis of pulmonary tuberculosis, these drugs should be avoided as empirical treatment for chest infection. 
</fullstring>
</guideline>
<guideline Category="Medical" FileName="MOH TB CPG Executive summary for website" Topic="PREVENTION, DIAGNOSIS AND MANAGEMENT OF TUBERCULOSIS" Year="2016" id="">
<session PageNumber="5" ReferencePage="26" SessionTitle="Tuberculosis transmission and pathogenesis"/>
<classification Grade="GPP" Level="GPP"/>
<fullstring>
Medical practitioners in primary care are urged to refer suspected tuberculosis cases to the Tuberculosis Control Unit or specialists with experience in tuberculosis
management. GPP 26
</fullstring>
</guideline>
<guideline Category="Medical" FileName="MOH TB CPG Executive summary for website" Topic="PREVENTION, DIAGNOSIS AND MANAGEMENT OF TUBERCULOSIS" Year="2016" id="">
<session PageNumber="5" ReferencePage="27" SessionTitle="Tuberculosis transmission and pathogenesis"/>
<classification Grade="D" Level="4"/>
<fullstring>
Two sputum samples – including one early morning sample– should be obtained for both microscopy and mycobacterial cultures for patients with suspected pulmonary tuberculosis. 
Recommendations for sputum collection are in Appendix 1 (page 17; CPG Page 91). 
</fullstring>
</guideline>
<guideline Category="Medical" FileName="MOH TB CPG Executive summary for website" Topic="PREVENTION, DIAGNOSIS AND MANAGEMENT OF TUBERCULOSIS" Year="2016" id="">
<session PageNumber="5" ReferencePage="27" SessionTitle="Tuberculosis transmission and pathogenesis"/>
<classification Grade="D" Level="3"/>
<fullstring>
In patients in whom it is difficult to obtain sputum specimens, e.g. children and stroke patients, other means of obtaining sputum should be utilised, including sputum
induction and gastric lavage. 
</fullstring>
</guideline>
<guideline Category="Medical" FileName="MOH TB CPG Executive summary for website" Topic="PREVENTION, DIAGNOSIS AND MANAGEMENT OF TUBERCULOSIS" Year="2016" id="">
<session PageNumber="5" ReferencePage="28" SessionTitle="Tuberculosis transmission and pathogenesis"/>
<classification Grade="D" Level="3"/>
<fullstring>
In patients presenting with extrapulmonary disease, a chest radiograph should also be done to determine if there is concomitant pulmonary tuberculosis and sputum
samples obtained to determine if the case is infectious. 
</fullstring>
</guideline>
<guideline Category="Medical" FileName="MOH TB CPG Executive summary for website" Topic="PREVENTION, DIAGNOSIS AND MANAGEMENT OF TUBERCULOSIS" Year="2016" id="">
<session PageNumber="5" ReferencePage="32" SessionTitle="Tuberculosis transmission and pathogenesis"/>
<classification Grade="D" Level="3"/>
<fullstring>
Patients with newly diagnosed tuberculosis should be screened for human immunodeficiency virus (HIV) and diabetes mellitus.
</fullstring>
</guideline>
<guideline Category="Medical" FileName="MOH TB CPG Executive summary for website" Topic="PREVENTION, DIAGNOSIS AND MANAGEMENT OF TUBERCULOSIS" Year="2016" id="">
<session PageNumber="6" ReferencePage="36" SessionTitle="Imaging in tuberculosis"/>
<classification Grade="D" Level="4"/>
<fullstring>
Patients with chest radiographic findings that suggest active* or inactive† disease should be referred without delay for further evaluation including two sputum
samples for acid-fast bacilli (AFB) smear and culture.
</fullstring>
</guideline>
<guideline Category="Medical" FileName="MOH TB CPG Executive summary for website" Topic="PREVENTION, DIAGNOSIS AND MANAGEMENT OF TUBERCULOSIS" Year="2016" id="">
<session PageNumber="6" ReferencePage="38" SessionTitle="Imaging in tuberculosis"/>
<classification Grade="D" Level="4"/>
<fullstring>
A chest radiograph may be performed on pregnant patients (with lead shield protection) when it is required for tuberculosis contact investigations and for evaluation
of active disease.
</fullstring>
</guideline>
<guideline Category="Medical" FileName="MOH TB CPG Executive summary for website" Topic="PREVENTION, DIAGNOSIS AND MANAGEMENT OF TUBERCULOSIS" Year="2016" id="">
<session PageNumber="6" ReferencePage="43" SessionTitle="Tuberculosis laboratory diagnosis"/>
<classification Grade="B" Level="1++"/>
<fullstring>
All tuberculosis suspects should have relevant clinical specimen(s) obtained and sent for mycobacterial cultures, regardless of the AFB smear results.
</fullstring>
</guideline>
<guideline Category="Medical" FileName="MOH TB CPG Executive summary for website" Topic="PREVENTION, DIAGNOSIS AND MANAGEMENT OF TUBERCULOSIS" Year="2016" id="">
<session PageNumber="7" ReferencePage="44" SessionTitle="Nucleic acid amplification tests (NAATs)"/>
<classification Grade="GPP" Level="GPP"/>
<fullstring>
In pulmonary tuberculosis, nucleic acid amplification
tests (NAATs) need not be routinely performed on
sputum in the Singapore context, when the clinical,
radiological and epidemiological features are consistent
with pulmonary tuberculosis. 
</fullstring>
</guideline>
<guideline Category="Medical" FileName="MOH TB CPG Executive summary for website" Topic="PREVENTION, DIAGNOSIS AND MANAGEMENT OF TUBERCULOSIS" Year="2016" id="">
<session PageNumber="7" ReferencePage="45" SessionTitle="Nucleic acid amplification tests (NAATs)"/>
<classification Grade="A" Level="1++"/>
<fullstring>
Rapid molecular tests like the Genotype MTBDRplus and Xpert MTB/RIF should be used as the initial test on respiratory samples from individuals suspected of
multidrug-resistant tuberculosis. Specimens should still
be sent for mycobacterial culture and phenotypic drug
susceptibility testing to first and second-line anti-TB
drugs. Grade A,
Level 1++ 45
</fullstring>
</guideline>
<guideline Category="Medical" FileName="MOH TB CPG Executive summary for website" Topic="PREVENTION, DIAGNOSIS AND MANAGEMENT OF TUBERCULOSIS" Year="2016" id="">
<session PageNumber="7" ReferencePage="44" SessionTitle="Nucleic acid amplification tests (NAATs)"/>
<classification Grade="D" Level="4"/>
<fullstring>
The presence of rpoB gene mutation as detected by the
Xpert MTB/RIF assay should be taken as a surrogate for
the presence of multidrug-resistant tuberculosis (MDR-
TB) until proven otherwise by phenotypic drug-
susceptibility testing . Grade D,
Level 4 
</fullstring>
</guideline>
<guideline Category="Medical" FileName="MOH TB CPG Executive summary for website" Topic="PREVENTION, DIAGNOSIS AND MANAGEMENT OF TUBERCULOSIS" Year="2016" id="">
<session PageNumber="7" ReferencePage="44" SessionTitle="Nucleic acid amplification tests (NAATs)"/>
<classification Grade="B" Level="1+"/>
<fullstring>
For extrapulmonary tuberculosis, nucleic acid amplification tests performed on the appropriate fluid and/or tissue samples are useful adjunctive tests for cases
where the clinical suspicion of active tuberculosis is high. Grade B, Level 1+
</fullstring>
</guideline>
<guideline Category="Medical" FileName="MOH TB CPG Executive summary for website" Topic="PREVENTION, DIAGNOSIS AND MANAGEMENT OF TUBERCULOSIS" Year="2016" id="">
<session PageNumber="7" ReferencePage="46" SessionTitle="Adenosine deaminase (ADA)"/>
<classification Grade="A" Level="1++"/>
<fullstring>
Testing for adenosine deaminase (ADA) in pleural and ascitic fluids may be useful in tuberculous pleurisy and peritonitis*. ADA testing in sputum samples is not
recommended for pulmonary tuberculosis.
</fullstring>
</guideline>
<guideline Category="Medical" FileName="MOH TB CPG Executive summary for website" Topic="PREVENTION, DIAGNOSIS AND MANAGEMENT OF TUBERCULOSIS" Year="2016" id="">
<session PageNumber="8" ReferencePage="50" SessionTitle="Initiation of treatment"/>
<classification Grade="GPP" Level="GPP"/>
<fullstring>
Patients with chest radiographic findings that suggest active disease may be commenced on tuberculosis treatment even before bacteriological results are
available. GPP 50
</fullstring>
</guideline>
<guideline Category="Medical" FileName="MOH TB CPG Executive summary for website" Topic="PREVENTION, DIAGNOSIS AND MANAGEMENT OF TUBERCULOSIS" Year="2016" id="">
<session PageNumber="8" ReferencePage="50" SessionTitle="Initiation of treatment"/>
<classification Grade="GPP" Level="GPP"/>
<fullstring>
Tuberculosis treatment should be seriously considered in symptomatic patients despite the X-ray appearances of inactivity.
</fullstring>
</guideline>
<guideline Category="Medical" FileName="MOH TB CPG Executive summary for website" Topic="PREVENTION, DIAGNOSIS AND MANAGEMENT OF TUBERCULOSIS" Year="2016" id="">
<session PageNumber="8" ReferencePage="50" SessionTitle="Initiation of treatment"/>
<classification Grade="GPP" Level="GPP"/>
<fullstring>
Before starting tuberculosis treatment, baseline liver enzymes should be performed in those over 15 years old. Adult patients to be commenced on ethambutol must
have their visual acuity and colour vision checked at baseline. GPP 50
</fullstring>
</guideline>
<guideline Category="Medical" FileName="MOH TB CPG Executive summary for website" Topic="PREVENTION, DIAGNOSIS AND MANAGEMENT OF TUBERCULOSIS" Year="2016" id="">
<session PageNumber="8" ReferencePage="51" SessionTitle="Treatment regimens for pulmonary tuberculosis"/>
<classification Grade="A" Level="1++"/>
<fullstring>
6-month standard regimen The 6-month standard treatment regimen comprising a 2-month intensive phase of ethambutol, isoniazid,
rifampicin and pyrazinamide followed by a 4-month continuation phase of rifampicin and isoniazid is the regimen of choice for pulmonary tuberculosis.
</fullstring>
</guideline>
<guideline Category="Medical" FileName="MOH TB CPG Executive summary for website" Topic="PREVENTION, DIAGNOSIS AND MANAGEMENT OF TUBERCULOSIS" Year="2016" id="">
<session PageNumber="8" ReferencePage="51" SessionTitle="Treatment regimens for pulmonary tuberculosis"/>
<classification Grade="A" Level="1++"/>
<fullstring>
9-month regimen For patients who are unlikely to tolerate pyrazinamide (e.g. the elderly, those with liver disease), a 9-month
regimen comprising ethambutol, rifampicin and isoniazid for 2 months followed by rifampicin and isoniazid for 7 months may be used.
</fullstring>
</guideline>
<guideline Category="Medical" FileName="MOH TB CPG Executive summary for website" Topic="PREVENTION, DIAGNOSIS AND MANAGEMENT OF TUBERCULOSIS" Year="2016" id="">
<session PageNumber="8" ReferencePage="52" SessionTitle="Treatment of extrapulmonary tuberculosis:Tuberculous meningitis"/>
<classification Grade="B" Level="2+"/>
<fullstring>
Tuberculous meningitis should be treated with the standard tuberculosis regimen but extended to 12 months. Steroids should be used as an adjunct.
</fullstring>
</guideline>
<guideline Category="Medical" FileName="MOH TB CPG Executive summary for website" Topic="PREVENTION, DIAGNOSIS AND MANAGEMENT OF TUBERCULOSIS" Year="2016" id="">
<session PageNumber="9" ReferencePage="53" SessionTitle="Musculoskeletal tuberculosis"/>
<classification Grade="A" Level="1+"/>
<fullstring>
The preferred treatment duration for musculoskeletal tuberculosis is 9 months with a rifampicin-containing regimen.
</fullstring>
</guideline>
<guideline Category="Medical" FileName="MOH TB CPG Executive summary for website" Topic="PREVENTION, DIAGNOSIS AND MANAGEMENT OF TUBERCULOSIS" Year="2016" id="">
<session PageNumber="8" ReferencePage="53" SessionTitle="Miliary tuberculosis"/>
<classification Grade="D" Level="4"/>
<fullstring>
Miliary tuberculosis (in the absence of central nervous
system or musculoskeletal involvement) may be treated
with the standard 6-month treatment regimen.
</fullstring>
</guideline>
<guideline Category="Medical" FileName="MOH TB CPG Executive summary for website" Topic="PREVENTION, DIAGNOSIS AND MANAGEMENT OF TUBERCULOSIS" Year="2016" id="">
<session PageNumber="8" ReferencePage="53" SessionTitle="Pleural tuberculosis"/>
<classification Grade="B" Level="1+"/>
<fullstring>
Pleural tuberculosis may be treated with the standard treatment regimen.
</fullstring>
</guideline>
<guideline Category="Medical" FileName="MOH TB CPG Executive summary for website" Topic="PREVENTION, DIAGNOSIS AND MANAGEMENT OF TUBERCULOSIS" Year="2016" id="">
<session PageNumber="9" ReferencePage="54" SessionTitle="Pericardial tuberculosis"/>
<classification Grade="C" Level="2+"/>
<fullstring>
Tuberculosis pericardial effusion can be treated with the standard tuberculosis regimen. Adjunctive steroids should be prescribed.
</fullstring>
</guideline>
<guideline Category="Medical" FileName="MOH TB CPG Executive summary for website" Topic="PREVENTION, DIAGNOSIS AND MANAGEMENT OF TUBERCULOSIS" Year="2016" id="">
<session PageNumber="9" ReferencePage="54" SessionTitle="Lymph node tuberculosis"/>
<classification Grade="C" Level="2+"/>
<fullstring>
The standard tuberculosis regimen can be used in tuberculous lymphadenitis.
</fullstring>
</guideline>
<guideline Category="Medical" FileName="MOH TB CPG Executive summary for website" Topic="PREVENTION, DIAGNOSIS AND MANAGEMENT OF TUBERCULOSIS" Year="2016" id="">
<session PageNumber="9" ReferencePage="55" SessionTitle="Treatment under special circumstances : Pregnancy and breastfeeding"/>
<classification Grade="D" Level="4"/>
<fullstring>
Standard tuberculosis treatment may be used during pregnancy and breastfeeding. Due to the small risk of relative pyridoxine deficiency, pyridoxine should be
given to the breast-fed infant of a mother who is receiving standard anti-tuberculosis treatment.
</fullstring>
</guideline>
<guideline Category="Medical" FileName="MOH TB CPG Executive summary for website" Topic="PREVENTION, DIAGNOSIS AND MANAGEMENT OF TUBERCULOSIS" Year="2016" id="">
<session PageNumber="9" ReferencePage="55" SessionTitle="Renal insufficiency and end stage renal failure"/>
<classification Grade="D" Level="3"/>
<fullstring>
For tuberculosis patients on haemodialysis or with creatinine clearance of less than 30 ml/min, the recommended dose of pyrazinamide is 25 mg/kg three
times a week. The dose should be given post-dialysis.
</fullstring>
</guideline>
<guideline Category="Medical" FileName="MOH TB CPG Executive summary for website" Topic="PREVENTION, DIAGNOSIS AND MANAGEMENT OF TUBERCULOSIS" Year="2016" id="">
<session PageNumber="10" ReferencePage="56" SessionTitle="Renal insufficiency and end stage renal failure"/>
<classification Grade="D" Level="3"/>
<fullstring>
The recommended dose of ethambutol is 15 to 25 mg/kg three times a week in tuberculosis patients with end-stage renal disease or with creatinine clearance of ≤30 ml/min.
</fullstring>
</guideline>
<guideline Category="Medical" FileName="MOH TB CPG Executive summary for website" Topic="PREVENTION, DIAGNOSIS AND MANAGEMENT OF TUBERCULOSIS" Year="2016" id="">
<session PageNumber="10" ReferencePage="56" SessionTitle="Renal insufficiency and end stage renal failure"/>
<classification Grade="D" Level="3"/>
<fullstring>
Streptomycin should be used with great care in tuberculosis patients with renal impairment. If it must be used, the recommended dose of streptomycin is 12 to 15
mg/kg 2 to 3 times a week post-dialysis.
</fullstring>
</guideline>
<guideline Category="Medical" FileName="MOH TB CPG Executive summary for website" Topic="PREVENTION, DIAGNOSIS AND MANAGEMENT OF TUBERCULOSIS" Year="2016" id="">
<session PageNumber="10" ReferencePage="57" SessionTitle="Hepatic disease"/>
<classification Grade="D" Level="4"/>
<fullstring>
Patients with hepatic disease should be monitored closely during treatment*. The 9-month regimen with rifampicin, isoniazid and ethambutol can be used if the tuberculosis patient with hepatic disease can tolerate this regimen. Pyrazinamide should generally be avoided in patients with hepatic disease†.
</fullstring>
</guideline>
<guideline Category="Medical" FileName="MOH TB CPG Executive summary for website" Topic="PREVENTION, DIAGNOSIS AND MANAGEMENT OF TUBERCULOSIS" Year="2016" id="">
<session PageNumber="10" ReferencePage="58" SessionTitle="HIV co-infection"/>
<classification Grade="A" Level="1++"/>
<fullstring>
The standard six-month treatment regimen is recommended for HIV co-infected patients with pulmonary tuberculosis. As with non-HIV-infected patients, the treatment should be extended to 9 months in
patients with tuberculous osteomyelitis and to 12 month in patients with central nervous system tuberculosis.
</fullstring>
</guideline>
<guideline Category="Medical" FileName="MOH TB CPG Executive summary for website" Topic="PREVENTION, DIAGNOSIS AND MANAGEMENT OF TUBERCULOSIS" Year="2016" id="">
<session PageNumber="10" ReferencePage="58" SessionTitle="HIV co-infection"/>
<classification Grade="D" Level="4"/>
<fullstring>
Patients with HIV-related tuberculosis should, as far as possible, be treated with a regimen containing a rifamycin for the full course of tuberculosis treatment.
</fullstring>
</guideline>
<guideline Category="Medical" FileName="MOH TB CPG Executive summary for website" Topic="PREVENTION, DIAGNOSIS AND MANAGEMENT OF TUBERCULOSIS" Year="2016" id="">
<session PageNumber="10" ReferencePage="58" SessionTitle="HIV co-infection"/>
<classification Grade="D" Level="4"/>
<fullstring>
Intermittent dosing regimen for tuberculosis treatment is not recommended for patients with advanced HIV disease (CD4 counts less than 100 cells/mm3) in view
of the risk of acquiring rifamycin resistance.
</fullstring>
</guideline>
<guideline Category="Medical" FileName="MOH TB CPG Executive summary for website" Topic="PREVENTION, DIAGNOSIS AND MANAGEMENT OF TUBERCULOSIS" Year="2016" id="">
<session PageNumber="11" ReferencePage="63" SessionTitle="Monitoring of patients on tuberculosis treatment"/>
<classification Grade="C" Level="2+"/>
<fullstring>
Directly observed therapy (DOT) should be the standard of care for all infectious tuberculosis cases. Tuberculosis patients who are assessed to have difficulty adhering to
treatment or who pose greater public risk of transmission, e.g. sputum-smear positive or working in institutional settings or settings with susceptible
populations, or those at risk of or diagnosed with drug-resistant tuberculosis, are high priority for DOT.
</fullstring>
</guideline>
<guideline Category="Medical" FileName="MOH TB CPG Executive summary for website" Topic="PREVENTION, DIAGNOSIS AND MANAGEMENT OF TUBERCULOSIS" Year="2016" id="">
<session PageNumber="11" ReferencePage="64" SessionTitle="Monitoring of patients on tuberculosis treatment"/>
<classification Grade="GPP" Level="GPP"/>
<fullstring>
Before commencing the treatment, patients must be counselled regarding the importance of adhering to and completing the full course of treatments, as well as
medication adverse effects.
</fullstring>
</guideline>
<guideline Category="Medical" FileName="MOH TB CPG Executive summary for website" Topic="PREVENTION, DIAGNOSIS AND MANAGEMENT OF TUBERCULOSIS" Year="2016" id="">
<session PageNumber="11" ReferencePage="64" SessionTitle="Monitoring of patients on tuberculosis treatment"/>
<classification Grade="GPP" Level="GPP"/>
<fullstring>
The patient’s weight should be documented at each visit
and the drug dosages adjusted accordingly. Adult
patients on ethambutol must have their visual acuity and
colour vision checked at each visit. Those with risk
factors for drug-induced hepatitis must be closely
monitored.
</fullstring>
</guideline>
<guideline Category="Medical" FileName="MOH TB CPG Executive summary for website" Topic="PREVENTION, DIAGNOSIS AND MANAGEMENT OF TUBERCULOSIS" Year="2016" id="">
<session PageNumber="11" ReferencePage="65" SessionTitle="Monitoring of patients on tuberculosis treatment"/>
<classification Grade="D" Level="4"/>
<fullstring>
Patients should be reviewed monthly by the specialist to
monitor their clinical condition, adherence to treatment
and adverse effects of tuberculosis medications.
</fullstring>
</guideline>
<guideline Category="Medical" FileName="MOH TB CPG Executive summary for website" Topic="PREVENTION, DIAGNOSIS AND MANAGEMENT OF TUBERCULOSIS" Year="2016" id="">
<session PageNumber="11" ReferencePage="66" SessionTitle="Monitoring of patients on tuberculosis treatment"/>
<classification Grade="D" Level="4"/>
<fullstring>
Bacteriological response to treatment should be
monitored in patients who are initially sputum acid-fast
bacillus (AFB) and/or culture-positive.
</fullstring>
</guideline>
<guideline Category="Medical" FileName="MOH TB CPG Executive summary for website" Topic="PREVENTION, DIAGNOSIS AND MANAGEMENT OF TUBERCULOSIS" Year="2016" id="">
<session PageNumber="11" ReferencePage="67" SessionTitle="Monitoring of patients on tuberculosis treatment"/>
<classification Grade="D" Level="3"/>
<fullstring>
Cigarette smokers with tuberculosis should be strongly
advised and supported to stop smoking.
</fullstring>
</guideline>
<guideline Category="Medical" FileName="MOH TB CPG Executive summary for website" Topic="PREVENTION, DIAGNOSIS AND MANAGEMENT OF TUBERCULOSIS" Year="2016" id="">
<session PageNumber="11" ReferencePage="68" SessionTitle="Management of multidrug-resistant/extensively drug-
resistant tuberculosis"/>
<classification Grade="D" Level="3"/>
<fullstring>
A multidrug-resistant treatment regimen must contain at
least four drugs, preferably more, (including a later-
generation fluoroquinolone and a second-line injectable
agent) to which the organism is shown to be susceptible
and to which the patient has previously not been
exposed.
</fullstring>
</guideline>
<guideline Category="Medical" FileName="MOH TB CPG Executive summary for website" Topic="PREVENTION, DIAGNOSIS AND MANAGEMENT OF TUBERCULOSIS" Year="2016" id="">
<session PageNumber="12" ReferencePage="68" SessionTitle="Management of multidrug-resistant/extensively drug-
resistant tuberculosis"/>
<classification Grade="D" Level="4"/>
<fullstring>
Multidrug-resistant tuberculosis (MDR-TB) patients
should be treated under strict programme conditions by
physicians experienced in MDR-TB management.
Directly observed therapy (DOT) should be utilised for
the entire treatment duration.
</fullstring>
</guideline>
<guideline Category="Medical" FileName="MOH TB CPG Executive summary for website" Topic="PREVENTION, DIAGNOSIS AND MANAGEMENT OF TUBERCULOSIS" Year="2016" id="">
<session PageNumber="12" ReferencePage="69" SessionTitle="Management of multidrug-resistant/extensively drug-resistant tuberculosis"/>
<classification Grade="D" Level="4"/>
<fullstring>
Resectional surgery should be considered in high grade MDR-TB or XDR-TB patients with localised disease and
adequate respiratory reserve, and for whom there are limited chemotherapeutic options, or who are not
responding to chemotherapy.
</fullstring>
</guideline>
<guideline Category="Medical" FileName="MOH TB CPG Executive summary for website" Topic="PREVENTION, DIAGNOSIS AND MANAGEMENT OF TUBERCULOSIS" Year="2016" id="">
<session PageNumber="12" ReferencePage="70" SessionTitle="Public health screening and infection control	 Air travel and tuberculosis"/>
<classification Grade="D" Level="3"/>
<fullstring>
Physicians should inform persons with infectious or
potentially infectious tuberculosis not to travel by
commercial air transportation on a flight of any duration.
</fullstring>
</guideline>
<guideline Category="Medical" FileName="MOH TB CPG Executive summary for website" Topic="PREVENTION, DIAGNOSIS AND MANAGEMENT OF TUBERCULOSIS" Year="2016" id="">
<session PageNumber="12" ReferencePage="70" SessionTitle="Public health screening"/>
<classification Grade="D" Level="3"/>
<fullstring>
Physicians should inform persons with infectious or
potentially infectious tuberculosis not to travel by
commercial air transportation on a flight of any duration.
</fullstring>
</guideline>
<guideline Category="Medical" FileName="MOH TB CPG Executive summary for website" Topic="PREVENTION, DIAGNOSIS AND MANAGEMENT OF TUBERCULOSIS" Year="2016" id="">
<session PageNumber="12" ReferencePage="71" SessionTitle="Public health screening"/>
<classification Grade="D" Level="3"/>
<fullstring>
Persons applying for long-term immigration passes should
be screened for active tuberculosis to ensure early
detection and access to treatment, and to reduce
community risk of transmission. This is especially true
for persons from high tuberculosis prevalence countries. 
</fullstring>
</guideline>
<guideline Category="Medical" FileName="MOH TB CPG Executive summary for website" Topic="PREVENTION, DIAGNOSIS AND MANAGEMENT OF TUBERCULOSIS" Year="2016" id="">
<session PageNumber="12" ReferencePage="71" SessionTitle="Public health screening"/>
<classification Grade="C" Level="2+"/>
<fullstring>
Chest radiograph examination should be used for the
purpose of screening in long-term immigration pass
applicants. 
</fullstring>
</guideline>
<guideline Category="Medical" FileName="MOH TB CPG Executive summary for website" Topic="PREVENTION, DIAGNOSIS AND MANAGEMENT OF TUBERCULOSIS" Year="2016" id="">
<session PageNumber="12" ReferencePage="72" SessionTitle="Public health screening"/>
<classification Grade="D" Level="4"/>
<fullstring>
Any chest radiograph abnormality compatible with tuberculosis (whether radiologically "active" or "inactive") should be evaluated further to rule out active
tuberculosis. 
</fullstring>
</guideline>
<guideline Category="Medical" FileName="MOH TB CPG Executive summary for website" Topic="PREVENTION, DIAGNOSIS AND MANAGEMENT OF TUBERCULOSIS" Year="2016" id="">
<session PageNumber="13" ReferencePage="72" SessionTitle="Public health screening"/>
<classification Grade="C" Level="3"/>
<fullstring>
Medical practitioners should have a high index of suspicion of drug-resistant tuberculosis in those who were previously treated, those who fail treatment, who are
known contacts of multidrug-resistant tuberculosis (MDR-TB), or who come from countries with high prevalence of
tuberculosis drug resistance.
</fullstring>
</guideline>
<guideline Category="Medical" FileName="MOH TB CPG Executive summary for website" Topic="PREVENTION, DIAGNOSIS AND MANAGEMENT OF TUBERCULOSIS" Year="2016" id="">
<session PageNumber="13" ReferencePage="75" SessionTitle="Infection control for tuberculosis in healthcare settings"/>
<classification Grade="D" Level="4"/>
<fullstring>
Healthcare facilities that potentially receive tuberculosis patients should have an infection control plan for tuberculosis, comprising administrative controls, environmental controls and use of personal protective equipment to protect staff and patients from potential tuberculosis transmission.
</fullstring>
</guideline>
<guideline Category="Medical" FileName="MOH TB CPG Executive summary for website" Topic="PREVENTION, DIAGNOSIS AND MANAGEMENT OF TUBERCULOSIS" Year="2016" id="">
<session PageNumber="13" ReferencePage="76" SessionTitle="Infection control for tuberculosis in healthcare settings"/>
<classification Grade="D" Level="4"/>
<fullstring>
Persons with tuberculosis symptoms should be promptly, identified in healthcare settings and if necessary, separated from other patients.
</fullstring>
</guideline>
<guideline Category="Medical" FileName="MOH TB CPG Executive summary for website" Topic="PREVENTION, DIAGNOSIS AND MANAGEMENT OF TUBERCULOSIS" Year="2016" id="">
<session PageNumber="13" ReferencePage="76" SessionTitle="Infection control for tuberculosis in healthcare settings"/>
<classification Grade="D" Level="4"/>
<fullstring>
A ventilation system (natural, mechanical or mixed mode) should be employed for health care facilities to ensure sufficient air exchange and control airflow direction to
reduce the risk of tuberculosis exposure. 
</fullstring>
</guideline>
<guideline Category="Medical" FileName="MOH TB CPG Executive summary for website" Topic="PREVENTION, DIAGNOSIS AND MANAGEMENT OF TUBERCULOSIS" Year="2016" id="">
<session PageNumber="13" ReferencePage="76" SessionTitle="Infection control for tuberculosis in healthcare settings"/>
<classification Grade="D" Level="4"/>
<fullstring>
Where necessary, healthcare workers should use particulate respirators when caring for patients suspected or known to have infectious tuberculosis, especially drug-
resistant tuberculosis patients and in situations where high-risk procedures are being performed. 
</fullstring>
</guideline>
<guideline Category="Medical" FileName="MOH TB CPG Executive summary for website" Topic="PREVENTION, DIAGNOSIS AND MANAGEMENT OF TUBERCULOSIS" Year="2016" id="">
<session PageNumber="13" ReferencePage="77" SessionTitle="Infection prevention in the home and the community"/>
<classification Grade="D" Level="4"/>
<fullstring>
Physicians should advise patients with suspected or confirmed tuberculosis to practise cough etiquette and respiratory hygiene (especially surgical mask use).
</fullstring>
</guideline>
<guideline Category="Medical" FileName="MOH TB CPG Executive summary for website" Topic="PREVENTION, DIAGNOSIS AND MANAGEMENT OF TUBERCULOSIS" Year="2016" id="">
<session PageNumber="13" ReferencePage="80" SessionTitle="Tuberculosis contact investigations and screening"/>
<classification Grade="B" Level="2+"/>
<fullstring>
Contact investigations are carried out by the National Tuberculosis Programme. Persons with recent close exposure to infectious tuberculosis cases (i.e.
bacteriologically positive cases of pulmonary tuberculosis, especially if acid-fast bacilli smear is positive) should be evaluated for active tuberculosis and
Latent Tuberculosis Infection. Grade B
Level 2++ 80
</fullstring>
</guideline>
<guideline Category="Medical" FileName="MOH TB CPG Executive summary for website" Topic="PREVENTION, DIAGNOSIS AND MANAGEMENT OF TUBERCULOSIS" Year="2016" id="">
<session PageNumber="14" ReferencePage="81" SessionTitle="Tuberculosis contact investigations and screening"/>
<classification Grade="D" Level="4"/>
<fullstring>
Testing for Latent Tuberculosis Infection should be targeted at high-risk groups and should only be performed if there is an intention to treat for Latent Tuberculosis Infection if detected.
</fullstring>
</guideline>
<guideline Category="Medical" FileName="MOH TB CPG Executive summary for website" Topic="PREVENTION, DIAGNOSIS AND MANAGEMENT OF TUBERCULOSIS" Year="2016" id="">
<session PageNumber="14" ReferencePage="83" SessionTitle="Tuberculosis contact investigations and screening"/>
<classification Grade="A" Level="1+"/>
<fullstring>
Low risk groups (i.e. casual contacts) should not be screened as they are more likely to throw up false positive test results for Latent Tuberculosis Infection. GPP 81 Either the tuberculin skin test or the interferon-gamma release assay may be used for the diagnosis of Latent Tuberculosis Infection in adults and children 5 years or older. Grade A,Level 1+ 83
</fullstring>
</guideline>
<guideline Category="Medical" FileName="MOH TB CPG Executive summary for website" Topic="PREVENTION, DIAGNOSIS AND MANAGEMENT OF TUBERCULOSIS" Year="2016" id="">
<session PageNumber="14" ReferencePage="84" SessionTitle="Tuberculosis contact investigations and screening"/>
<classification Grade="A" Level="1+"/>
<fullstring>
The interferon-gamma release assay is the preferred test for adolescents and adults who have received Bacillus Calmette-Guerin (BCG) vaccination, while the tuberculin
skin test is the preferred test for the diagnosis of latent tuberculosis in children less than 5 years of age. 
</fullstring>
</guideline>
<guideline Category="Medical" FileName="MOH TB CPG Executive summary for website" Topic="PREVENTION, DIAGNOSIS AND MANAGEMENT OF TUBERCULOSIS" Year="2016" id="">
<session PageNumber="14" ReferencePage="84" SessionTitle="Tuberculosis contact investigations and screening"/>
<classification Grade="C" Level="2+"/>
<fullstring>
In significantly immunocompromised individuals, especially those with HIV/AIDS, the T-SPOT.TB may be preferable to the tuberculin skin test and QuantiFERON-
TB Gold In-Tube (QFT-GIT) for the diagnosis of Latent Tuberculosis Infection. 
</fullstring>
</guideline>
<guideline Category="Medical" FileName="MOH TB CPG Executive summary for website" Topic="PREVENTION, DIAGNOSIS AND MANAGEMENT OF TUBERCULOSIS" Year="2016" id="">
<session PageNumber="14" ReferencePage="84" SessionTitle="Tuberculosis contact investigations and screening"/>
<classification Grade="C" Level="2+"/>
<fullstring>
The interferon-gamma release assay (IGRA) should not be used to monitor response to preventive therapy. Testing for Latent Tuberculosis Infection
</fullstring>
</guideline>
<guideline Category="Medical" FileName="MOH TB CPG Executive summary for website" Topic="PREVENTION, DIAGNOSIS AND MANAGEMENT OF TUBERCULOSIS" Year="2016" id="">
<session PageNumber="15" ReferencePage="85" SessionTitle="Tuberculosis contact investigations and screening"/>
<classification Grade="C" Level="2+"/>
<fullstring>
Children with persistent, unremitting cough for 2 weeks,
plus objective weight loss, together with fatigue, should
be evaluated for tuberculosis.
</fullstring>
</guideline>
<guideline Category="Medical" FileName="MOH TB CPG Executive summary for website" Topic="PREVENTION, DIAGNOSIS AND MANAGEMENT OF TUBERCULOSIS" Year="2016" id="">
<session PageNumber="15" ReferencePage="86" SessionTitle="Tuberculosis contact investigations and screening"/>
<classification Grade="C" Level="2+"/>
<fullstring>
All children being evaluated for latent or active
tuberculosis (pulmonary or otherwise) should have a
frontal chest radiograph. Where tuberculosis is strongly
suspected, a lateral radiograph should be performed even
if the frontal view is normal.
</fullstring>
</guideline>
<guideline Category="Medical" FileName="MOH TB CPG Executive summary for website" Topic="PREVENTION, DIAGNOSIS AND MANAGEMENT OF TUBERCULOSIS" Year="2016" id="">
<session PageNumber="15" ReferencePage="87" SessionTitle="Tuberculosis contact investigations and screening"/>
<classification
 Grade="B" Level="2++"/>
<fullstring>
Currently available scoring systems for predicting tuberculosis in children lack sensitivity and/ or,specificity, and are not recommended to be used for diagnosis.
</fullstring>
</guideline>
<guideline Category="Medical" FileName="MOH TB CPG Executive summary for website" Topic="PREVENTION, DIAGNOSIS AND MANAGEMENT OF TUBERCULOSIS" Year="2016" id="">
<session PageNumber="15" ReferencePage="88" SessionTitle="Tuberculosis contact investigations and screening"/>
<classification
 Grade="B" Level="2++"/>
<fullstring>
In children younger than 5 years old suspected of having
tuberculosis infection or disease, the tuberculin skin test
(TST) is the preferred mode of initial immunological
assessment.
</fullstring>
</guideline>
<guideline Category="Medical" FileName="MOH TB CPG Executive summary for website" Topic="PREVENTION, DIAGNOSIS AND MANAGEMENT OF TUBERCULOSIS" Year="2016" id="">
<session PageNumber="15" ReferencePage="88" SessionTitle="Tuberculosis contact investigations and screening"/>
<classification
 Grade="C" Level="2+"/>
<fullstring>
When interferon-gamma release assay (IGRA) testing is performed in children less than 4 years old, the T-SPOT.TB is
preferred over the QFT-GIT due to a lower incidence of indeterminate results.
</fullstring>
</guideline>
<guideline Category="Medical" FileName="MOH TB CPG Executive summary for website" Topic="PREVENTION, DIAGNOSIS AND MANAGEMENT OF TUBERCULOSIS" Year="2016" id="">
<session PageNumber="15" ReferencePage="88" SessionTitle="Tuberculosis contact investigations and screening"/>
<classification
 Grade="B" Level="2++"/>
<fullstring>
Because of its excellent specificity, children with a positive interferon-gamma release assays (IGRA) are
considered to have tuberculosis infection or disease, and should be offered treatment.
</fullstring>
</guideline>
<guideline Category="Medical" FileName="MOH TB CPG Executive summary for website" Topic="PREVENTION, DIAGNOSIS AND MANAGEMENT OF TUBERCULOSIS" Year="2016" id="">
<session PageNumber="15" ReferencePage="88" SessionTitle="Tuberculosis contact investigations and screening"/>
<classification  Grade="D" Level="4"/>
<fullstring>
For children with a clinical suspicion of tuberculosis
disease with a negative tuberculin skin test (TST), the
interferon-gamma release assay (IGRA) may be
performed to increase sensitivity. However, treatment
for tuberculosis should be considered when other factors
are strongly supportive of tuberculosis (epidemiologic,
radiologic, histologic, microbiologic), and neither a
negative TST nor IGRA should delay treatment.
</fullstring>
</guideline>

</cpgs>
