<?xml version="1.0" encoding="UTF-8" standalone="no"?>
<cpgs>
<guideline Category="Medical" FileName="Obesity CPG_Main" Topic="Obesity" Year="2016" id="">
<session PageNumber="1" ReferencePage="32" SessionTitle="Diagnosis and Classification"/>
<classification Grade="C" Level="2+"/>
<fullstring>
Current World Health Organization (WHO) and international
guidelines recommend BMI cut-offs of 25 and 30 kg/m 2 to define
overweight and obesity respectively. Based on body fat equivalence and
comorbid disease risk, BMIs of 23 kg/m 2 and 27.5 kg/m 2 , respectively, have
been recommended as the cut-off points for public health action in Asians. (pg 32).
</fullstring>
</guideline>
<guideline Category="Medical" FileName="Obesity CPG_Main" Topic="Obesity" Year="2016" id="">
<session PageNumber="1" ReferencePage="34" SessionTitle="Diagnosis and Classification"/>
<classification Grade="C" Level="2+"/>
<fullstring>
Waist circumference is the most practical anthropometric measurement
for assessing a patient’s abdominal fat content before and during weight
loss treatment, and should be used in conjunction with BMI to identify
increased disease risk. The current international guidelines recommend
waist circumference cut-offs of 102 and 88 cm to define excess risk in
males and females respectively. Based on an Asian-Pacific consensus, cut-
offs of 90 and 80 cm, respectively, may be more appropriate for Asians. (pg 34)
Grade C, Level 2 +
</fullstring>
</guideline>
<guideline Category="Medical" FileName="Obesity CPG_Main" Topic="Obesity" Year="2016" id="">
<session PageNumber="1" ReferencePage="37" SessionTitle="Assessment"/>
<classification Grade="GPP" Level="GPP"/>
<fullstring>
In clinical evaluation of patients, practitioners should consider and 
exclude predisposing factors for and secondary causes of obesity. (pg 37)
</fullstring>
</guideline>
<guideline Category="Medical" FileName="Obesity CPG_Main" Topic="Obesity" Year="2016" id="">
<session PageNumber="1" ReferencePage="38" SessionTitle="Treatment of acute symptoms"/>
<classification Grade="C" Level="2+"/>
<fullstring>
Overweight and obese adults should be screened for comorbid
conditions, and should be stratified according to their health risks, in
particular for cardiovascular disease, prior to the commencement of
treatment. (pg 38)
</fullstring>
</guideline>
<guideline Category="Medical" FileName="Obesity CPG_Main" Topic="Obesity" Year="2016" id="">
<session PageNumber="1" ReferencePage="38" SessionTitle="Clinical and laboratory assessment:History"/>
<classification Grade="GPP" Level="GPP"/>
<fullstring>
Table: Clinical and laboratory assessment (pg 38).Recommended items:
History -	Detailed history of obesity: childhood weight,history, previous weight loss attempts, and
weight change triggers (e.g. significant life events, job change and smoking cessation).Current level of motivation for and barriers
to weight loss.Current and past medical history including psychiatric history, Current and past drug history including over-the-counter and traditional medications,•	Lifestyle factors including details on dietary habits (e.g. binge eating), exercise, sleep hygiene, smoking and alcohol intake,Attitude of family members and co-workers
to diet and physical activity, Financial resources or lack of, and its impact on food choices and lifestyle habits, Assessment of stress level and coping
mechanisms, Assessment of level of motivation and readiness to change.
</fullstring>
</guideline>
<guideline Category="Medical" FileName="Obesity CPG_Main" Topic="Obesity" Year="2016" id="">
<session PageNumber="1" ReferencePage="38" SessionTitle="Clinical and laboratory assessment:Physical
examination"/>
<classification Grade="GPP" Level="GPP"/>
<fullstring>
•	Weight / height / BMI
•	Waist / hip circumference
•	Blood pressure
•	Signs of insulin resistance (acanthosis
nigricans) and pathological causes such as
moon facies, increased interscapular and
supraclavicular fat pads and goitre
</fullstring>
</guideline>
<guideline Category="Medical" FileName="Obesity CPG_Main" Topic="Obesity" Year="2016" id="">
<session PageNumber="1" ReferencePage="38" SessionTitle="Clinical and laboratory assessment:Laboratory
evaluation"/>
<classification Grade="GPP" Level="GPP"/>
<fullstring>
Metabolic profiling:
•	Fasting serum total cholesterol, HDL-
cholesterol, LDL-cholesterol, triglycerides
•	Fasting plasma glucose
•	Alanine transaminase / aspartate
transaminase
•	ECG (if > 50 years)
2Assessment for secondary causes:
•	Thyroid function tests: Thyroid stimulating
hormone / free thyroxine
•	Cushing’s syndrome: Screen only if clinically
suspected
•	Hypogonadism: Screen only if clinically
suspected
BMI: body mass index; ECG: electrocardiography; HDL: high-density
lipoprotein; LDL: low-density lipoprotein
</fullstring>
</guideline>
<guideline Category="Medical" FileName="Obesity CPG_Main" Topic="Obesity" Year="2016" id="">
<session PageNumber="3" ReferencePage="40" SessionTitle="Clinical and laboratory assessment:Laboratory
evaluation"/>
<classification Grade="C" Level="2+"/>
<fullstring>
Patient motivation – an important prerequisite in weight loss
management – should be relatively high before initiating therapy.
Proper evaluation of issues related to motivation should be undertaken.
(pg 40). Grade C, Level 2 +
</fullstring>
</guideline>
<guideline Category="Medical" FileName="Obesity CPG_Main" Topic="Obesity" Year="2016" id="">
<session PageNumber="3" ReferencePage="41" SessionTitle="Treatment: Introduction"/>
<classification Grade="A" Level="2+"/>
<fullstring>
A multi-faceted or a multi-disciplinary strategy should be utilised to
achieve and maintain weight loss. This could be adequately achieved at
the primary health care level depending on the patient’s response. (pg 41)
Grade A, Level 2 +
</fullstring>
</guideline>
<guideline Category="Medical" FileName="Obesity CPG_Main" Topic="Obesity" Year="2016" id="">
<session PageNumber="3" ReferencePage="42" SessionTitle="Treatment: Introduction"/>
<classification Grade="A" Level="1++"/>
<fullstring>
The appropriate short-term treatment goals are an initial 5–10% weight
loss over 6 months, and if this is not attainable, then a prevention
of further weight gain may be recommended, which can improve
mechanical symptoms and metabolic parameters. Long-term goals
should continue in the same vein as the short-term goals, and the patient
should be encouraged to lose more weight if possible (e.g. 10–20% of
initial body weight). (pg 42)
Grade A, Level 1 ++
</fullstring>
</guideline>
<guideline Category="Medical" FileName="Obesity CPG_Main" Topic="Obesity" Year="2016" id="">
<session PageNumber="3" ReferencePage="42" SessionTitle="Treatment: Introduction"/>
<classification Grade="A" Level="1++"/>
<fullstring>
A 	 Realistic weight loss should be safe and should preferably not exceed
0.5–1 kg a week. (pg 42)
Grade A, Level 1 ++
</fullstring>
</guideline>
<guideline Category="Medical" FileName="Obesity CPG_Main" Topic="Obesity" Year="2016" id="">
<session PageNumber="4" ReferencePage="44" SessionTitle="Treatment: Diet"/>
<classification Grade="C" Level="2++"/>
<fullstring>
Nutritional counselling should aim to facilitate long-term adherence to
reduced-calorie diets to achieve sustainable weight loss. Every 24 kcal/
day reduction in energy intake will eventually lead to approximately a
1 kg loss in body weight with half of the weight loss occurring in about
one year. (pg 44).
</fullstring>
</guideline>
<guideline Category="Medical" FileName="Obesity CPG_Main" Topic="Obesity" Year="2016" id="">
<session PageNumber="4" ReferencePage="44" SessionTitle="Treatment: Diet"/>
<classification Grade="B" Level="1+"/>
<fullstring>
Physical activity should be recommended in addition to dietary changes 
as it can contribute to the maintenance of weight loss. (pg 44)
</fullstring>
</guideline>
<guideline Category="Medical" FileName="Obesity CPG_Main" Topic="Obesity" Year="2016" id="">
<session PageNumber="4" ReferencePage="47" SessionTitle="Treatment: Diet"/>
<classification Grade="A" Level="1+"/>
<fullstring>
Diets that contribute to a calorie deficit of at least 500 kcal below
estimated daily energy requirements are recommended to aid weight
loss. The prescribed diets may be adjusted to meet the individual’s
nutritional needs and to encourage prolonged compliance. (pg 47)
</fullstring>
</guideline>
<guideline Category="Medical" FileName="Obesity CPG_Main" Topic="Obesity" Year="2016" id="">
<session PageNumber="4" ReferencePage="47" SessionTitle="Treatment: Diet"/>
<classification Grade="B" Level="2++"/>
<fullstring>
Because of the lack of evidence for long-term beneficial effect, caution should be exercised when recommending a high-protein, low-
carbohydrate diet, especially to individuals who have osteoporosis, kidney disease or elevated low-density lipoprotein cholesterol. (pg 47)
</fullstring>
</guideline>
<guideline Category="Medical" FileName="Obesity CPG_Main" Topic="Obesity" Year="2016" id="">
<session PageNumber="4" ReferencePage="49" SessionTitle="Treatment: Diet"/>
<classification Grade="B" Level="1+"/>
<fullstring>
Long-term compliance with a reduced-calorie diet and the adoption of positive lifestyle and behavioural changes should be encouraged to aid
successful weight loss maintenance. (pg 49).
</fullstring>
</guideline>
<guideline Category="Medical" FileName="Obesity CPG_Main" Topic="Obesity" Year="2016" id="">
<session PageNumber="4" ReferencePage="50" SessionTitle="Treatment: Diet"/>
<classification Grade="GPP" Level="GPP"/>
<fullstring>
In order for weight loss or weight maintenance to be successful, food
intake should ideally be distributed regularly throughout the day.
Skipping of meals should be discouraged. Food portions at each meal
should be adequate so as to prevent the need for frequent snacking
between meals. (pg 50)
</fullstring>
</guideline>
<guideline Category="Medical" FileName="Obesity CPG_Main" Topic="Obesity" Year="2016" id="">
<session PageNumber="5" ReferencePage="51" SessionTitle="Treatment: Diet"/>
<classification Grade="A" Level="1+"/>
<fullstring>
Sugar-sweetened beverages should be avoided to prevent excess weight
gain. (pg 51) Grade A, Level 1 +
</fullstring>
</guideline>
<guideline Category="Medical" FileName="Obesity CPG_Main" Topic="Obesity" Year="2016" id="">
<session PageNumber="5" ReferencePage="51" SessionTitle="Treatment: Diet"/>
<classification Grade="C" Level="2+"/>
<fullstring>
Maintain a diet that is higher in vegetables, legumes, fruits and whole
grains, and lower in sugar and refined carbohydrates. (pg 51)
Grade C, Level 2 +
</fullstring>
</guideline>
<guideline Category="Medical" FileName="Obesity CPG_Main" Topic="Obesity" Year="2016" id="">
<session PageNumber="5" ReferencePage="51" SessionTitle="Treatment: Diet"/>
<classification Grade="D" Level="4"/>
<fullstring>
Adequate amounts of low energy density, lean, high-protein foods (e.g.
chicken breast, fish, egg white, beans and tofu) should be included in
weight loss diets to help control hunger. (pg 51)
Grade D, Level 4
</fullstring>
</guideline>
<guideline Category="Medical" FileName="Obesity CPG_Main" Topic="Obesity" Year="2016" id="">
<session PageNumber="5" ReferencePage="51" SessionTitle="Treatment: Diet"/>
<classification Grade="GPP" Level="GPP"/>
<fullstring>
GPP
Dietary advice should consider foods that are locally available and
match culinary preferences to facilitate long-term compliance. (pg 51)
GPP
</fullstring>
</guideline>
<guideline Category="Medical" FileName="Obesity CPG_Main" Topic="Obesity" Year="2016" id="">
<session PageNumber="5" ReferencePage="51" SessionTitle="Treatment: Diet"/>
<classification Grade="D" Level="4"/>
<fullstring>
Caution should be exercised when making choices regarding processed
foods as these can be energy dense and high in sugar. (pg 51)
Grade D, Level 4
</fullstring>
</guideline>
<guideline Category="Medical" FileName="Obesity CPG_Main" Topic="Obesity" Year="2016" id="">
<session PageNumber="5" ReferencePage="53" SessionTitle="Treatment: Physical Activity (PA)"/>
<classification Grade="A" Level="1+"/>
<fullstring>
To maintain health and prevent diseases, overweight or obese adults
should engage in ≥ 150 minutes of moderate-intensity physical activity
per week. (pg 53)
Grade A, Level 1 +
</fullstring>
</guideline>
<guideline Category="Medical" FileName="Obesity CPG_Main" Topic="Obesity" Year="2016" id="">
<session PageNumber="5" ReferencePage="53" SessionTitle="Treatment: Physical Activity (PA)"/>
<classification Grade="D" Level="3"/>
<fullstring>
Physicians should provide advice on physical activity regardless of
BMI status. The exercise prescription should be tailored to individual
patients, taking into consideration their body weight and comorbidities.
(pg 53).
</fullstring>
</guideline>
<guideline Category="Medical" FileName="Obesity CPG_Main" Topic="Obesity" Year="2016" id="">
<session PageNumber="6" ReferencePage="54" SessionTitle="Screening"/>
<classification Grade="GPP" Level="GPP"/>
<fullstring>
Patients should be screened for common comorbidities, current physical
and behavioural readiness before participating in physical activities.
(pg 54).
</fullstring>
</guideline>
<guideline Category="Medical" FileName="Obesity CPG_Main" Topic="Obesity" Year="2016" id="">
<session PageNumber="6" ReferencePage="54" SessionTitle="Screening"/>
<classification Grade="GPP" Level="GPP"/>
<fullstring>
For inactive/unfit individuals, the recommended weekly volume of
activity should be gradually increased over time as fitness improves.
(pg 54).
</fullstring>
</guideline>
<guideline Category="Medical" FileName="Obesity CPG_Main" Topic="Obesity" Year="2016" id="">
<session PageNumber="6" ReferencePage="55" SessionTitle="Aerobic physical activity"/>
<classification Grade="C" Level="2+"/>
<fullstring>
For weight loss, a negative energy balance (approximately 1000 kcal per
day) achieved through both dietary restriction and physical activity is
encouraged. (pg 55).
</fullstring>
</guideline>
<guideline Category="Medical" FileName="Obesity CPG_Main" Topic="Obesity" Year="2016" id="">
<session PageNumber="6" ReferencePage="55" SessionTitle="Frequency"/>
<classification Grade="GPP" Level="GPP"/>
<fullstring>
Physical activity should be established as a regular behaviour
throughout the week. (pg 55)
</fullstring>
</guideline>
<guideline Category="Medical" FileName="Obesity CPG_Main" Topic="Obesity" Year="2016" id="">
<session PageNumber="6" ReferencePage="55" SessionTitle="Intensity"/>
<classification Grade="D" Level="3"/>
<fullstring>
Moderate-intensity aerobic activity should be recommended for the
management of body weight. (pg 55)
</fullstring>
</guideline>
<guideline Category="Medical" FileName="Obesity CPG_Main" Topic="Obesity" Year="2016" id="">
<session PageNumber="6" ReferencePage="55" SessionTitle="Time"/>
<classification Grade="GPP" Level="GPP"/>
<fullstring>
For unfit/inactive individuals, light-intensity physical activity may be
considered first before progressing to moderate-intensity over time. (pg 55).
</fullstring>
</guideline>
<guideline Category="Medical" FileName="Obesity CPG_Main" Topic="Obesity" Year="2016" id="">
<session PageNumber="6" ReferencePage="56" SessionTitle="Time"/>
<classification Grade="A" Level="1+"/>
<fullstring>
For weight loss, adults should engage in 150–420 minutes of moderate-intensity physical activity per week. (pg 56)
</fullstring>
</guideline>
<guideline Category="Medical" FileName="Obesity CPG_Main" Topic="Obesity" Year="2016" id="">
<session PageNumber="7" ReferencePage="56" SessionTitle="Time"/>
<classification Grade="B" Level="1+"/>
<fullstring>
To maintain weight loss, adults should engage in 200–300 minutes of moderate-intensity physical activity per week. (pg 56)
</fullstring>
</guideline>
<guideline Category="Medical" FileName="Obesity CPG_Main" Topic="Obesity" Year="2016" id="">
<session PageNumber="7" ReferencePage="56" SessionTitle="Time"/>
<classification Grade="B" Level="2++"/>
<fullstring>
Physical activity can be accumulated in short bouts of at least 10 minutes per session or one long bout of up to 60 minutes. (pg 56)
</fullstring>
</guideline>
<guideline Category="Medical" FileName="Obesity CPG_Main" Topic="Obesity" Year="2016" id="">
<session PageNumber="7" ReferencePage="56" SessionTitle="Type"/>
<classification Grade="GPP" Level="GPP"/>
<fullstring>
A total of 10–60 minutes of physical activity is recommended per day, with a gradual increase for unfit/inactive individuals over time. (pg 56)
</fullstring>
</guideline>
<guideline Category="Medical" FileName="Obesity CPG_Main" Topic="Obesity" Year="2016" id="">
<session PageNumber="7" ReferencePage="56" SessionTitle="Type"/>
<classification Grade="GPP" Level="GPP"/>
<fullstring>
Low-impact physical activities and cross training may be recommended.(pg 56)
</fullstring>
</guideline>
<guideline Category="Medical" FileName="Obesity CPG_Main" Topic="Obesity" Year="2016" id="">
<session PageNumber="7" ReferencePage="57" SessionTitle="Strength or resistance activity"/>
<classification Grade="A" Level="1+"/>
<fullstring>
Adults should engage in strength activities on two non-consecutive days per week to provide additional health benefits. (pg 57)
</fullstring>
</guideline>
<guideline Category="Medical" FileName="Obesity CPG_Main" Topic="Obesity" Year="2016" id="">
<session PageNumber="7" ReferencePage="57" SessionTitle="Lifestyle and sedentary behaviour"/>
<classification Grade="B" Level="2+"/>
<fullstring>
Adults should be encouraged to spend less time engaging in sedentary behaviours. They should also break up prolonged periods of sitting. (pg 57)
</fullstring>
</guideline>
<guideline Category="Medical" FileName="Obesity CPG_Main" Topic="Obesity" Year="2016" id="">
<session PageNumber="7" ReferencePage="57" SessionTitle="Lifestyle and sedentary behaviour"/>
<classification Grade="GPP" Level="GPP"/>
<fullstring>
Individuals should be encouraged to work towards taking 10,000 steps per day. (pg 57)
</fullstring>
</guideline>
<guideline Category="Medical" FileName="Obesity CPG_Main" Topic="Obesity" Year="2016" id="">
<session PageNumber="8" ReferencePage="58" SessionTitle="Treatment: Behavioural modifications and related therapy"/>
<classification Grade="D" Level="2+"/>
<fullstring>
Healthcare professionals working with weight loss patients should
strive to have the patient adopt a more ‘internal’ style of motivation
over time, such as ‘I want to’ lose weight for personal satisfaction and
enjoyment of activities. (pg 58)
Grade D, Level 2 +
</fullstring>
</guideline>
<guideline Category="Medical" FileName="Obesity CPG_Main" Topic="Obesity" Year="2016" id="">
<session PageNumber="8" ReferencePage="60" SessionTitle="Lifestyle and sedentary behaviour"/>
<classification Grade="A" Level="1+"/>
<fullstring>
Weight loss programmes should incorporate cognitive behavioural
interventions for achieving weight loss and weight maintenance of up
to 10% between 1–5 years of follow-up. (pg 60)
</fullstring>
</guideline>
<guideline Category="Medical" FileName="Obesity CPG_Main" Topic="Obesity" Year="2016" id="">
<session PageNumber="8" ReferencePage="60" SessionTitle="Lifestyle and sedentary behaviour"/>
<classification Grade="B" Level="2+"/>
<fullstring>
Interventions need to combine behavioural strategies, such as self-
monitoring and goal-setting, with dietary modification and increased
physical activity. (pg 60)
</fullstring>
</guideline>
<guideline Category="Medical" FileName="Obesity CPG_Main" Topic="Obesity" Year="2016" id="">
<session PageNumber="8" ReferencePage="62" SessionTitle="Lifestyle and sedentary behaviour"/>
<classification Grade="A" Level="1+"/>
<fullstring>
After initial weight loss treatment it is recommended that participants
continue at least 6–12 months of a weight maintenance programme that
combines dietary modification and physical activity. (pg 62).
</fullstring>
</guideline>
<guideline Category="Medical" FileName="Obesity CPG_Main" Topic="Obesity" Year="2016" id="">
<session PageNumber="8" ReferencePage="64" SessionTitle="Treatment: Information and Communication Technology (ICT) and tools for
weight loss"/>
<classification Grade="B" Level="2+"/>
<fullstring>
Clinicians who implement or recommend ICT interventions to their
overweight and obese patients should ensure that such interventions
include established treatment components such as tailoring, goal
setting, self-monitoring, social support and targeted feedback. (pg 64)
</fullstring>
</guideline>
<guideline Category="Medical" FileName="Obesity CPG_Main" Topic="Obesity" Year="2016" id="">
<session PageNumber="9" ReferencePage="65" SessionTitle="Treatment: Medical treatment of obesity and related comorbidities"/>
<classification Grade="B" Level="2+"/>
<fullstring>
Lifestyle modification should be the main treatment strategy for weight
management. Pharmacotherapy, if used, should be adjunctive to
lifestyle modification and be combined with diet, physical activity and
behaviour modification. (pg 65)
</fullstring>
</guideline>
<guideline Category="Medical" FileName="Obesity CPG_Main" Topic="Obesity" Year="2016" id="">
<session PageNumber="9" ReferencePage="65" SessionTitle="Treatment: Medical treatment of obesity and related comorbidities"/>
<classification Grade="C" Level="2+"/>
<fullstring>
Drug therapy may be considered when BMI is ≥ 30 kg/m 2 , or when
BMI is 27.5–29.9 kg/m 2 in Asians with comorbidities or complications
of obesity such as hypertension, Type 2 diabetes mellitus. (pg 65)
</fullstring>
</guideline>
<guideline Category="Medical" FileName="Obesity CPG_Main" Topic="Obesity" Year="2016" id="">
<session PageNumber="9" ReferencePage="70" SessionTitle="Treatment: Medical treatment of obesity and related comorbidities"/>
<classification Grade="A" Level="1+"/>
<fullstring>
A 	 Phentermine and mazindol may be used for weight management for
the short-term (6–12 months). Liraglutide may be used for weight
management up to 2 years while orlistat may be used as an anti-obesity
drug for long-term therapy (up to 4 years). (pg 70)
Grade A, Level 1 +
</fullstring>
</guideline>
<guideline Category="Medical" FileName="Obesity CPG_Main" Topic="Obesity" Year="2016" id="">
<session PageNumber="9" ReferencePage="70" SessionTitle="Treatment: Medical treatment of obesity and related comorbidities"/>
<classification Grade="B" Level="2++"/>
<fullstring>
Acupuncture by trained/qualified professionals may be considered as
short-term, adjunctive anti-obesity therapeutic option on a case-by-case
basis. (pg 70)
Grade B, Level 2 ++
</fullstring>
</guideline>
<guideline Category="Medical" FileName="Obesity CPG_Main" Topic="Obesity" Year="2016" id="">
<session PageNumber="9" ReferencePage="70" SessionTitle="Treatment: Surgical and related options"/>
<classification Grade="C" Level="2+"/>
<fullstring>
Bariatric surgery should be part of a programme of care delivered
by a multi-disciplinary team including surgeons, dietitians, nurses,
psychologists, physicians and physical therapists. It should only be
carried out in institutions where a full range of facilities and services are
available 24 hours a day. These include (but are not limited to): specialist
medical and nursing staff, access to operating rooms and intensive care
units and radiology service with interventional capability. (pg 71)
Grade C, Level 2+
</fullstring>
</guideline>
<guideline Category="Medical" FileName="Obesity CPG_Main" Topic="Obesity" Year="2016" id="">
<session PageNumber="10" ReferencePage="73" SessionTitle="Treatment: Surgical and related options"/>
<classification Grade="A" Level="1+"/>
<fullstring>
Patients with BMI above 40 kg/m 2 , or above 35 kg/m 2 with at least
one obesity-related comorbidity, especially if difficult to control with
lifestyle and pharmacological therapy, may be considered for bariatric
surgery as a medical treatment. * (pg 73)
Grade A, Level 1 +
</fullstring>
</guideline>
<guideline Category="Medical" FileName="Obesity CPG_Main" Topic="Obesity" Year="2016" id="">
<session PageNumber="10" ReferencePage="74" SessionTitle="Treatment: Surgical and related options"/>
<classification Grade="B" Level="2++"/>
<fullstring>
A bariatric procedure should only be offered after extensive work-up
and discussions with the relevant stakeholders. (pg 74)
Grade B, Level 2 ++
</fullstring>
</guideline>
<guideline Category="Medical" FileName="Obesity CPG_Main" Topic="Obesity" Year="2016" id="">
<session PageNumber="10" ReferencePage="75" SessionTitle="Treatment: Surgical and related options"/>
<classification Grade="A" Level="1++"/>
<fullstring>
A 	 Patients with Type 2 diabetes mellitus and other medical comorbidities
should be followed up by appropriate physicians according to the usual
protocols for management of the respective conditions. (pg 75)
Grade A, Level 1 ++
</fullstring>
</guideline>
<guideline Category="Medical" FileName="Obesity CPG_Main" Topic="Obesity" Year="2016" id="">
<session PageNumber="10" ReferencePage="76" SessionTitle="Treatment: Surgical and related options"/>
<classification Grade="C" Level="2+"/>
<fullstring>
Lifelong follow-up by a multi-disciplinary team is mandatory for
patients who undergo bariatric surgery. (pg 76)
Grade C, Level 2 +
</fullstring>
</guideline>
<guideline Category="Medical" FileName="Obesity CPG_Main" Topic="Obesity" Year="2016" id="">
<session PageNumber="10" ReferencePage="77" SessionTitle="Treatment: Surgical and related options"/>
<classification Grade="B" Level="2++"/>
<fullstring>
Regular laboratory tests should be made available to monitor nutritional
deficiencies. Regular supplementation is mandatory following bariatric
procedures with a malabsorptive component. (pg 77)
Grade B, Level 2 ++
</fullstring>
</guideline>
<guideline Category="Medical" FileName="Obesity CPG_Main" Topic="Obesity" Year="2016" id="">
<session PageNumber="10" ReferencePage="77" SessionTitle="Fertility and pregnancy"/>
<classification Grade="C" Level="2+"/>
<fullstring>
Female patients should avoid getting pregnant post-bariatric surgery
until weight loss has stabilised. Appropriate contraceptive advice
should be given. (pg 77)
</fullstring>
</guideline>
<guideline Category="Medical" FileName="Obesity CPG_Main" Topic="Obesity" Year="2016" id="">
<session PageNumber="10" ReferencePage="77" SessionTitle="Fertility and pregnancy"/>
<classification Grade="C" Level="2+"/>
<fullstring>
Close liaison between the obstetrician and the bariatric team is highly
desirable. For pregnant women who have undergone bariatric surgery,
nutritional supplements over and above the usual requirements in a
normal pregnancy are recommended. (pg 77).
</fullstring>
</guideline>
<guideline Category="Medical" FileName="Obesity CPG_Main" Topic="Obesity" Year="2016" id="">
<session PageNumber="11" ReferencePage="78" SessionTitle="Older population"/>
<classification Grade="C" Level="2+"/>
<fullstring>
Among the older population, each case of bariatric surgery should be
considered on its own merit taking into account the special circumstances
affecting the older age group. (pg 78)
</fullstring>
</guideline>
<guideline Category="Medical" FileName="Obesity CPG_Main" Topic="Obesity" Year="2016" id="">
<session PageNumber="11" ReferencePage="79" SessionTitle="Adolescents"/>
<classification Grade="B" Level="2++"/>
<fullstring>
Bariatric surgery should be considered only for obese paediatric patients
who fulfil the following criteria: (pg 79)
1.	 The adolescent has attained Tanner 4 or 5 pubertal development, and
final or near-final adult height.
2.	 The adolescent has BMI greater than 50 kg/m 2 or has BMI above 40
kg/m 2 and significant severe comorbidities.
3.	 Severe obesity and comorbidities persist despite a formal programme
of lifestyle modification, with or without a trial of pharmacotherapy.
4.	 Psychological evaluation confirms the stability and competence of
the family unit.
5.	There is access to an experienced surgeon in a medical centre
employing a team capable of long-term follow-up of metabolic and
psychosocial needs of the patient and the family. The institution must
also be either participating in a study of the outcome of bariatric
surgery or sharing data.
6.	 The adolescent demonstrates the ability to adhere to the principles of
healthy dietary and activity habits.
</fullstring>
</guideline>
<guideline Category="Medical" FileName="Obesity CPG_Main" Topic="Obesity" Year="2016" id="">
<session PageNumber="11" ReferencePage="80" SessionTitle="Adolescents"/>
<classification Grade="B" Level="2++"/>
<fullstring>	
Adolescents undergoing bariatric surgery must be able to provide
informed consent and understand the nature of the operation, the risks
involved, and the need for long-term follow-up. (pg 80)
Grade B, Level 2 ++
</fullstring>
</guideline>
<guideline Category="Medical" FileName="Obesity CPG_Main" Topic="Obesity" Year="2016" id="">
<session PageNumber="12" ReferencePage="84" SessionTitle="Special focus: Children and adolescents"/>
<classification Grade="GPP" Level="GPP"/>
<fullstring>
During the transition to young adulthood, there may be discrepancy in
weight status due to differences in the two classification systems. For
the older adolescents (e.g. > 16 years old), obesity may be defined as a
BMI-for-age equal to or greater than 97th percentile, or BMI equal to or
greater than 30 kg/m 2 , whichever criterion is met. (pg 84)
GPP
</fullstring>
</guideline>
<guideline Category="Medical" FileName="Obesity CPG_Main" Topic="Obesity" Year="2016" id="">
<session PageNumber="12" ReferencePage="84" SessionTitle="Special focus: Children and adolescents"/>
<classification Grade="GPP" Level="GPP"/>
<fullstring>
	The majority of overweight and obese children may be managed
in primary care. Referral to tertiary general paediatric, paediatric
endocrine or medical genetic clinics should be guided by the degree of
obesity, presence or likelihood of comorbidities (e.g. family history), or
where pathological cause of obesity is suspected. (pg 84)
GPP
</fullstring>
</guideline>
<guideline Category="Medical" FileName="Obesity CPG_Main" Topic="Obesity" Year="2016" id="">
<session PageNumber="12" ReferencePage="87" SessionTitle="Special focus: Children and adolescents"/>
<classification Grade="GPP" Level="GPP"/>
<fullstring>
In children, investigations for comorbidities should not be regarded
as routine, but may be ordered as indicated clinically. Screening
may include glucose levels, lipid profile, liver function test or other
investigations if clinically indicated. (pg 87)
GPP
</fullstring>
</guideline>
<guideline Category="Medical" FileName="Obesity CPG_Main" Topic="Obesity" Year="2016" id="">
<session PageNumber="12" ReferencePage="87" SessionTitle="Special focus: Children and adolescents"/>
<classification Grade="C" Level="2+"/>
<fullstring>
Obese children and adolescents (BMI ≥ 97th percentile) should
be evaluated for obesity-related comorbidities or complications.
Overweight children (BMI ≥ 90–97th percentile) should be screened for
comorbidities, especially if risk factors are present. (pg 87)
Grade C, Level 2 +
</fullstring>
</guideline>
<guideline Category="Medical" FileName="Obesity CPG_Main" Topic="Obesity" Year="2016" id="">
<session PageNumber="12" ReferencePage="87" SessionTitle="Special focus: Children and adolescents"/>
<classification Grade="D" Level="4"/>
<fullstring>
Screening for Type 2 diabetes mellitus may be performed for Asian
overweight and obese children who are in puberty or ≥ 10 years old,
and have any one of these risk factors: Family history of Type 2 diabetes
mellitus in first- or second-degree relatives, maternal gestational
diabetes, and features of insulin resistance (acanthosis nigricans,
hypertension, dyslipidaemia, non-alcoholic fatty liver disease,
polycystic ovarian syndrome). Repeat screening with fasting glucose
or oral glucose tolerance test can be offered every 2 years if excessive
adiposity persists. (pg 87)
Grade D, Level 4
</fullstring>
</guideline>
<guideline Category="Medical" FileName="Obesity CPG_Main" Topic="Obesity" Year="2016" id="">
<session PageNumber="13" ReferencePage="87" SessionTitle="Special focus: Children and adolescents"/>
<classification Grade="GPP" Level="GPP"/>
<fullstring>
The vast majority (> 95%) will have common or primary obesity.
Pathological causes or secondary obesity (inclusive of monogenic
causes) are uncommon but should be carefully considered. If there are
no significant abnormalities in the history and examination indicative
of pathological causes of obesity, investigations for these pathologies
are generally not necessary. Testing may be limited to thyroid function.
If there are clinical suspicions of pathological causes, these patients
should be referred to tertiary centres for proper investigations and
interpretation of the results. (pg 87)
</fullstring>
</guideline>
<guideline Category="Medical" FileName="Obesity CPG_Main" Topic="Obesity" Year="2016" id="">
<session PageNumber="13" ReferencePage="89" SessionTitle="Special focus: Children and adolescents"/>
<classification Grade="D" Level="4"/>
<fullstring>
Weight management in children and adolescents should emphasise
behavioural modifications that influence weight status e.g. healthy
eating habits and regular physical activity, rather than focus on actual
weight loss. Weight maintenance or a slower weight gain to allow a
gradual decline in BMI is an acceptable approach for pre-pubertal
children with obesity. Weight loss should be limited to post-pubertal
adolescents who are severely overweight and are supervised by
paediatric specialists. (pg 89)
</fullstring>
</guideline>
<guideline Category="Medical" FileName="Obesity CPG_Main" Topic="Obesity" Year="2016" id="">
<session PageNumber="13" ReferencePage="89" SessionTitle="Special focus: Children and adolescents"/>
<classification Grade="D" Level="4"/>
<fullstring>
Referral to a paediatric specialist or structured weight management
programme for children and adolescents should be considered for the
following cases: Children with a suspected secondary cause of obesity,
severely overweight children and adolescents with comorbidities that
require weight loss. (pg 89)
</fullstring>
</guideline>
<guideline Category="Medical" FileName="Obesity CPG_Main" Topic="Obesity" Year="2016" id="">
<session PageNumber="13" ReferencePage="90" SessionTitle="Special focus: Children and adolescents"/>
<classification Grade="A" Level="1+"/>
<fullstring>
A 	 Obese children and adolescents should enrol in multi-component
lifestyle interventions, which consist of nutrition, physical activity and
behavioural modifications, which can result in a modest, but significant
reduction in obesity and cardiovascular risk, compared to standard
care, self-help or no treatment. (pg 90)
Grade A, Level 1 +
</fullstring>
</guideline>
<guideline Category="Medical" FileName="Obesity CPG_Main" Topic="Obesity" Year="2016" id="">
<session PageNumber="14" ReferencePage="90" SessionTitle="Special focus: Children and adolescents"/>
<classification Grade="A" Level="1+"/>
<fullstring>
A 	 Parental involvement can enhance the effectiveness of lifestyle
interventions, particularly in pre-adolescent children, by changing
and adapting parenting styles, parenting skills and child management
strategies during the intervention, such as role modelling and active
parental participation. (pg 90)
Grade A, Level 1 +
</fullstring>
</guideline>
<guideline Category="Medical" FileName="Obesity CPG_Main" Topic="Obesity" Year="2016" id="">
<session PageNumber="14" ReferencePage="91" SessionTitle="Special focus: Children and adolescents"/>
<classification Grade="C" Level="2++"/>
<fullstring>
C 	 Dietary interventions for obese children and adolescents should
comprise the following strategies: reducing intake of calorie-dense,
nutrient-poor foods (sweetened beverages, fruit drinks and juices, fast
foods, calorie-dense snacks), portion control, reducing saturated fat
intake (for children > 2 years), encouraging intake of fibre/whole grains,
fruits and vegetables, as well as encouraging healthy eating behaviours
such as eating regular meals (especially breakfast), avoiding having
meals in front of the television (TV)/computer and avoiding frequent
food nibbling or “grazing” during the day, especially after school. Diets
should also be adequate in micronutrient intake to promote optimal
linear growth. (pg 91)
Grade C, Level 2 ++
</fullstring>
</guideline>
<guideline Category="Medical" FileName="Obesity CPG_Main" Topic="Obesity" Year="2016" id="">
<session PageNumber="14" ReferencePage="92" SessionTitle="Special focus: Children and adolescents"/>
<classification Grade="D" Level="4"/>
<fullstring>
D 	 The use of restrictive diets is not appropriate for children and
adolescents except when combined with specialist supervision and
intensive follow-up. (pg 92)
Grade D, Level 4
</fullstring>
</guideline>
<guideline Category="Medical" FileName="Obesity CPG_Main" Topic="Obesity" Year="2016" id="">
<session PageNumber="14" ReferencePage="92" SessionTitle="Special focus: Children and adolescents"/>
<classification Grade="A" Level="1+"/>
<fullstring>
A 	 Physical activity should be routinely included within a multi-component
lifestyle intervention for reducing overweight and obesity in school-age
children and adolescents. (pg 92)
Grade A, Level 1 +
</fullstring>
</guideline>
<guideline Category="Medical" FileName="Obesity CPG_Main" Topic="Obesity" Year="2016" id="">
<session PageNumber="14" ReferencePage="93" SessionTitle="Special focus: Children and adolescents"/>
<classification Grade="D" Level="4"/>
<fullstring>
D 	 Obese children and adolescents should be encouraged first to meet
the National Physical Activity Guidelines for children and youths by
increasing their daily physical activity level progressively. Additional
physical activity on top of the recommended guidelines may be needed
for general health benefits for this group of youths. (pg 93)
Grade D, Level 4
</fullstring>
</guideline>
<guideline Category="Medical" FileName="Obesity CPG_Main" Topic="Obesity" Year="2016" id="">
<session PageNumber="15" ReferencePage="93" SessionTitle="Special focus: Children and adolescents"/>
<classification Grade="D" Level="4"/>
<fullstring>
Sedentary activities (TV viewing, playing video games etc.) should be
limited to not more than 2 hours a day, or equivalent to 14 hours per
week for all children. (pg 93)
Grade D, Level 4
</fullstring>
</guideline>
<guideline Category="Medical" FileName="Obesity CPG_Main" Topic="Obesity" Year="2016" id="">
<session PageNumber="15" ReferencePage="94" SessionTitle="Special focus: Children and adolescents"/>
<classification Grade="D" Level="4"/>
<fullstring>
A 	 Pharmacotherapy for weight loss should only be considered as an
adjunct to lifestyle interventions in obese adolescents with severe
comorbidities or when lifestyle interventions have failed. It should
only be administered by experienced clinicians. The decision should be
carefully weighed against the potential for adverse effects, the lack of
evidence for persistent weight loss after active treatment and the long-
term safety in adolescents. (pg 94)
Grade A, Level 1 +
</fullstring>
</guideline>
<guideline Category="Medical" FileName="Obesity CPG_Main" Topic="Obesity" Year="2016" id="">
<session PageNumber="15" ReferencePage="95" SessionTitle="Special focus: Pregnancy Screening:"/>
<classification Grade="B" Level="2+"/>
<fullstring>
Women of childbearing age, especially overweight and obese women,
should receive information and advice from healthcare providers about
the benefits of weight loss before pregnancy and the risks of being
overweight or obese. An ideal preconception weight will optimise
pregnancy outcome for both mother and baby. (pg 95)
Grade B, Level 2 +
</fullstring>
</guideline>
<guideline Category="Medical" FileName="Obesity CPG_Main" Topic="Obesity" Year="2016" id="">
<session PageNumber="15" ReferencePage="95" SessionTitle="Special focus: Pregnancy Screening:"/>
<classification Grade="B" Level="2+"/>
<fullstring>
Height and pre-pregnancy weight should be recorded in the health record for all women at the initial antenatal visit. Pre-pregnancy BMI
can be calculated and classified using the WHO BMI cut-off points (see Table 11). (pg 95)
Grade B, Level 2 +
</fullstring>
</guideline>
<guideline Category="Medical" FileName="Obesity CPG_Main" Topic="Obesity" Year="2016" id="">
<session PageNumber="15" ReferencePage="95" SessionTitle="Special focus: Pregnancy Screening:"/>
<classification Grade="D" Level="4"/>
<fullstring>
Prior to attempting to conceive, women of childbearing age should stop
taking medication for weight loss. (pg 95)
Grade D, Level 4
</fullstring>
</guideline>
<guideline Category="Medical" FileName="Obesity CPG_Main" Topic="Obesity" Year="2016" id="">
<session PageNumber="16" ReferencePage="96" SessionTitle="Pregnancy weight management"/>
<classification Grade="B" Level="2+"/>
<fullstring>
The range of desirable total weight gain and the rate of gain should be
discussed with the woman early in her pregnancy. A plan to achieve
these goals should be documented. (pg 96)
Grade B, Level 2 +
</fullstring>
</guideline>
<guideline Category="Medical" FileName="Obesity CPG_Main" Topic="Obesity" Year="2016" id="">
<session PageNumber="16" ReferencePage="96" SessionTitle="Pregnancy weight management"/>
<classification Grade="B" Level="2+"/>
<fullstring>
B 	 Nutritional advice should be routinely provided to all pregnant women
(refer to Chapter 7 on Treatment: Diet for an explanation of a healthy
diet). General advice should include: (pg 96)
•	 Eating a healthy, balanced diet as per “Pregnancy and Diet, Health
Promotion Board, Singapore” including foods rich in calcium, folate
and iron.
•	 Not restricting dietary intake below the recommended food group
requirements for pregnancy.
•	 Avoiding certain foods and drinks (such as raw foods, coffee/tea and
alcohol) which can be harmful to the pregnancy.
•	 Taking folic acid supplements.
•	 Adhering to recommended weight gain ranges (Table 11).
</fullstring>
</guideline>
<guideline Category="Medical" FileName="Obesity CPG_Main" Topic="Obesity" Year="2016" id="">
<session PageNumber="16" ReferencePage="97" SessionTitle="Pregnancy weight management"/>
<classification Grade="B" Level="2+"/>
<fullstring>
In the absence of obstetric or medical complications, all pregnant women should accumulate 150 minutes per week of moderate-intensity
exercise (e.g. accumulate 30 minutes per day, best to spread this activity throughout the week). Qualified supervision may be offered to assist
with assessment and individual exercise prescription. (pg 97)
</fullstring>
</guideline>
<guideline Category="Medical" FileName="Obesity CPG_Main" Topic="Obesity" Year="2016" id="">
<session PageNumber="16" ReferencePage="97" SessionTitle="Complications of obesity in pregnancy"/>
<classification Grade="B" Level="2++"/>
<fullstring>
Consider booking an early visit to plan pregnancy care. A pregnancy
care plan with increased clinical surveillance is recommended for obese,
pregnant women in the antenatal, intrapartum and postnatal periods.
Consider a cardiac risk assessment for women with pre-existing medical
conditions, especially those with Class III Obesity and who have other
risk factors such as smoking or Type 2 diabetes mellitus. (pg 97)
Grade B, Level 2 ++
</fullstring>
</guideline>
<guideline Category="Medical" FileName="Obesity CPG_Main" Topic="Obesity" Year="2016" id="">
<session PageNumber="17" ReferencePage="97" SessionTitle="Complications of obesity in pregnancy"/>
<classification Grade="B" Level="2++"/>
<fullstring>
B 	 All overweight or obese women should be screened for diabetes
with a 75 g oral glucose tolerance test at 24–28 weeks gestation. For
women with Class II and III Obesity (pre-pregnancy BMI ≥ 35.0 kg/m 2 ),
consider an early oral glucose tolerance test (below 14 weeks gestation
if possible) to assess for pre-existing diabetes. If the initial oral glucose
tolerance test is negative, consider repeating at 28 weeks if the risk of
diabetes is significantly high or if the patient exhibits clinical symptoms
of diabetes. (pg 97)
Grade B, Level 2 ++
</fullstring>
</guideline>
<guideline Category="Medical" FileName="Obesity CPG_Main" Topic="Obesity" Year="2016" id="">
<session PageNumber="17" ReferencePage="98" SessionTitle="Complications of obesity in pregnancy"/>
<classification Grade="B" Level="2+"/>
<fullstring>
B 	 For women with Class III Obesity (pre-pregnancy BMI ≥ 40 kg/m 2 ),
co-manage with a physician who will establish baseline renal (presence
of proteinuria, serum creatinine and urea) and liver function to assist
in distinguishing chronic renal dysfunction secondary to maternal
chronic hypertension and/or diabetes from pregnancy-associated
hypertensive/diabetic disorders. (pg 98)
Grade B, Level 2 +
</fullstring>
</guideline>
<guideline Category="Medical" FileName="Obesity CPG_Main" Topic="Obesity" Year="2016" id="">
<session PageNumber="17" ReferencePage="98" SessionTitle="Complications of obesity in pregnancy"/>
<classification Grade="B" Level="2++"/>
<fullstring>
B 	 The risk of venous thromboembolism for every obese woman should
be evaluated in the presence of additional clinical risk factors.
Thromboprophylaxis for antenatal and postnatal, if indicated, should
be individualised. (pg 98)
Grade B, Level 2 ++
</fullstring>
</guideline>
<guideline Category="Medical" FileName="Obesity CPG_Main" Topic="Obesity" Year="2016" id="">
<session PageNumber="17" ReferencePage="99" SessionTitle="Complications of obesity in pregnancy"/>
<classification Grade="B" Level="2+"/>
<fullstring>
B 	 Consider antenatal anaesthetic consultation to review analgesic
options, especially for women with pre-pregnancy BMI > 35 kg/m 2 and
consider facility capabilities including equipment and extra staffing
when performing caesarean section and other surgeries. (pg 99)
Grade B, Level 2 +
</fullstring>
</guideline>
<guideline Category="Medical" FileName="Obesity CPG_Main" Topic="Obesity" Year="2016" id="">
<session PageNumber="17" ReferencePage="99" SessionTitle="Post-natal management"/>
<classification Grade="D" Level="4"/>
<fullstring>
Discuss healthy eating, physical activity and breastfeeding as strategies
for returning to pre-pregnancy weight with all postpartum women.
Women in a healthy pre-pregnancy BMI range should be advised of
the importance of maintaining a healthy pre-pregnancy BMI between
pregnancies. Overweight and obese women should be encouraged to
lose weight before considering a future pregnancy. (pg 99)
Grade D, Level 4
</fullstring>
</guideline>
<guideline Category="Medical" FileName="Obesity CPG_Main" Topic="Obesity" Year="2016" id="">
<session PageNumber="18" ReferencePage="99" SessionTitle="Post-natal management"/>
<classification Grade="D" Level="4"/>
<fullstring>
Offer obese women additional support for breastfeeding. Consider
referral to a lactation consultant, increasing supervision during
breastfeeding and providing early postpartum breastfeeding support.
(pg 99)
Grade D, Level 4
</fullstring>
</guideline>
<guideline Category="Medical" FileName="Obesity CPG_Main" Topic="Obesity" Year="2016" id="">
<session PageNumber="32" ReferencePage="" SessionTitle="BMI and excess weight"/>
<classification Grade="C" Level="2+"/>
<fullstring>
Current WHO and international guidelines recommend BMI
cut-offs of 25 and 30 kg/m 2 to define overweight and obesity
respectively. Based on body fat equivalence and comorbid
disease risk, BMIs of 23 kg/m 2 and 27.5 kg/m 2 , respectively, have been
recommended as the cut-off points for public health action in Asians.
Grade C, Level 2 +
</fullstring>
</guideline>
<guideline Category="Medical" FileName="Obesity CPG_Main" Topic="Obesity" Year="2016" id="">
<session PageNumber="34" ReferencePage="" SessionTitle="BMI and excess weight"/>
<classification Grade="C" Level="2+"/>
<fullstring>
Waist circumference is the most practical anthropometric
measurement for assessing a patient’s abdominal fat content
before and during weight loss treatment, and should be used
in conjunction with BMI to identify increased disease risk. The
current international guidelines recommend waist circumference
cut-offs of 102 and 88 cm to define excess risk in males and females
respectively. Based on an Asian-Pacific consensus, cut-offs of 90 and 80
cm, respectively, may be more appropriate for Asians.
Grade C, Level 2 +
</fullstring>
</guideline>
<guideline Category="Medical" FileName="Obesity CPG_Main" Topic="Obesity" Year="2016" id="">
<session PageNumber="37" ReferencePage="" SessionTitle="BMI and excess weight"/>
<classification Grade="GPP" Level="GPP"/>
<fullstring>
	 In clinical evaluation of patients, practitioners should consider
and exclude predisposing factors for and secondary causes of
obesity.
</fullstring>
</guideline>
<guideline Category="Medical" FileName="Obesity CPG_Main" Topic="Obesity" Year="2016" id="">
<session PageNumber="37" ReferencePage="19,25,27,37" SessionTitle="Psychosocial"/>
<classification Grade="C" Level="2+"/>
<fullstring>	
Overweight and obese adults should be screened for comorbid
conditions, and should be stratified according to their health
risks, in particular for cardiovascular disease, prior to the
commencement of treatment.
Grade C, Level 2 +
</fullstring>
</guideline>
<guideline Category="Medical" FileName="Obesity CPG_Main" Topic="Obesity" Year="2016" id="">
<session PageNumber="40" ReferencePage="" SessionTitle="Psychosocial"/>
<classification Grade="C" Level="2+"/>
<fullstring>	
Patient motivation – an important prerequisite in weight loss
management – should be relatively high before initiating therapy.
Proper evaluation of issues related to motivation should be
undertaken.
</fullstring>
</guideline>
<guideline Category="Medical" FileName="Obesity CPG_Main" Topic="Obesity" Year="2016" id="">
<session PageNumber="41" ReferencePage="" SessionTitle="Treatment"/>
<classification Grade="A" Level="2+"/>
<fullstring>	
A multi-faceted or a multi-disciplinary strategy should be utilised to
achieve and maintain weight loss. This could be adequately achieved at
the primary health care level depending on the patient’s response.
Grade A, Level 2 +
</fullstring>
</guideline>
<guideline Category="Medical" FileName="Obesity CPG_Main" Topic="Obesity" Year="2016" id="">
<session PageNumber="42" ReferencePage="" SessionTitle="Treatment"/>
<classification Grade="A" Level="1++"/>
<fullstring>
The appropriate short-term treatment goals are an initial 5–10% weight
loss over 6 months, and if this is not attainable, then a prevention
of further weight gain may be recommended, which can improve
mechanical symptoms and metabolic parameters. Long-term goals
should continue in the same vein as the short-term goals, and the patient
should be encouraged to lose more weight if possible (e.g. 10–20% of
initial body weight).
Grade A, Level 1 ++
</fullstring>
</guideline>
<guideline Category="Medical" FileName="Obesity CPG_Main" Topic="Obesity" Year="2016" id="">
<session PageNumber="42" ReferencePage="" SessionTitle="Treatment"/>
<classification Grade="A" Level="1++"/>
<fullstring>
A 	 Realistic weight loss should be safe and should preferably not exceed
0.5–1kg a week.
Grade A, Level 1 ++
</fullstring>
</guideline>
<guideline Category="Medical" FileName="Obesity CPG_Main" Topic="Obesity" Year="2016" id="">
<session PageNumber="44" ReferencePage="" SessionTitle="Diet"/>
<classification Grade="C" Level="2++"/>
<fullstring>
C 	 Nutritional counselling should aim to facilitate long-term adherence to
reduced-calorie diets to achieve sustainable weight loss. Every 24 kcal/
day reduction in energy intake will eventually lead to approximately a
1 kg loss in body weight with half of the weight loss occurring in about
one year.
Grade C, Level 2 ++
</fullstring>
</guideline>
<guideline Category="Medical" FileName="Obesity CPG_Main" Topic="Obesity" Year="2016" id="">
<session PageNumber="44" ReferencePage="" SessionTitle="Diet"/>
<classification Grade="B" Level="1+"/>
<fullstring>
B 	 Physical activity should be recommended in addition to dietary changes
as it can contribute to the maintenance of weight loss.
Grade B, Level 1 +
</fullstring>
</guideline>
<guideline Category="Medical" FileName="Obesity CPG_Main" Topic="Obesity" Year="2016" id="">
<session PageNumber="47" ReferencePage="" SessionTitle="Diet"/>
<classification Grade="A" Level="1+"/>
<fullstring>
A 	 Diets that contribute to a calorie deficit of at least 500 kcal below
estimated daily energy requirements are recommended to aid
weight loss. The prescribed diets may be adjusted to meet the
individual’s nutritional needs and to encourage prolonged
compliance.
Grade A, Level 1 +
</fullstring>
</guideline>
<guideline Category="Medical" FileName="Obesity CPG_Main" Topic="Obesity" Year="2016" id="">
<session PageNumber="47" ReferencePage="" SessionTitle="Diet"/>
<classification Grade="B" Level="2++"/>
<fullstring>
B 	 Because of the lack of evidence for long-term beneficial effect,
caution should be exercised when recommending a high-protein,
low-carbohydrate diet, especially to individuals who have
osteoporosis, kidney disease or elevated low-density lipoprotein
cholesterol.
Grade B, Level 2 ++
</fullstring>
</guideline>
<guideline Category="Medical" FileName="Obesity CPG_Main" Topic="Obesity" Year="2016" id="">
<session PageNumber="49" ReferencePage="" SessionTitle="Dietary approaches to weight loss maintenance"/>
<classification Grade="B" Level="1+"/>
<fullstring>
Long-term compliance with a reduced-calorie diet and the
adoption of positive lifestyle and behavioural changes should be
encouraged to aid successful weight loss maintenance.
Grade B, Level 1 +
</fullstring>
</guideline>
<guideline Category="Medical" FileName="Obesity CPG_Main" Topic="Obesity" Year="2016" id="">
<session PageNumber="50" ReferencePage="" SessionTitle="Food-based recommendations for weight loss"/>
<classification Grade="GPP" Level="GPP"/>
<fullstring>
In order for weight loss or weight maintenance to be successful,
food intake should ideally be distributed regularly throughout
the day. Skipping of meals should be discouraged. Food portions
at each meal should be adequate so as to prevent the need for
frequent snacking between meals.
GPP
</fullstring>
</guideline>
<guideline Category="Medical" FileName="Obesity CPG_Main" Topic="Obesity" Year="2016" id="">
<session PageNumber="51" ReferencePage="" SessionTitle="Food-based recommendations for weight loss"/>
<classification Grade="A" Level="1+"/>
<fullstring>
Sugar-sweetened beverages should be avoided to prevent excess
weight gain.
Grade A, Level 1 +
</fullstring>
</guideline>
<guideline Category="Medical" FileName="Obesity CPG_Main" Topic="Obesity" Year="2016" id="">
<session PageNumber="51" ReferencePage="" SessionTitle="Food-based recommendations for weight loss"/>
<classification Grade="C" Level="2+"/>
<fullstring>
C 	 Maintain a diet that is higher in vegetables, legumes, fruits and
whole grains, and lower in sugar and refined carbohydrates.
Grade C, Level 2 +
</fullstring>
</guideline>
<guideline Category="Medical" FileName="Obesity CPG_Main" Topic="Obesity" Year="2016" id="">
<session PageNumber="51" ReferencePage="" SessionTitle="Food-based recommendations for weight loss"/>
<classification Grade="D" Level="4"/>
<fullstring>
D 	 Adequate amounts of low energy density, lean, high-protein foods
(e.g. chicken breast, fish, egg white, beans and tofu) should be
included in weight loss diets to help control hunger.
Grade D, Level 4
</fullstring>
</guideline>
<guideline Category="Medical" FileName="Obesity CPG_Main" Topic="Obesity" Year="2016" id="">
<session PageNumber="51" ReferencePage="" SessionTitle="Food-based recommendations for weight loss"/>
<classification Grade="GPP" Level="GPP"/>
<fullstring>
GPP 	Dietary advice should consider foods that are locally available
and match culinary preferences to facilitate long-term compliance.
GPP
</fullstring>
</guideline>
<guideline Category="Medical" FileName="Obesity CPG_Main" Topic="Obesity" Year="2016" id="">
<session PageNumber="51" ReferencePage="" SessionTitle="Food-based recommendations for weight loss"/>
<classification Grade="D" Level="4"/>
<fullstring>
	 Caution should be exercised when making choices regarding
processed foods as these can be energy dense and high in sugar.
Grade D, Level 4
</fullstring>
</guideline>
<guideline Category="Medical" FileName="Obesity CPG_Main" Topic="Obesity" Year="2016" id="">
<session PageNumber="53" ReferencePage="" SessionTitle="Treatment:Physical Activity"/>
<classification Grade="A" Level="1+"/>
<fullstring>
A 	 To maintain health and prevent diseases, overweight or obese adults
should engage in ≥ 150 minutes of moderate-intensity physical activity
per week.
Grade A, Level 1 +
</fullstring>
</guideline>
<guideline Category="Medical" FileName="Obesity CPG_Main" Topic="Obesity" Year="2016" id="">
<session PageNumber="53" ReferencePage="" SessionTitle="Treatment:Physical Activity"/>
<classification Grade="D" Level="3"/>
<fullstring>
D 	 Physicians should provide advice on physical activity regardless of
BMI status. The exercise prescription should be tailored to individual
patients, taking into consideration their body weight and comorbidities.
Grade D, Level 3
</fullstring>
</guideline>
<guideline Category="Medical" FileName="Obesity CPG_Main" Topic="Obesity" Year="2016" id="">
<session PageNumber="54" ReferencePage="" SessionTitle="Screening"/>
<classification Grade="GPP" Level="GPP"/>
<fullstring>
Patients should be screened for common comorbidities, current
physical and behavioural readiness before participating in
physical activities.
</fullstring>
</guideline>
<guideline Category="Medical" FileName="Obesity CPG_Main" Topic="Obesity" Year="2016" id="">
<session PageNumber="54" ReferencePage="" SessionTitle="Screening"/>
<classification Grade="GPP" Level="GPP"/>
<fullstring>
For inactive/unfit individuals, the recommended weekly volume
of activity should be gradually increased over time as fitness
improves.
</fullstring>
</guideline>
<guideline Category="Medical" FileName="Obesity CPG_Main" Topic="Obesity" Year="2016" id="">
<session PageNumber="55" ReferencePage="" SessionTitle="Screening"/>
<classification Grade="C" Level="2+"/>
<fullstring>
For weight loss, a negative energy balance (approximately 1000
kcal per day) achieved through both dietary restriction and
physical activity is encouraged.
Grade C, Level 2 +
</fullstring>
</guideline>
<guideline Category="Medical" FileName="Obesity CPG_Main" Topic="Obesity" Year="2016" id="">
<session PageNumber="55" ReferencePage="" SessionTitle="Frequency"/>
<classification Grade="GPP" Level="GPP"/>
<fullstring>
	Physical activity should be established as a regular behaviour
throughout the week.
</fullstring>
</guideline>
<guideline Category="Medical" FileName="Obesity CPG_Main" Topic="Obesity" Year="2016" id="">
<session PageNumber="55" ReferencePage="" SessionTitle="Intensity"/>
<classification Grade="D" Level="3"/>
<fullstring>
Moderate-intensity aerobic activity should be recommended for
the management of body weight.
Grade D, Level 3
</fullstring>
</guideline>
<guideline Category="Medical" FileName="Obesity CPG_Main" Topic="Obesity" Year="2016" id="">
<session PageNumber="55" ReferencePage="" SessionTitle="Intensity"/>
<classification Grade="GPP" Level="GPP"/>
<fullstring>
For unfit/inactive individuals, light-intensity physical activity
may be considered first before progressing to moderate-intensity
over time.
</fullstring>
</guideline>
<guideline Category="Medical" FileName="Obesity CPG_Main" Topic="Obesity" Year="2016" id="">
<session PageNumber="56" ReferencePage="" SessionTitle="Time"/>
<classification Grade="A" Level="1+"/>
<fullstring>
For weight loss, adults should engage in 150–420 minutes of
moderate-intensity physical activity per week.
Grade A, Level 1 +
</fullstring>
</guideline>
<guideline Category="Medical" FileName="Obesity CPG_Main" Topic="Obesity" Year="2016" id="">
<session PageNumber="56" ReferencePage="" SessionTitle="Time"/>
<classification Grade="B" Level="1+"/>
<fullstring>
To maintain weight loss, adults should engage in 200–300 minutes
of moderate-intensity physical activity per week.
Grade B, Level 1 +
</fullstring>
</guideline>
<guideline Category="Medical" FileName="Obesity CPG_Main" Topic="Obesity" Year="2016" id="">
<session PageNumber="56" ReferencePage="" SessionTitle="Time"/>
<classification Grade="GPP" Level="GPP"/>
<fullstring>
Physical activity can be accumulated in short bouts of at least 10
minutes per session or one long bout of up to 60 minutes.
</fullstring>
</guideline>
<guideline Category="Medical" FileName="Obesity CPG_Main" Topic="Obesity" Year="2016" id="">
<session PageNumber="56" ReferencePage="" SessionTitle="Time"/>
<classification Grade="B" Level="2++"/>
<fullstring>
A total of 10–60 minutes of physical activity is recommended per
day, with a gradual increase for unfit/inactive individuals over
time.
</fullstring>
</guideline>
<guideline Category="Medical" FileName="Obesity CPG_Main" Topic="Obesity" Year="2016" id="">
<session PageNumber="56" ReferencePage="" SessionTitle="Time"/>
<classification Grade="GPP" Level="GPP"/>
<fullstring>
Low-impact physical activities and cross training may be recommended.
</fullstring>
</guideline>
<guideline Category="Medical" FileName="Obesity CPG_Main" Topic="Obesity" Year="2016" id="">
<session PageNumber="57" ReferencePage="" SessionTitle="Strength or resistance activity"/>
<classification Grade="A" Level="1+"/>
<fullstring>
Adults should engage in strength activities on two non-consecutive
days per week to provide additional health benefits.
</fullstring>
</guideline>
<guideline Category="Medical" FileName="Obesity CPG_Main" Topic="Obesity" Year="2016" id="">
<session PageNumber="57" ReferencePage="" SessionTitle="Strength or resistance activity"/>
<classification Grade="B" Level="2+"/>
<fullstring>
Adults should be encouraged to spend less time engaging in
sedentary behaviours. They should also break up prolonged
periods of sitting.
</fullstring>
</guideline>
<guideline Category="Medical" FileName="Obesity CPG_Main" Topic="Obesity" Year="2016" id="">
<session PageNumber="57" ReferencePage="" SessionTitle="Strength or resistance activity"/>
<classification Grade="GPP" Level="GPP"/>
<fullstring>
Individuals should be encouraged to work towards taking 10,000 steps per day.
</fullstring>
</guideline>
<guideline Category="Medical" FileName="Obesity CPG_Main" Topic="Obesity" Year="2016" id="">
<session PageNumber="57" ReferencePage="" SessionTitle="Strength or resistance activity"/>
<classification Grade="D" Level="2+"/>
<fullstring>	
Healthcare professionals working with weight loss patients should strive to have the patient adopt a more ‘internal’ style of
motivation over time, such as ‘I want to’ lose weight for personal satisfaction and enjoyment of activities.
</fullstring>
</guideline>
<guideline Category="Medical" FileName="Obesity CPG_Main" Topic="Obesity" Year="2016" id="">
<session PageNumber="57" ReferencePage="" SessionTitle="Strength or resistance activity"/>
<classification Grade="A" Level="1+"/>
<fullstring>
Weight loss programmes should incorporate cognitive behavioural
interventions for achieving weight loss and weight maintenance
of up to 10% between 1–5 years of follow-up.
Grade A, Level 1 +
</fullstring>
</guideline>
<guideline Category="Medical" FileName="Obesity CPG_Main" Topic="Obesity" Year="2016" id="">
<session PageNumber="57" ReferencePage="" SessionTitle="Strength or resistance activity"/>
<classification Grade="B" Level="2+"/>
<fullstring>
B 	 Interventions need to combine behavioural strategies, such as
self-monitoring and goal-setting, with dietary modification and
increased physical activity.
Grade B, Level 2 +
</fullstring>
</guideline>
<guideline Category="Medical" FileName="Obesity CPG_Main" Topic="Obesity" Year="2016" id="">
<session PageNumber="62" ReferencePage="" SessionTitle="Strength or resistance activity"/>
<classification Grade="A" Level="1+"/>
<fullstring>
After initial weight loss treatment it is recommended that
participants continue at least 6–12 months of a weight maintenance
programme that combines dietary modification and physical
activity.
Grade A, Level 1 +
</fullstring>
</guideline>
<guideline Category="Medical" FileName="Obesity CPG_Main" Topic="Obesity" Year="2016" id="">
<session PageNumber="62" ReferencePage="" SessionTitle="Treatment: Information and communication
technology (ICT) and tools for weight loss"/>
<classification Grade="B" Level="2+"/>
<fullstring>
who implement or recommend ICT interventions to their
overweight and obese patients should ensure that such interventions
include established treatment components such as tailoring, goal
setting, self-monitoring, social support and targeted feedback.
</fullstring>
</guideline>
<guideline Category="Medical" FileName="Obesity CPG_Main" Topic="Obesity" Year="2016" id="">
<session PageNumber="62" ReferencePage="" SessionTitle="Treatment: Medical treatment of obesity and related morbidities"/>
<classification Grade="A" Level="1+"/>
<fullstring>
Lifestyle modification should be the main treatment strategy for weight
management. Pharmacotherapy, if used, should be adjunctive to
lifestyle modification and be combined with diet, physical activity and
behaviour modification.
</fullstring>
</guideline>
<guideline Category="Medical" FileName="Obesity CPG_Main" Topic="Obesity" Year="2016" id="">
<session PageNumber="62" ReferencePage="" SessionTitle="Treatment: Medical treatment of obesity and related morbidities"/>
<classification Grade="C" Level="2+"/>	
<fullstring>
Drug therapy may be considered when BMI is ≥ 30 kg/m 2 , or when
BMI is 27.5–29.9 kg/m 2 in Asians with comorbidities or complications
of obesity such as hypertension, Type 2 diabetes mellitus.
Grade C, Level 2 +
</fullstring>
</guideline>
<guideline Category="Medical" FileName="Obesity CPG_Main" Topic="Obesity" Year="2016" id="">
<session PageNumber="70" ReferencePage="" SessionTitle="Contrave (naltrexone SR/bupropion SR combination)"/>
<classification Grade="A" Level="1+"/>	
<fullstring>
hentermine and mazindol may be used for weight management
for the short-term (6–12 months). Liraglutide may be used for
weight management up to 2 years while orlistat may be used as
an anti-obesity drug for long-term therapy (up to 4 years).
Grade A, Level 1 +
</fullstring>
</guideline>
<guideline Category="Medical" FileName="Obesity CPG_Main" Topic="Obesity" Year="2016" id="">
<session PageNumber="70" ReferencePage="" SessionTitle="Acupuncture"/>
<classification Grade="B" Level="2++"/>	
<fullstring>
Acupuncture by trained/qualified professionals may be
considered as short-term, adjunctive anti-obesity therapeutic
option on a case-by-case basis.
</fullstring>
</guideline>
<guideline Category="Medical" FileName="Obesity CPG_Main" Topic="Obesity" Year="2016" id="">
<session PageNumber="71" ReferencePage="" SessionTitle="Treatment: Surgical and related options"/>
<classification Grade="C" Level="2+"/>	
<fullstring>
Bariatric surgery should be part of a programme of care delivered
by a multi-disciplinary team including surgeons, dietitians,
nurses, psychologists, physicians and physical therapists. It
should only be carried out in institutions where a full range of
facilities and services are available 24 hours a day. These include
(but are not limited to): specialist medical and nursing staff, access
to operating rooms and intensive care units and radiology service
with interventional capability.
Grade C, Level 2 +
</fullstring>
</guideline>
<guideline Category="Medical" FileName="Obesity CPG_Main" Topic="Obesity" Year="2016" id="">
<session PageNumber="71" ReferencePage="" SessionTitle="Treatment: Surgical and related options"/>
<classification Grade="A" Level="1+"/>	
<fullstring>
Patients with BMI above 40 kg/m 2 , or above 35 kg/m 2 with at least
one obesity-related comorbidity, especially if difficult to control
with lifestyle and pharmacological therapy, may be considered for
bariatric surgery as a medical treatment.
</fullstring>
</guideline>
<guideline Category="Medical" FileName="Obesity CPG_Main" Topic="Obesity" Year="2016" id="">
<session PageNumber="72" ReferencePage="" SessionTitle="Treatment: Surgical and related options"/>
<classification Grade="B" Level="2++"/>	
<fullstring>
A bariatric procedure should only be offered after extensive work-
up and discussions with the relevant stakeholders.
Grade B, Level 2 ++
</fullstring>
</guideline>
<guideline Category="Medical" FileName="Obesity CPG_Main" Topic="Obesity" Year="2016" id="">
<session PageNumber="76" ReferencePage="" SessionTitle="Treatment: Surgical and related options"/>
<classification Grade="A" Level="1++"/>	
<fullstring>	
Patients with Type 2 diabetes mellitus and other medical
comorbidities should be followed up by appropriate physicians
according to the usual protocols for management of the respective
conditions.Grade A, Level 1 ++
</fullstring>
</guideline>
<guideline Category="Medical" FileName="Obesity CPG_Main" Topic="Obesity" Year="2016" id="">
<session PageNumber="77" ReferencePage="" SessionTitle="Treatment: Surgical and related options"/>
<classification Grade="B" Level="2++"/>	
<fullstring>		
Regular laboratory tests should be made available to monitor
nutritional deficiencies. Regular supplementation is mandatory
following bariatric procedures with a malabsorptive component.
Grade B, Level 2 ++
</fullstring>
</guideline>
<guideline Category="Medical" FileName="Obesity CPG_Main" Topic="Obesity" Year="2016" id="">
<session PageNumber="77" ReferencePage="" SessionTitle="Treatment: Surgical and related options"/>
<classification Grade="C" Level="2+"/>	
<fullstring>
Female patients should avoid getting pregnant post-bariatric
surgery until weight loss has stabilised. Appropriate contraceptive
advice should be given.
Grade C, Level 2 +
</fullstring>
</guideline>
<guideline Category="Medical" FileName="Obesity CPG_Main" Topic="Obesity" Year="2016" id="">
<session PageNumber="77" ReferencePage="" SessionTitle="Treatment: Surgical and related options"/>
<classification Grade="C" Level="2+"/>	
<fullstring>
C 	 Close liaison between the obstetrician and the bariatric team
is highly desirable. For pregnant women who have undergone
bariatric surgery, nutritional supplements over and above the
usual requirements in a normal pregnancy are recommended.
Grade C, Level 2 +
</fullstring>
</guideline>
<guideline Category="Medical" FileName="Obesity CPG_Main" Topic="Obesity" Year="2016" id="">
<session PageNumber="78" ReferencePage="" SessionTitle="Older population"/>
<classification Grade="C" Level="2+"/>	
<fullstring>
Among the older population, each case of bariatric surgery should
be considered on its own merit taking into account the special
circumstances affecting the older age group.
Grade C, Level 2 +
</fullstring>
</guideline>
<guideline Category="Medical" FileName="Obesity CPG_Main" Topic="Obesity" Year="2016" id="">
<session PageNumber="79" ReferencePage="" SessionTitle="Surgical treatment for adolescents and children"/>
<classification Grade="B" Level="1+"/>	
<fullstring>
Bariatric surgery should be considered only for obese paediatric
patients who fulfil the following criteria: 260
1.	 The adolescent has attained Tanner 4 or 5 pubertal development,
and final or near-final adult height.
2.	The adolescent has BMI greater than 50 kg/m 2 or has BMI
above 40 kg/m 2 and significant severe comorbidities.
3.	Severe obesity and comorbidities persist despite a formal
programme of lifestyle modification, with or without a trial of
pharmacotherapy.
4.	 Psychological evaluation confirms the stability and competence
of the family unit.
5.	 There is access to an experienced surgeon in a medical centre
employing a team capable of long-term follow-up of metabolic
and psychosocial needs of the patient and the family. The
institution must also be either participating in a study of the
outcome of bariatric surgery or sharing data.
6.	The adolescent demonstrates the ability to adhere to the
principles of healthy dietary and activity habits.
Grade B, Level 2 ++
</fullstring>
</guideline>
<guideline Category="Medical" FileName="Obesity CPG_Main" Topic="Obesity" Year="2016" id="">
<session PageNumber="80" ReferencePage="" SessionTitle="Surgical treatment for adolescents and children"/>
<classification Grade="B" Level="2++"/>	
<fullstring>	
Adolescents undergoing bariatric surgery must be able to provide
informed consent and understand the nature of the operation, the
risks involved, and the need for long-term follow-up.
Grade B, Level 2 ++
</fullstring>
</guideline>
<guideline Category="Medical" FileName="Obesity CPG_Main" Topic="Obesity" Year="2016" id="">
<session PageNumber="84" ReferencePage="" SessionTitle="Surgical treatment for adolescents and children"/>
<classification Grade="GPP" Level="GPP"/>	
<fullstring>
During the transition to young adulthood, there may be a
discrepancy in weight status due to differences in the two
classification systems. For the older adolescents (e.g. > 16 years
old), obesity may be defined as a BMI-for-age equal to or greater
than 97th percentile, or BMI equal to or greater than 30 kg/m 2 ,
whichever criterion is met.
</fullstring>
</guideline>
<guideline Category="Medical" FileName="Obesity CPG_Main" Topic="Obesity" Year="2016" id="">
<session PageNumber="84" ReferencePage="" SessionTitle="Surgical treatment for adolescents and children"/>
<classification Grade="GPP" Level="GPP"/>	
<fullstring>
	 The majority of overweight and obese children may be managed
in primary care. Referral to tertiary general paediatric, paediatric
endocrine or medical genetic clinics should be guided by the
degree of obesity, presence or likelihood of comorbidities (e.g.
family history), or where a pathological cause of obesity is
suspected.
</fullstring>
</guideline>
<guideline Category="Medical" FileName="Obesity CPG_Main" Topic="Obesity" Year="2016" id="">
<session PageNumber="87" ReferencePage="" SessionTitle="Surgical treatment for adolescents and children"/>
<classification Grade="GPP" Level="GPP"/>	
<fullstring>
In children, investigations for comorbidities should not be
regarded as routine, but may be ordered as indicated clinically.
Screening may include glucose levels, lipid profile, liver function
test or other investigations if clinically indicated.
</fullstring>
</guideline>
<guideline Category="Medical" FileName="Obesity CPG_Main" Topic="Obesity" Year="2016" id="">
<session PageNumber="87" ReferencePage="" SessionTitle="Clinical evaluation"/>
<classification Grade="C" Level="2+"/>	
<fullstring>
Obese children and adolescents (BMI ≥ 97th percentile) should
be evaluated for obesity-related comorbidities or complications.
Overweight children (BMI ≥ 90–97th percentile) should be
screened for comorbidities, especially if risk factors are present.
Grade C, Level 2 +
</fullstring>
</guideline>
<guideline Category="Medical" FileName="Obesity CPG_Main" Topic="Obesity" Year="2016" id="">
<session PageNumber="87" ReferencePage="" SessionTitle="Clinical evaluation"/>
<classification Grade="D" Level="4"/>	
<fullstring>
	 Screening for Type 2 diabetes mellitus 282 may be performed for
Asian overweight and obese children who are in puberty or ≥ 10
years old, and have any one of these risk factors: Family history
of Type 2 diabetes mellitus in first- or second-degree relatives,
maternal gestational diabetes, and features of insulin resistance
(acanthosis nigricans, hypertension, dyslipidaemia, non-alcoholic
fatty liver disease, polycystic ovarian syndrome). Repeat screening
with fasting glucose or oral glucose tolerance test can be offered
every 2 years if excessive adiposity persists.
Grade D, Level 4
</fullstring>
</guideline>
<guideline Category="Medical" FileName="Obesity CPG_Main" Topic="Obesity" Year="2016" id="">
<session PageNumber="87" ReferencePage="" SessionTitle="Clinical evaluation"/>
<classification Grade="GPP" Level="GPP"/>	
<fullstring>
	 The vast majority (> 95%) will have common or primary obesity.
Pathological causes or secondary obesity (inclusive of monogenic
causes) are uncommon but should be carefully considered. If there
are no significant abnormalities in the history and examination
indicative of pathological causes of obesity, investigations for these
pathologies are generally not necessary. Testing may be limited
to thyroid function. If there are clinical suspicions of pathological
causes, these patients should be referred to tertiary centres for
proper investigations and interpretation of the results.
</fullstring>
</guideline>
<guideline Category="Medical" FileName="Obesity CPG_Main" Topic="Obesity" Year="2016" id="">
<session PageNumber="89" ReferencePage="" SessionTitle="Treatment goals/outcomes"/>
<classification Grade="D" Level="4"/>	
<fullstring>
	 Weight management in children and adolescents should
emphasise behavioural modifications that influence weight status
e.g. healthy eating habits and regular physical activity, rather than
focus on actual weight loss. 286,287 Weight maintenance or a slower
weight gain to allow a gradual decline in BMI is an acceptable
approach for pre-pubertal children with obesity. Weight loss
should be limited to post-pubertal adolescents who are severely
overweight and are supervised by paediatric specialists.
Grade D, Level 4
</fullstring>
</guideline>
<guideline Category="Medical" FileName="Obesity CPG_Main" Topic="Obesity" Year="2016" id="">
<session PageNumber="89" ReferencePage="" SessionTitle="Treatment goals/outcomes"/>
<classification Grade="D" Level="4"/>	
<fullstring>
Referral to a paediatric specialist or structured weight management
programme for children and adolescents should be considered for
the following cases: Children with a suspected secondary cause
of obesity, severely overweight children and adolescents with
comorbidities that require weight loss.
Grade D, Level 4
</fullstring>
</guideline>
<guideline Category="Medical" FileName="Obesity CPG_Main" Topic="Obesity" Year="2016" id="">
<session PageNumber="90" ReferencePage="" SessionTitle="Interventions Multicomponent lifestyle interventions"/>
<classification Grade="A" Level="1+"/>	
<fullstring>
Obese children and adolescents should enrol in multi-component
lifestyle interventions, which consist of nutrition, physical activity
and behavioural modifications, which can result in a modest, but
significant reduction in obesity and cardiovascular risk, compared
to standard care, self-help or no treatment.
Grade A, Level 1+
</fullstring>
</guideline>
<guideline Category="Medical" FileName="Obesity CPG_Main" Topic="Obesity" Year="2016" id="">
<session PageNumber="91" ReferencePage="" SessionTitle="Interventions Multicomponent lifestyle interventions"/>
<classification Grade="D" Level="4"/>	
<fullstring>
Dietary interventions for obese children and adolescents should
comprise the following strategies: reducing intake of calorie-
dense, nutrient-poor foods (sweetened beverages, fruit drinks and
juices, fast foods, calorie-dense snacks), portion control, reducing
saturated fat intake (for children > 2 years), encouraging intake of
fibre/whole grains, fruits and vegetables, as well as encouraging
healthy eating behaviours such as eating regular meals (especially
breakfast), avoiding having meals in front of the television (TV)/
computer and avoiding frequent food nibbling or “grazing” during
the day, especially after school. Diets should also be adequate in
micronutrient intake to promote optimal linear growth.
adolescents except when combined with specialist supervision
and intensive follow-up. 
</fullstring>
</guideline>
<guideline Category="Medical" FileName="Obesity CPG_Main" Topic="Obesity" Year="2016" id="">
<session PageNumber="92" ReferencePage="" SessionTitle="Physical activity"/>
<classification Grade="A" Level="1+"/>	
<fullstring>
Physical activity should be routinely included within a multi-
component lifestyle intervention for reducing overweight and
obesity in school-age children and adolescents. 
</fullstring>
</guideline>
<guideline Category="Medical" FileName="Obesity CPG_Main" Topic="Obesity" Year="2016" id="">
<session PageNumber="95" ReferencePage="" SessionTitle="Special focus: Pregnancy"/>
<classification Grade="B" Level="2+"/>	
<fullstring>
Women of childbearing age, especially overweight and obese
women, should receive information and advice from healthcare
providers about the benefits of weight loss before pregnancy and
the risks of being overweight or obese. An ideal preconception
weight will optimise pregnancy outcome for both mother and
baby.
</fullstring>
</guideline>
<guideline Category="Medical" FileName="Obesity CPG_Main" Topic="Obesity" Year="2016" id="">
<session PageNumber="95" ReferencePage="" SessionTitle="Special focus: Pregnancy"/>
<classification Grade="B" Level="2+"/>	
<fullstring>
B 	 Height and pre-pregnancy weight should be recorded in the health
record for all women at the initial antenatal visit. 315 Pre-pregnancy
BMI can be calculated and classified using the WHO BMI cut-off
points (see Table 11).
Grade B, Level 2 +
</fullstring>
</guideline>
<guideline Category="Medical" FileName="Obesity CPG_Main" Topic="Obesity" Year="2016" id="">
<session PageNumber="95" ReferencePage="" SessionTitle="Special focus: Pregnancy"/>
<classification Grade="D" Level="4"/>	
<fullstring>
D 	 Prior to attempting to conceive, women of childbearing age should
stop taking medication for weight loss.
Grade D, Level 4
</fullstring>
</guideline>
<guideline Category="Medical" FileName="Obesity CPG_Main" Topic="Obesity" Year="2016" id="">
<session PageNumber="96" ReferencePage="" SessionTitle="Special focus: Pregnancy"/>
<classification Grade="B" Level="2+"/>	
<fullstring>
The range of desirable total weight gain and the rate of gain should be discussed with the woman early in her pregnancy. A
plan to achieve these goals should be documented.
</fullstring>
</guideline>
<guideline Category="Medical" FileName="Obesity CPG_Main" Topic="Obesity" Year="2016" id="">
<session PageNumber="96" ReferencePage="" SessionTitle="Special focus: Pregnancy"/>
<classification Grade="B" Level="2+"/>	
<fullstring>
Nutritional advice should be routinely provided to all pregnant
women (refer to Chapter 7 on Treatment: Diet for an explanation
of a healthy diet). General advice should include:
•	 Eating a healthy, balanced diet as per “Pregnancy and Diet,
Health Promotion Board, Singapore” including foods rich in
calcium, folate and iron.
•	 Not restricting dietary intake below the recommended food
group requirements for pregnancy.
•	 Avoiding certain foods and drinks (such as raw foods, coffee/
tea and alcohol) which can be harmful to the pregnancy.
•	 Taking folic acid supplements.
•	 Adhering to recommended weight gain ranges (Table 11).
</fullstring>
</guideline>
<guideline Category="Medical" FileName="Obesity CPG_Main" Topic="Obesity" Year="2016" id="">
<session PageNumber="97" ReferencePage="" SessionTitle="Special focus: Pregnancy"/>
<classification Grade="B" Level="2+"/>	
<fullstring>
In the absence of obstetric or medical complications, all pregnant
women should accumulate 150 minutes per week of moderate-
intensity exercise (e.g. accumulate 30 minutes per day, best to
spread this activity throughout the week). Qualified supervision
may be offered to assist with assessment and individual exercise
prescription.
</fullstring>
</guideline>
<guideline Category="Medical" FileName="Obesity CPG_Main" Topic="Obesity" Year="2016" id="">
<session PageNumber="97" ReferencePage="" SessionTitle="Special focus: Pregnancy"/>
<classification Grade="B" Level="2++"/>	
<fullstring>
Consider booking an early visit to plan pregnancy care. A pregnancy
care plan with increased clinical surveillance is recommended
for obese, pregnant women in the antenatal, intrapartum and
postnatal periods. Consider a cardiac risk assessment for women
with pre-existing medical conditions, especially those with Class
III Obesity and who have other risk factors such as smoking or
Type 2 diabetes mellitus.
Grade B, Level 2 ++
</fullstring>
</guideline>
<guideline Category="Medical" FileName="Obesity CPG_Main" Topic="Obesity" Year="2016" id="">
<session PageNumber="97" ReferencePage="" SessionTitle="Special focus: Pregnancy"/>
<classification Grade="B" Level="2++"/>	
<fullstring>
B 	 All overweight or obese women should be screened for diabetes
with a 75 g oral glucose tolerance test at 24–28 weeks gestation.
For women with Class II and III Obesity (pre-pregnancy BMI ≥
35.0 kg/m 2 ), consider an early oral glucose tolerance test (below
14 weeks gestation if possible) to assess for pre-existing diabetes.
If the initial oral glucose tolerance test is negative, consider
repeating at 28 weeks if the risk of diabetes is significantly high or
if the patient exhibits clinical symptoms of diabetes.
Grade B, Level 2 ++
</fullstring>
</guideline>
<guideline Category="Medical" FileName="Obesity CPG_Main" Topic="Obesity" Year="2016" id="">
<session PageNumber="98" ReferencePage="" SessionTitle="Special focus: Pregnancy"/>
<classification Grade="B" Level="2+"/>	
<fullstring>
For women with Class III Obesity (pre-pregnancy BMI ≥ 40 kg/
m 2 ), co-manage with a physician who will establish baseline renal
(presence of proteinuria, serum creatinine and urea) and liver
function to assist in distinguishing chronic renal dysfunction
secondary to maternal chronic hypertension and/or diabetes from
pregnancy-associated hypertensive/diabetic disorders.
Grade B, Level 2 +
</fullstring>
</guideline>
<guideline Category="Medical" FileName="Obesity CPG_Main" Topic="Obesity" Year="2016" id="">
<session PageNumber="98" ReferencePage="" SessionTitle="Special focus: Pregnancy"/>
<classification Grade="B" Level="2++"/>	
<fullstring>
The risk of venous thromboembolism for every obese woman
should be evaluated in the presence of additional clinical risk
factors. Thromboprophylaxis for antenatal and postnatal, if
indicated, should be individualised.
Grade B, Level 2 ++
</fullstring>
</guideline>
<guideline Category="Medical" FileName="Obesity CPG_Main" Topic="Obesity" Year="2016" id="">
<session PageNumber="99" ReferencePage="" SessionTitle="Special focus: Pregnancy"/>
<classification Grade="B" Level="2+"/>	
<fullstring>
Consider antenatal anaesthetic consultation to review analgesic
options, especially for women with pre-pregnancy BMI > 35
kg/m 2 and consider facility capabilities including equipment
and extra staffing when performing caesarean section and other
surgeries.
Grade B, Level 2 +
</fullstring>
</guideline>
<guideline Category="Medical" FileName="Obesity CPG_Main" Topic="Obesity" Year="2016" id="">
<session PageNumber="99" ReferencePage="" SessionTitle="post natal management"/>
<classification Grade="D" Level="4"/>	
<fullstring>
Discuss healthy eating, physical activity and breastfeeding
as strategies for returning to pre-pregnancy weight with all
postpartum women. 319 Women in a healthy pre-pregnancy BMI
range should be advised of the importance of maintaining a
healthy pre-pregnancy BMI between pregnancies. Overweight
and obese women should be encouraged to lose weight before
considering a future pregnancy.
</fullstring>
</guideline>
</cpgs>
