<?xml version="1.0" encoding="UTF-8" standalone="no"?>
<cpgs>
<guideline Category="Medical" FileName="Schizophrenia Pg1-56" Topic="Schizophrenia" Year="2011" id="">
<session PageNumber="1" ReferencePage="11" SessionTitle="Treatment of acute symptoms"/>
<classification Grade="GPP" Level="GPP"/>
<fullstring>
The preliminary step in management involves establishing diagnosis
and ruling out psychoses that could be secondary to physical morbidity or
substance use. The patient’s social supports, functioning and relative risk of
self-harm or harm to others must be evaluated for choice of treatment setting
(pg 11).
</fullstring>
</guideline>
<guideline Category="Medical" FileName="Schizophrenia Pg1-56" Topic="Schizophrenia" Year="2011" id="">
<session PageNumber="1" ReferencePage="11" SessionTitle="Treatment of acute symptoms"/>
<classification Grade="A" Level="1++"/>
<fullstring>
People newly diagnosed with schizophrenia should be offered oral antipsychotic medication (pg 11).
Grade A, Level 1++
</fullstring>
</guideline>
<guideline Category="Medical" FileName="Schizophrenia Pg1-56" Topic="Schizophrenia" Year="2011" id="">
<session PageNumber="1" ReferencePage="11" SessionTitle="Treatment of acute symptoms"/>
<classification Grade="GPP" Level="GPP"/>
<fullstring>
Clinicians must provide information and discuss the benefits and side-effect profile of each drug with the patient (pg 11).
</fullstring>
</guideline>
<guideline Category="Medical" FileName="Schizophrenia Pg1-56" Topic="Schizophrenia" Year="2011" id="">
<session PageNumber="1" ReferencePage="11" SessionTitle="Treatment of acute symptoms"/>
<classification Grade="A" Level="1++"/>
<fullstring>
The recommended optimal oral dose of antipsychotic is 300-1000 mg chlorpromazine equivalents daily for an adequate duration of 4-6 weeks.
Treatment should be started at the lower end of the licensed dosage range
and slowly titrated upwards (refer table in Annex II) (pg 12).
Grade A, Level 1++
</fullstring>
</guideline>
<guideline Category="Medical" FileName="Schizophrenia Pg1-56" Topic="Schizophrenia" Year="2011" id="">
<session PageNumber="1" ReferencePage="11" SessionTitle="Treatment of acute symptoms"/>
<classification Grade="D" Level="4"/>
<fullstring>
D If there is inadequate response by 4-6 weeks or if patient develops intolerable side effects, the medication should be reviewed and another
typical or an atypical antipsychotic should be used (refer to algorithm in Annex II) (pg 12).Grade D, Level 4
</fullstring>
</guideline>
<guideline Category="Medical" FileName="Schizophrenia Pg1-56" Topic="Schizophrenia" Year="2011" id="">
<session PageNumber="1" ReferencePage="11" SessionTitle="Treatment of acute symptoms"/>
<classification Grade="A" Level="1++"/>
<fullstring>
Oral antipsychotics should be used as fi rst-line treatment for patients with an acute relapse of schizophrenia (pg 13).
Grade A, Level 1++
</fullstring>
</guideline>
<guideline Category="Medical" FileName="Schizophrenia Pg1-56" Topic="Schizophrenia" Year="2011" id="">
<session PageNumber="2" ReferencePage="16" SessionTitle="Treatment of acute symptoms"/>
<classification Grade="GPP" Level="GPP"/>
<fullstring>
GPP For all patients on clozapine, clinicians should have their full blood
count monitored weekly for the fi rst 18 weeks and monthly thereafter (pg
16).
GPP
</fullstring>
</guideline>
<guideline Category="Medical" FileName="Schizophrenia Pg1-56" Topic="Schizophrenia" Year="2011" id="">
<session PageNumber="2" ReferencePage="16" SessionTitle="Treatment of acute symptoms"/>
<classification Grade="D" Level="3"/>
<fullstring>
D Electroconvulsive therapy should be considered for patients who have
not responded to an adequate trial of antipsychotics and patients with life
threatening symptoms such as catatonia and prominent depressive symptoms
(pg 16).
Grade D, Level 3
</fullstring>
</guideline>
<guideline Category="Medical" FileName="Schizophrenia Pg1-56" Topic="Schizophrenia" Year="2011" id="">
<session PageNumber="2" ReferencePage="17" SessionTitle="Treatment of acute symptoms"/>
<classification Grade="A" Level="1+"/>
<fullstring>
Electroconvulsive therapy should not be prescribed as fi rst line treatment
or monotherapy in schizophrenia (pg 17).
Grade A, Level 1+
</fullstring>
</guideline>
<guideline Category="Medical" FileName="Schizophrenia Pg1-56" Topic="Schizophrenia" Year="2011" id="">
<session PageNumber="2" ReferencePage="18" SessionTitle="Adjunctive medications"/>
<classification Grade="A" Level="1+"/>
<fullstring>
Antidepressants should be considered when depressive symptoms emerge
during the stable phase of schizophrenia (post-psychotic depression) (pg 18).
Grade A, Level 1+
</fullstring>
</guideline>
<guideline Category="Medical" FileName="Schizophrenia Pg1-56" Topic="Schizophrenia" Year="2011" id="">
<session PageNumber="2" ReferencePage="19" SessionTitle="Adjunctive medications"/>
<classification Grade="D" Level="4"/>
<fullstring>
D Antidepressants should be used at the same dose as for treatment of major
depressive disorder (pg 19).
Grade D, Level 4
</fullstring>
</guideline>
<guideline Category="Medical" FileName="Schizophrenia Pg1-56" Topic="Schizophrenia" Year="2011" id="">
<session PageNumber="2" ReferencePage="19" SessionTitle="Adjunctive medications"/>
<classification Grade="A" Level="1+"/>
<fullstring>
Anticholinergic agents have been shown to be effective in reducing the
severity of antipsychotic-induced extrapyramidal side effects and may be
prescribed to patients experiencing these side effects (pg 19).
Grade A, Level 1+
</fullstring>
</guideline>
<guideline Category="Medical" FileName="Schizophrenia Pg1-56" Topic="Schizophrenia" Year="2011" id="">
<session PageNumber="2" ReferencePage="21" SessionTitle="Psychosocial interventions"/>
<classification Grade="GPP" Level="GPP"/>
<fullstring>
GPP Psychosocial interventions should be tailored to the needs of the
patients (pg 21).
GPP
</fullstring>
</guideline>
<guideline Category="Medical" FileName="Schizophrenia Pg1-56" Topic="Schizophrenia" Year="2011" id="">
<session PageNumber="2" ReferencePage="21" SessionTitle="Psychosocial interventions"/>
<classification Grade="A" Level="1+"/>
<fullstring>
Patients and their family members should be educated about the illness,
its course, and prognosis as well as the effi cacy of the various medications,
the anticipated side effects and costs. Family interventions should also
incorporate support, problem-solving training and crisis-intervention (pg
21).Grade A, Level 1+
</fullstring>
</guideline>
<guideline Category="Medical" FileName="Schizophrenia Pg1-56" Topic="Schizophrenia" Year="2011" id="">
<session PageNumber="2" ReferencePage="22" SessionTitle="Psychosocial interventions"/>
<classification Grade="A" Level="1+"/>
<fullstring>
Early psycho-education and family intervention should be offered to
patients with schizophrenia and their families (pg 22).
Grade A, Level 1+
</fullstring>
</guideline>
<guideline Category="Medical" FileName="Schizophrenia Pg1-56" Topic="Schizophrenia" Year="2011" id="">
<session PageNumber="2" ReferencePage="22" SessionTitle="Psychosocial interventions"/>
<classification Grade="B" Level="2++"/>
<fullstring>
Sheltered, transitional or supported employment should be offered to
patients with schizophrenia as part of a psychiatric rehabilitation programme
to enhance their vocational skills (pg 22).
Grade B, Level 2++
</fullstring>
</guideline>
<guideline Category="Medical" FileName="Schizophrenia Pg1-56" Topic="Schizophrenia" Year="2011" id="">
<session PageNumber="2" ReferencePage="23" SessionTitle="Psychosocial interventions"/>
<classification Grade="A" Level="1+"/>
<fullstring>
Cognitive remediation may be considered to improve attention, memory
and executive function among people with schizophrenia (pg 23).
Grade A, Level 1+
</fullstring>
</guideline>
<guideline Category="Medical" FileName="Schizophrenia Pg1-56" Topic="Schizophrenia" Year="2011" id="">
<session PageNumber="2" ReferencePage="23" SessionTitle="Psychosocial interventions"/>
<classification Grade="A" Level="1+"/>
<fullstring>
Cognitive remediation should be provided by occupational therapists
within the framework of a psychiatric rehabilitation programme, with a
functional goal in mind (pg 23).
Grade A, Level 1+
</fullstring>
</guideline>
<guideline Category="Medical" FileName="Schizophrenia Pg1-56" Topic="Schizophrenia" Year="2011" id="">
<session PageNumber="2" ReferencePage="23" SessionTitle="Psychosocial interventions"/>
<classification Grade="A" Level="1+"/>
<fullstring>
Psychological therapy, in particular Cognitive Behaviour Therapy (CBT), administered in combination with routine care should be considered
for patients with schizophrenia, particularly those with persistent negative and positive symptoms (pg 23).
Grade A, Level 1+
</fullstring>
</guideline>
<guideline Category="Medical" FileName="Schizophrenia Pg1-56" Topic="Schizophrenia" Year="2011" id="">
<session PageNumber="2" ReferencePage="24" SessionTitle="Psychosocial interventions"/>
<classification Grade="A" Level="1+"/>
<fullstring>
Assertive Community Treatment should be recommended for patients with high rates of hospitalizations as well as for those patients with a high
potential for homelessness (pg 24).
Grade A, Level 1+
</fullstring>
</guideline>
<guideline Category="Medical" FileName="Schizophrenia Pg1-56" Topic="Schizophrenia" Year="2011" id="">
<session PageNumber="3" ReferencePage="16" SessionTitle="Psychosocial interventions"/>
<classification Grade="GPP" Level="GPP"/>
<fullstring>
GPP For all patients on clozapine, clinicians should have their full blood count monitored weekly for the fi rst 18 weeks and monthly thereafter (pg
16).GPP
</fullstring>
</guideline>
<guideline Category="Medical" FileName="Schizophrenia Pg1-56" Topic="Schizophrenia" Year="2011" id="">
<session PageNumber="3" ReferencePage="16" SessionTitle="Psychosocial interventions"/>
<classification Grade="D" Level="3"/>
<fullstring>
D Electroconvulsive therapy should be considered for patients who have
not responded to an adequate trial of antipsychotics and patients with life
threatening symptoms such as catatonia and prominent depressive symptoms
(pg 16).Grade D, Level 3
</fullstring>
</guideline>
<guideline Category="Medical" FileName="Schizophrenia Pg1-56" Topic="Schizophrenia" Year="2011" id="">
<session PageNumber="3" ReferencePage="17" SessionTitle="Psychosocial interventions"/>
<classification Grade="A" Level="1+"/>
<fullstring>
A Electroconvulsive therapy should not be prescribed as fi rst line treatment
or monotherapy in schizophrenia (pg 17).
Grade A, Level 1+
</fullstring>
</guideline>
<guideline Category="Medical" FileName="Schizophrenia Pg1-56" Topic="Schizophrenia" Year="2011" id="">
<session PageNumber="3" ReferencePage="18" SessionTitle="Adjunctive medications"/>
<classification Grade="A" Level="1+"/>
<fullstring>
Antidepressants should be considered when depressive symptoms emerge
during the stable phase of schizophrenia (post-psychotic depression) (pg 18).
Grade A, Level 1+
</fullstring>
</guideline>
<guideline Category="Medical" FileName="Schizophrenia Pg1-56" Topic="Schizophrenia" Year="2011" id="">
<session PageNumber="3" ReferencePage="19" SessionTitle="Adjunctive medications"/>
<classification Grade="D" Level="4"/>
<fullstring>
D Antidepressants should be used at the same dose as for treatment of major
depressive disorder (pg 19).
Grade D, Level 4
</fullstring>
</guideline>
<guideline Category="Medical" FileName="Schizophrenia Pg1-56" Topic="Schizophrenia" Year="2011" id="">
<session PageNumber="3" ReferencePage="19" SessionTitle="Adjunctive medications"/>
<classification Grade="A" Level="1+"/>
<fullstring>
A Anticholinergic agents have been shown to be effective in reducing the
severity of antipsychotic-induced extrapyramidal side effects and may be
prescribed to patients experiencing these side effects (pg 19).
Grade A, Level 1+
</fullstring>
</guideline>
<guideline Category="Medical" FileName="Schizophrenia Pg1-56" Topic="Schizophrenia" Year="2011" id="">
<session PageNumber="4" ReferencePage="21" SessionTitle="Psychosocial interventions"/>
<classification Grade="GPP" Level="GPP"/>
<fullstring>
GPP Psychosocial interventions should be tailored to the needs of the
patients (pg 21).
GPP
</fullstring>
</guideline>
<guideline Category="Medical" FileName="Schizophrenia Pg1-56" Topic="Schizophrenia" Year="2011" id="">
<session PageNumber="4" ReferencePage="21" SessionTitle="Psychosocial interventions"/>
<classification Grade="A" Level="1+"/>
<fullstring>
A Patients and their family members should be educated about the illness,
its course, and prognosis as well as the effi cacy of the various medications,
the anticipated side effects and costs. Family interventions should also
incorporate support, problem-solving training and crisis-intervention (pg
21).
</fullstring>
</guideline>
<guideline Category="Medical" FileName="Schizophrenia Pg1-56" Topic="Schizophrenia" Year="2011" id="">
<session PageNumber="4" ReferencePage="22" SessionTitle="Psychosocial interventions"/>
<classification Grade="A" Level="1+"/>
<fullstring>
A Early psycho-education and family intervention should be offered to
patients with schizophrenia and their families (pg 22).
</fullstring>
</guideline>
<guideline Category="Medical" FileName="Schizophrenia Pg1-56" Topic="Schizophrenia" Year="2011" id="">
<session PageNumber="4" ReferencePage="22" SessionTitle="Psychosocial interventions"/>
<classification Grade="B" Level="2++"/>
<fullstring>

B Sheltered, transitional or supported employment should be offered to
patients with schizophrenia as part of a psychiatric rehabilitation programme
to enhance their vocational skills (pg 22).
</fullstring>
</guideline>
<guideline Category="Medical" FileName="Schizophrenia Pg1-56" Topic="Schizophrenia" Year="2011" id="">
<session PageNumber="4" ReferencePage="22" SessionTitle="Psychosocial interventions"/>
<classification Grade="A" Level="1+"/>
<fullstring>
A Cognitive remediation may be considered to improve attention, memory
and executive function among people with schizophrenia (pg 23).
Grade A, Level 1+
</fullstring>
</guideline>
<guideline Category="Medical" FileName="Schizophrenia Pg1-56" Topic="Schizophrenia" Year="2011" id="">
<session PageNumber="4" ReferencePage="23" SessionTitle="Psychosocial interventions"/>
<classification Grade="A" Level="1+"/>
<fullstring>
A Cognitive remediation should be provided by occupational therapists
within the framework of a psychiatric rehabilitation programme, with a
functional goal in mind (pg 23).
Grade A, Level 1+
</fullstring>
</guideline>
<guideline Category="Medical" FileName="Schizophrenia Pg1-56" Topic="Schizophrenia" Year="2011" id="">
<session PageNumber="4" ReferencePage="23" SessionTitle="Psychosocial interventions"/>
<classification Grade="A" Level="1+"/>
<fullstring>
A Psychological therapy, in particular Cognitive Behaviour Therapy
(CBT), administered in combination with routine care should be considered
for patients with schizophrenia, particularly those with persistent negative
and positive symptoms (pg 23).
Grade A, Level 1+
</fullstring>
</guideline>
<guideline Category="Medical" FileName="Schizophrenia Pg1-56" Topic="Schizophrenia" Year="2011" id="">
<session PageNumber="4" ReferencePage="24" SessionTitle="Psychosocial interventions"/>
<classification Grade="A" Level="1+"/>
<fullstring>
A Assertive Community Treatment should be recommended for patients
with high rates of hospitalizations as well as for those patients with a high
potential for homelessness (pg 24).
Grade A, Level 1+
</fullstring>
</guideline>
<guideline Category="Medical" FileName="Schizophrenia Pg1-56" Topic="Schizophrenia" Year="2011" id="">
<session PageNumber="5" ReferencePage="25" SessionTitle="Pregnancy"/>
<classification Grade="D" Level="4"/>
<fullstring>
D Treatment options for schizophrenia patients who are pregnant should be
individualised, with consideration of severity of previous episodes, duration
of remission since last episode, response to treatment and the woman’s
preference after full and informed discussion (pg 25).
Grade D, Level 4
</fullstring>
</guideline>
<guideline Category="Medical" FileName="Schizophrenia Pg1-56" Topic="Schizophrenia" Year="2011" id="">
<session PageNumber="5" ReferencePage="25" SessionTitle="Pregnancy"/>
<classification Grade="GPP" Level="GPP"/>
<fullstring>
GPP Schizophrenia patients who are pregnant should be referred for urgent
specialist consultation if they have not been seen by a specialist before (pg
25).
GPP
</fullstring>
</guideline>
<guideline Category="Medical" FileName="Schizophrenia Pg1-56" Topic="Schizophrenia" Year="2011" id="">
<session PageNumber="5" ReferencePage="25" SessionTitle="Pregnancy"/>
<classification Grade="GPP" Level="GPP"/>
<fullstring>
GPP Abrupt cessation of medications should be avoided in schizophrenia
patients who are pregnant as it can increase the risk of relapse, particularly
in the early weeks of pregnancy when hormonal changes make the woman
more vulnerable (pg 25).
GPP
</fullstring>
</guideline>
<guideline Category="Medical" FileName="Schizophrenia Pg1-56" Topic="Schizophrenia" Year="2011" id="">
<session PageNumber="5" ReferencePage="26" SessionTitle="Pregnancy"/>
<classification Grade="D" Level="4"/>
<fullstring>
D Healthcare providers should provide psychoeducation to women with
schizophrenia in the childbearing age-group on the risk considerations in
pregnancy and counsel patients on family planning and sexuality issues as is
appropriate (pg 26).
Grade D, Level 4
</fullstring>
</guideline>
<guideline Category="Medical" FileName="Schizophrenia Pg1-56" Topic="Schizophrenia" Year="2011" id="">
<session PageNumber="6" ReferencePage="" SessionTitle="Diagnosis and assessment"/>
<classification Grade="GPP" Level="GPP"/>
<fullstring>
GPP The preliminary step in management involves establishing
diagnosis and ruling out psychoses that could be secondary to physical
morbidity or substance use. The patient’s social supports, functioning
and relative risk of self-harm or harm to others must be evaluated for
choice of treatment setting.
GPP
</fullstring>
</guideline>
<guideline Category="Medical" FileName="Schizophrenia Pg1-56" Topic="Schizophrenia" Year="2011" id="">
<session PageNumber="6" ReferencePage="" SessionTitle="Antipsychotic medications"/>
<classification Grade="A" Level="1++"/>
<fullstring>
A People newly diagnosed with schizophrenia should be offered oral
antipsychotic medication.
Grade A, Level 1++
</fullstring>
</guideline>
<guideline Category="Medical" FileName="Schizophrenia Pg1-56" Topic="Schizophrenia" Year="2011" id="">
<session PageNumber="11" ReferencePage="" SessionTitle="Antipsychotic medications"/>
<classification Grade="GPP" Level="GPP"/>
<fullstring>
GPP Clinicians must provide information and discuss the benefi ts
and side-effect profi le of each drug with the patient.
GPP
</fullstring>
</guideline>
<guideline Category="Medical" FileName="Schizophrenia Pg1-56" Topic="Schizophrenia" Year="2011" id="">
<session PageNumber="12" ReferencePage="" SessionTitle="Antipsychotic medications"/>
<classification Grade="A" Level="1++"/>
<fullstring>
A The recommended optimal oral dose of antipsychotic is 300-1000
mg chlorpromazine equivalents daily for an adequate duration of 4-6
weeks. Treatment should be started at the lower end of the licensed
dosage range and slowly titrated upwards (refer table in Annex II).
Grade A, Level 1++
</fullstring>
</guideline>
<guideline Category="Medical" FileName="Schizophrenia Pg1-56" Topic="Schizophrenia" Year="2011" id="">
<session PageNumber="12" ReferencePage="" SessionTitle="Antipsychotic medications"/>
<classification Grade="D" Level="4"/>
<fullstring>
D If there is inadequate response by 4-6 weeks or if patient develops
intolerable side effects, the medication should be reviewed and another
typical or an atypical antipsychotic should be used (refer to algorithm
in Annex II).
Grade D, Level 4
</fullstring>
</guideline>
<guideline Category="Medical" FileName="Schizophrenia Pg1-56" Topic="Schizophrenia" Year="2011" id="">
<session PageNumber="13" ReferencePage="" SessionTitle="Treatment of acute relapse"/>
<classification Grade="A" Level="1++"/>
<fullstring>
A Oral antipsychotics should be used as first-line treatment for patients
with an acute relapse of schizophrenia.
Grade A, Level 1++
</fullstring>
</guideline>
<guideline Category="Medical" FileName="Schizophrenia Pg1-56" Topic="Schizophrenia" Year="2011" id="">
<session PageNumber="13" ReferencePage="" SessionTitle="Treatment of acute relapse"/>
<classification Grade="GPP" Level="GPP"/>
<fullstring>
GPP Choice of antipsychotic should take into account the patient’s
previous treatment response, side effect experience, co-morbid
conditions, compliance history and preference.
GPP
</fullstring>
</guideline>
<guideline Category="Medical" FileName="Schizophrenia Pg1-56" Topic="Schizophrenia" Year="2011" id="">
<session PageNumber="13" ReferencePage="" SessionTitle="Maintenance pharmacotherapy"/>
<classification Grade="A" Level="1+"/>
<fullstring>
A For maintenance therapy, antipsychotic dose should be reduced
gradually to the lowest possible effective dose, which should not be
lower than half of the effective dose during the acute phase.
Grade A, Level 1+
</fullstring>
</guideline>
<guideline Category="Medical" FileName="Schizophrenia Pg1-56" Topic="Schizophrenia" Year="2011" id="">
<session PageNumber="14" ReferencePage="" SessionTitle="Maintenance pharmacotherapy"/>
<classification Grade="B" Level="2++"/>
<fullstring>
B Combination of antipsychotics is not recommended except during
transitional periods when patients are being switched from one
antipsychotic to another, or when used for clozapine augmentation
(refer to Annex II) (pg 14).
Grade B, Level 2++
</fullstring>
</guideline>
<guideline Category="Medical" FileName="Schizophrenia Pg1-56" Topic="Schizophrenia" Year="2011" id="">
<session PageNumber="14" ReferencePage="" SessionTitle="Maintenance pharmacotherapy"/>
<classification Grade="C" Level="2+"/>
<fullstring>
C Long-acting depot antipsychotics may be indicated in patients in whom treatment adherence is an issue or when a patient expresses a
preference for such treatment.
Grade C, Level 2+
</fullstring>
</guideline>
<guideline Category="Medical" FileName="Schizophrenia Pg1-56" Topic="Schizophrenia" Year="2011" id="">
<session PageNumber="14" ReferencePage="" SessionTitle="Maintenance pharmacotherapy"/>
<classification Grade="B" Level="2++"/>
<fullstring>
B Long-acting depot antipsychotics should not be used for acute
episodes because it may take 3-6 months for the medications to reach
a stable steady state.
</fullstring>
</guideline>
<guideline Category="Medical" FileName="Schizophrenia Pg1-56" Topic="Schizophrenia" Year="2011" id="">
<session PageNumber="14" ReferencePage="" SessionTitle="Maintenance pharmacotherapy"/>
<classification Grade="C" Level="4"/>
<fullstring>
C Patients receiving atypical antipsychotics should be regularly
monitored for metabolic side effects (refer to Annex III).
Grade C, Level 4
</fullstring>
</guideline>
<guideline Category="Medical" FileName="Schizophrenia Pg1-56" Topic="Schizophrenia" Year="2011" id="">
<session PageNumber="14" ReferencePage="" SessionTitle="Maintenance pharmacotherapy"/>
<classification Grade="B" Level="2++"/>
<fullstring>
B Long-acting depot antipsychotics should not be used for acute
episodes because it may take 3-6 months for the medications to reach
a stable steady state.
Grade B, Level 2++
</fullstring>
</guideline>
<guideline Category="Medical" FileName="Schizophrenia Pg1-56" Topic="Schizophrenia" Year="2011" id="">
<session PageNumber="14" ReferencePage="" SessionTitle="Maintenance pharmacotherapy"/>
<classification Grade="C" Level="4"/>
<fullstring>
C Patients receiving atypical antipsychotics should be regularly
monitored for metabolic side effects (refer to Annex III).
Grade C, Level 4
</fullstring>
</guideline>
<guideline Category="Medical" FileName="Schizophrenia Pg1-56" Topic="Schizophrenia" Year="2011" id="">
<session PageNumber="16" ReferencePage="" SessionTitle="Management of treatment-resistant schizophrenia:Clozapine"/>
<classification Grade="A" Level="1++"/>
<fullstring>
A Clozapine should be offered to patients whose illness has not
responded adequately to treatment despite the sequential use of
adequate doses and duration of at least two different antipsychotics.
Grade A, Level 1++
</fullstring>
</guideline>
<guideline Category="Medical" FileName="Schizophrenia Pg1-56" Topic="Schizophrenia" Year="2011" id="">
<session PageNumber="16" ReferencePage="" SessionTitle="Management of treatment-resistant schizophrenia:Clozapine"/>
<classification Grade="GPP" Level="GPP"/>
<fullstring>
GPP For all patients on clozapine, clinicians should have their full blood count monitored weekly for the fi rst 18 weeks and monthly
thereafter.
GPP
</fullstring>
</guideline>
<guideline Category="Medical" FileName="Schizophrenia Pg1-56" Topic="Schizophrenia" Year="2011" id="">
<session PageNumber="16" ReferencePage="" SessionTitle="Electroconvulsive therapy (ECT)"/>
<classification Grade="D" Level="3"/>
<fullstring>
Electroconvulsive therapy should be considered for patients who
have not responded to an adequate trial of antipsychotics and patients
with life threatening symptoms such as catatonia and prominent
depressive symptoms.
</fullstring>
</guideline>
<guideline Category="Medical" FileName="Schizophrenia Pg1-56" Topic="Schizophrenia" Year="2011" id="">
<session PageNumber="16" ReferencePage="" SessionTitle="Management of treatment-resistant schizophrenia:Clozapine"/>
<classification Grade="A" Level="1+"/>
<fullstring>
A Electroconvulsive therapy should not be prescribed as fi rst line
treatment or monotherapy in schizophrenia.
Grade A, Level 1+
</fullstring>
</guideline>
<guideline Category="Medical" FileName="Schizophrenia Pg1-56" Topic="Schizophrenia" Year="2011" id="">
<session PageNumber="18	" ReferencePage="" SessionTitle="Antidepressants"/>
<classification Grade="A" Level="1+"/>
<fullstring>
A Antidepressants should be considered when depressive symptoms
emerge during the stable phase of schizophrenia (post-psychotic
depression).
Grade A, Level 1+
</fullstring>
</guideline>
<guideline Category="Medical" FileName="Schizophrenia Pg1-56" Topic="Schizophrenia" Year="2011" id="">
<session PageNumber="19" ReferencePage="" SessionTitle="Antidepressants"/>
<classification Grade="D" Level="4"/>
<fullstring>
D Antidepressants should be used at the same dose as for treatment of
major depressive disorder.
Grade D, Level 4
</fullstring>
</guideline>
<guideline Category="Medical" FileName="Schizophrenia Pg1-56" Topic="Schizophrenia" Year="2011" id="">
<session PageNumber="19" ReferencePage="" SessionTitle="Anticholinergic agents"/>
<classification Grade="D" Level="4"/>
<fullstring>
A Anticholinergic agents have been shown to be effective in reducing
the severity of antipsychotic-induced extrapyramidal side effects and
may be prescribed to patients experiencing these side effects. 65-67
Grade A, Level 1+
</fullstring>
</guideline>
<guideline Category="Medical" FileName="Schizophrenia Pg1-56" Topic="Schizophrenia" Year="2011" id="">
<session PageNumber="21" ReferencePage="" SessionTitle="Psychosocial interventions"/>
<classification Grade="GPP" Level="GPP"/>
<fullstring>
Psychosocial interventions can improve the course of schizophrenia when integrated with psychopharmacologic treatment by providing
additional benefi ts for patients in areas such as relapse prevention, improved coping skills and better social and vocational functioning.
</fullstring>
</guideline>
<guideline Category="Medical" FileName="Schizophrenia Pg1-56" Topic="Schizophrenia" Year="2011" id="">
<session PageNumber="21" ReferencePage="" SessionTitle="Psychosocial interventions"/>
<classification Grade="A" Level="1+"/>
<fullstring>
Early psycho-education and family intervention should be offered to patients with schizophrenia and their families.
</fullstring>
</guideline>
<guideline Category="Medical" FileName="Schizophrenia Pg1-56" Topic="Schizophrenia" Year="2011" id="">
<session PageNumber="21" ReferencePage="" SessionTitle="Psychiatric rehabilitation programme"/>
<classification Grade="B" Level="2++"/>
<fullstring>
Sheltered, transitional or supported employment should be offered to patients with schizophrenia as part of a psychiatric rehabilitation
programme to enhance their vocational skills.
</fullstring>
</guideline>
<guideline Category="Medical" FileName="Schizophrenia Pg1-56" Topic="Schizophrenia" Year="2011" id="">
<session PageNumber="23" ReferencePage="" SessionTitle="Cognitive remediation"/>
<classification Grade="A" Level="1+"/>
<fullstring>
Cognitive remediation may be considered to improve attention,
memory and executive function among people with schizophrenia.
</fullstring>
</guideline>
<guideline Category="Medical" FileName="Schizophrenia Pg1-56" Topic="Schizophrenia" Year="2011" id="">
<session PageNumber="23" ReferencePage="" SessionTitle="Cognitive remediation"/>
<classification Grade="A" Level="1+"/>
<fullstring>
Cognitive remediation should be provided by occupational therapists
within the framework of a psychiatric rehabilitation programme, with a
functional goal in mind.
</fullstring>
</guideline>
<guideline Category="Medical" FileName="Schizophrenia Pg1-56" Topic="Schizophrenia" Year="2011" id="">
<session PageNumber="23" ReferencePage="" SessionTitle="Psychological intervention"/>
<classification Grade="A" Level="1+"/>
<fullstring>
Psychological therapy, in particular Cognitive Behaviour Therapy
(CBT), administered in combination with routine care should be
considered for patients with schizophrenia, particularly those with
persistent negative and positive symptoms.
</fullstring>
</guideline>
<guideline Category="Medical" FileName="Schizophrenia Pg1-56" Topic="Schizophrenia" Year="2011" id="">
<session PageNumber="24" ReferencePage="" SessionTitle="Assertive Community Treatment (ACT)"/>
<classification Grade="A" Level="1+"/>
<fullstring>
Assertive Community Treatment should be recommended for patients with high rates of hospitalizations as well as for those patients with a high potential for homelessness.
Grade A, Level 1+
</fullstring>
</guideline>
<guideline Category="Medical" FileName="Schizophrenia Pg1-56" Topic="Schizophrenia" Year="2011" id="">
<session PageNumber="25" ReferencePage="" SessionTitle="Assertive Community Treatment (ACT)"/>
<classification Grade="D" Level="4"/>
<fullstring>
 Treatment options for schizophrenia patients who are pregnant
should be individualised, with consideration of severity of previous
episodes, duration of remission since last episode, response to treatment
and the woman’s preference after full and informed discussion. 103
Grade D, Level 4
</fullstring>
</guideline>
<guideline Category="Medical" FileName="Schizophrenia Pg1-56" Topic="Schizophrenia" Year="2011" id="">
<session PageNumber="25" ReferencePage="" SessionTitle="Assertive Community Treatment (ACT)"/>
<classification Grade="GPP" Level="GPP"/>
<fullstring>
Schizophrenia patients who are pregnant should be referred for
urgent specialist consultation if they have not been seen by a specialist
before.
GPP
</fullstring>
</guideline>
<guideline Category="Medical" FileName="Schizophrenia Pg1-56" Topic="Schizophrenia" Year="2011" id="">
<session PageNumber="25" ReferencePage="" SessionTitle="Assertive Community Treatment (ACT)"/>
<classification Grade="GPP" Level="GPP"/>
<fullstring>
Abrupt cessation of medications should be avoided in schizophrenia patients who are pregnant as it can increase the risk of
relapse, particularly in the early weeks of pregnancy when hormonal changes make the woman more vulnerable.
</fullstring>
</guideline>
<guideline Category="Medical" FileName="Schizophrenia Pg1-56" Topic="Schizophrenia" Year="2011" id="">
<session PageNumber="26" ReferencePage="" SessionTitle="Assertive Community Treatment (ACT)"/>
<classification Grade="D" Level="4"/>
<fullstring>
Healthcare providers should provide psychoeducation to women with
schizophrenia in the childbearing age-group on the risk considerations
in pregnancy and counsel patients on family planning and sexuality
issues as is appropriate.
Grade D, Level 4
</fullstring>
</guideline>

</cpgs>

