<?xml version="1.0" encoding="UTF-8"?>
<!--
 Licensed to the Apache Software Foundation (ASF) under one or more
 contributor license agreements.  See the NOTICE file distributed with
 this work for additional information regarding copyright ownership.
 The ASF licenses this file to You under the Apache License, Version 2.0
 (the "License"); you may not use this file except in compliance with
 the License.  You may obtain a copy of the License at

     http://www.apache.org/licenses/LICENSE-2.0

 Unless required by applicable law or agreed to in writing, software
 distributed under the License is distributed on an "AS IS" BASIS,
 WITHOUT WARRANTIES OR CONDITIONS OF ANY KIND, either express or implied.
 See the License for the specific language governing permissions and
 limitations under the License.
-->
<!--
 !   Document   : mime-types.xml
 !   Author     : Jerome Charron - http://frutch.free.fr/
 !   Description:
 !       This file gathers some mime-types / extensions / magic sequences.
 !       For more information about Internet media types,
 !       please read RFC 2045, 2046, 2047, 2048, and 2077.
 !       The Internet media type registry is at
 !       <http://www.iana.org/assignments/media-types/>.
 !       You can also use <http://www.filext.com/> for mime-types / extensions
 !       informations.
 !   Note:
 !      The following mime media types are sorted on mime-type name.
 !      For convenience purposes, please preserve this order if you edit this
 !      file.
 ! -->

<mime-types>
    
    <!--
     !   Application primary type
     ! -->

    <mime-type name="application/andrew-inset">
        <ext>ez</ext>
    </mime-type>

    <mime-type name="application/java">
        <ext>class</ext>
        <magic offset="0" type="byte" value="cafebabe"/>
    </mime-type>

    <mime-type name="application/mac-binhex40"
               description="Macintosh BinHex 4 Compressed Archive">
        <ext>hqx</ext>
    </mime-type>
    
    <mime-type name="application/mac-compactpro">
        <ext>cpt</ext>
    </mime-type>

    <mime-type name="application/msword">
        <ext>doc</ext>
        <magic offset="0" type="byte" value="31be0000"/>
    </mime-type>

    <mime-type name="application/oda">
        <ext>oda</ext>
    </mime-type>

    <mime-type name="application/pdf"
               description="Portable Document Format (PDF)">
        <ext>pdf</ext>
        <magic offset="0" value="%PDF-"/>
    </mime-type>

    <mime-type name="application/postscript"
               description="PostScript (PS)">
        <ext>ps</ext><ext>ai</ext><ext>eps</ext>
        <magic offset="0" value="%!"/>
        <magic offset="0" value="\004%!"/>
    </mime-type>

    <mime-type name="application/smil"
               description="SMIL Multimedia">
        <ext>smi</ext><ext>smil</ext>
    </mime-type>

    <mime-type name="application/vnd.mif"
               description="FrameMaker Interchange Format">
        <ext>mif</ext>
        <magic offset="0" type="byte" value="3c4d494646696c6520"/>
    </mime-type>

    <mime-type name="application/vnd.ms-excel">
        <ext>xls</ext>
    </mime-type>

    <mime-type name="application/vnd.ms-powerpoint">
        <ext>ppt</ext>
    </mime-type>

    <mime-type name="application/vnd.oasis.opendocument.presentation"
               description="OpenDocument Presentation">
        <ext>odp</ext>
    </mime-type>

    <mime-type name="application/vnd.oasis.opendocument.presentation-template"
               description="OpenDocument Presentation Template">
        <ext>otp</ext>
    </mime-type>

    <mime-type name="application/vnd.oasis.opendocument.spreadsheet"
               description="OpenDocument Spreadsheet">
        <ext>ods</ext>
    </mime-type>

    <mime-type name="application/vnd.oasis.opendocument.spreadsheet-template"
               description="OpenDocument Spreadsheet Template">
        <ext>ots</ext>
    </mime-type>

    <mime-type name="application/vnd.oasis.opendocument.text"
               description="OpenDocument Text Document">
        <ext>odt</ext>
    </mime-type>

    <mime-type name="application/vnd.oasis.opendocument.text-template"
               description="OpenDocument Text Document Template">
        <ext>ott</ext>
    </mime-type>

    <mime-type name="application/vnd.oasis.opendocument.text-master"
               description="OpenDocument Text Document Master">
        <ext>odm</ext>
    </mime-type>

    <mime-type name="application/vnd.oasis.opendocument.text-web"
               description="OpenDocument Web Text Document">
        <ext>odh</ext>
    </mime-type>

    <mime-type name="application/vnd.sun.xml.calc"
               description="StarOffice Calc Spreadsheet">
        <ext>sxc</ext>
    </mime-type>

    <mime-type name="application/vnd.sun.xml.calc.template"
               description="StarOffice Calc Spreadsheet Template">
        <ext>stc</ext>
    </mime-type>

    <mime-type name="application/vnd.sun.xml.impress"
               description="StarOffice Impress Presentation">
        <ext>sxi</ext>
    </mime-type>

    <mime-type name="application/vnd.sun.xml.impress.template"
               description="StarOffice Impress Presentation Template">
        <ext>sti</ext>
    </mime-type>

    <mime-type name="application/vnd.sun.xml.writer"
               description="StarOffice Text Document">
        <ext>sxw</ext>
    </mime-type>

    <mime-type name="application/vnd.sun.xml.writer.template"
               description="StarOffice Text Document Template">
        <ext>stw</ext>
    </mime-type>

    <mime-type name="application/vnd.wap.wbxml">
        <ext>wbxml</ext>
    </mime-type>
    
    <mime-type name="application/vnd.wap.wmlc"
               description="Compiled WML Document">
        <ext>wmlc</ext>
    </mime-type>
    
    <mime-type name="application/vnd.wap.wmlscriptc"
               description="Compiled WML Script">
        <ext>wmlsc</ext>
    </mime-type>

    <mime-type name="application/xhtml+xml"
               description="Extensible HyperText Markup Language File">
        <ext>xhtml</ext><ext>xht</ext>
    </mime-type>

    <mime-type name="application/x-bzip2"
               description="Bzip 2 UNIX Compressed File">
        <ext>bz2</ext><ext>tbz2</ext>
        <magic offset="0" type="byte" value="425a683931"/>
    </mime-type>

    <mime-type name="application/x-bcpio">
        <ext>bcpio</ext>
    </mime-type>

    <mime-type name="application/x-cdlink"
    	       description="Virtual CD-ROM CD Image File">
        <ext>vcd</ext>
    </mime-type>

    <mime-type name="application/x-chess-pgn"
               description="Portable Game Notation (PGN)">
        <ext>pgn</ext>
        <magic offset="0" value="5b4576656e742022"/>
    </mime-type>
 
    <mime-type name="application/x-cpio"
               description="UNIX CPIO Archive">
        <ext>cpio</ext>
        <magic oofset="0" type="byte" value="3037303730"/>
    </mime-type>
    
    <mime-type name="application/x-csh"
               description="UNIX csh Shell Script">
        <ext>csh</ext>
    </mime-type>
    
    <mime-type name="application/x-director"
               description="Shockwave Movie">
        <ext>dcr</ext><ext>dir</ext><ext>dxr</ext>
    </mime-type>
    
    <mime-type name="application/x-dosexec"
               description="DOS/Windows executable (EXE)">
        <ext>exe</ext>
        <magic offset="0" value="MZ"/>
    </mime-type>

    <mime-type name="application/x-dvi"
               description="TeX Device Independent Document">
        <ext>dvi</ext>
        <magic offset="0" type="byte" value="02f7"/>
        <magic offset="14" type="byte" value="1b20546558206f757470757420"/>
    </mime-type>
                
    <mime-type name="application/x-futuresplash"
               description="Macromedia FutureSplash File">
        <ext>spl</ext>
    </mime-type>
    
    <mime-type name="application/x-gtar"
               description="GNU tar Compressed File Archive (GNU Tape Archive)">
        <ext>gtar</ext>
    </mime-type>

    <mime-type name="application/x-gzip"
               description="Gzip Compressed Archive">
        <ext>gz</ext><ext>tgz</ext>
        <magic offset="0" type="byte" value="1f8b"/>
    </mime-type>

    <mime-type name="application/x-hdf"
               description="Hierarchical Data Format File">
        <ext>hdf</ext>
        <magic offset="0" type="byte" value="0e031301"/>
    </mime-type>
    
    <mime-type name="application/x-javascript"
    	       description="JavaScript Source Code">
        <ext>js</ext>
    </mime-type>
    
    <mime-type name="application/x-kword"
               description="KWord File">
        <ext>kwd</ext><ext>kwt</ext>
    </mime-type>
    
    <mime-type name="application/x-kspread"
               description="KSpread File">
        <ext>ksp</ext>
    </mime-type>
    
    <mime-type name="application/x-kpresenter"
               description="KPresenter File">
        <ext>kpr</ext><ext>kpt</ext>
    </mime-type>
    
    <mime-type name="application/x-kchart"
               description="KChart File">
        <ext>chrt</ext>
    </mime-type>
    
    <mime-type name="application/x-killustrator"
               description="KIllustrator File">
        <ext>kil</ext>
    </mime-type>
    
    <mime-type name="application/x-koan"
               description="SSEYO Koan File">
        <ext>skp</ext><ext>skd</ext><ext>skt</ext><ext>skm</ext>
    </mime-type>
    
    <mime-type name="application/x-latex"
               description="LaTeX Source Document">
        <ext>latex</ext>
    </mime-type>
    
    <mime-type name="application/x-netcdf">
        <ext>nc</ext><ext>cdf</ext>
    </mime-type>
    
    <mime-type name="application/x-ogg"
               description="Ogg Vorbis Codec Compressed WAV File">
        <ext>ogg</ext>
        <magic offset="0" type="byte" value="4f67675300020000000000000000"/>
        <!-- or "OggS" string -->
    </mime-type>

    <mime-type name="application/x-rar-compressed"
               description="Rar">
        <ext>rar</ext>
        <magic offset="0" type="byte" value="526172211a"/>
    </mime-type>

    <mime-type name="application/x-rpm"
               description="RedHat Package Manager">
        <ext>rpm</ext>
        <magic offset="0" type="byte" value="edabeedb"/>
    </mime-type>
    
    <mime-type name="application/x-sh"
               description="UNIX/LINUX Shell Script">
        <ext>sh</ext>
    </mime-type>
    
    <mime-type name="application/x-shar"
               description="UNIX shar Archive File">
        <ext>shar</ext>
    </mime-type>
    
    <mime-type name="application/x-shockwave-flash"
               description="Macromedia Flash Format File">
        <ext>swf</ext>
        <magic offset="0" value="FWS"/>
	<!-- compressed -->
        <magic offset="0" value="CWS"/>
    </mime-type>
    
    <mime-type name="application/x-stuffit"
               description="StuffIt Compressed Archive File">
        <ext>sit</ext>
        <magic offset="0" value="StuffIt (c)1997-"/>
        <magic offset="0" value="SIT!"/>
    </mime-type>
    
    <mime-type name="application/x-sv4cpio">
        <ext>sv4cpio</ext>
    </mime-type>
    
    <mime-type name="application/x-sv4crc">
        <ext>sv4crc</ext>
    </mime-type>
    
    <mime-type name="application/x-tar"
               description="Tape Archive File">
        <ext>tar</ext>
        <magic offset="257" value="ustar"/>
    </mime-type>
    
    <mime-type name="application/x-tcl"
               description="Tcl (Tool Command Language) Language Script">
        <ext>tcl</ext>
    </mime-type>
    
    <mime-type name="application/x-tex"
               description="LaTeX Source">
        <ext>tex</ext>
    </mime-type>
    
    <mime-type name="application/x-texinfo">
        <ext>texinfo</ext><ext>texi</ext>
    </mime-type>
    
    <mime-type name="application/x-troff"
               description="Roff/nroff/troff/groff Unformatted Manual Page (UNIX)">
        <ext>t</ext><ext>tr</ext><ext>roff</ext>
    </mime-type>
    
    <mime-type name="application/x-troff-man"
               description="Manual">
        <ext>man</ext>
    </mime-type>

    <mime-type name="application/x-troff-me"
               description="Formatted Manual Page with ME Macros">
        <ext>me</ext>
    </mime-type>
    
    <mime-type name="application/x-troff-ms"
               description="Formatted Manual Page with MS Macros">
        <ext>ms</ext>
    </mime-type>
    
    <mime-type name="application/x-ustar"
               description="POSIX tar Compressed Archive">
        <ext>ustar</ext>
    </mime-type>
    
    <mime-type name="application/x-wais-source">
    	<ext>src</ext>
    </mime-type>
    
    <mime-type name="application/zip"
               description="Compressed Archive File">
        <ext>zip</ext>
        <magic offset="0" value="PK"/>
    </mime-type>
    

    <!--
     !   Audio primary type
     ! -->

    <mime-type name="audio/basic"
               description="uLaw/AU Audio File">
        <ext>au</ext><ext>snd</ext>
        <magic offset="0" type="byte" value="2e736e64000000"/>
    </mime-type>

    <mime-type name="audio/midi"
               description="Musical Instrument Digital Interface MIDI-sequention Sound">
        <ext>mid</ext><ext>midi</ext><ext>kar</ext>
        <magic offset="0" value="MThd"/>
    </mime-type>
    
    <mime-type name="audio/mpeg"
               description="MPEG Audio Stream, Layer III">
        <ext>mp3</ext><ext>mp2</ext><ext>mpga</ext>
        <magic offset="0" value="ID3"/>
    </mime-type>

    
    <mime-type name="audio/x-aiff"
               description="Audio Interchange File">
        <ext>aif</ext><ext>aiff</ext><ext>aifc</ext>
        <magic offset="0" type="byte" value="464f524d00"/>
    </mime-type>
    
    <mime-type name="audio/x-mpegurl"
               description="MP3 Playlist File">
        <ext>m3u</ext>
        <magic offset="0" type="byte" value="234558544d33550d0a"/>
    </mime-type> 
    
    <mime-type name="audio/x-pn-realaudio"
               description="RealMedia Metafile">
        <ext>ram</ext><ext>rm</ext>
        <magic offset="0" type="byte" value="2e524d460000001200"/>
    </mime-type>

    <mime-type name="audio/x-pn-realaudio-plugin"
               description="RealMedia Player Plug-in">
        <ext>rpm</ext>
    </mime-type>
    
    <mime-type name="audio/x-realaudio"
               description="RealMedia Streaming Media">
        <ext>ra</ext>
        <magic offset="0" type="byte" value="2e524d460000001200"/>
    </mime-type>
    
    <mime-type name="audio/x-wav"
               description="Waveform Audio">
        <ext>wav</ext>
        <magic offset="0" value="RIFF"/>
    </mime-type>


    <!--
     !   Chemical primary type
     ! -->
    
    <mime-type name="chemical/x-pdb"
               description="Brookhaven Protein Databank File">
        <ext>pdb</ext>
    </mime-type>
    
    <mime-type name="chemical/x-xyz"
               description="XMol XYZ">
        <ext>xyz</ext>
    </mime-type>

            
    <!--
     !   Image primary type
     ! -->
        
    <mime-type name="image/bmp"
               description="Windows OS/2 Bitmap Graphics">
        <ext>bmp</ext>
        <magic offset="0" value="BM"/>
    </mime-type>
    
    <mime-type name="image/gif"
               description="Graphic Interchange Format">
        <ext>gif</ext>
        <magic offset="0" value="GIF8"/>
    </mime-type>
    
    <mime-type name="image/ief"
               description="Image Exchange Format">
        <ext>ief</ext>
    </mime-type>

    <mime-type name="image/jpeg"
               description="JPEG/JIFF Image">
        <ext>jpg</ext><ext>jpeg</ext><ext>jpe</ext>
        <magic offset="0" type="byte" value="ffd8ff"/>
    </mime-type>
   
    <mime-type name="image/photoshop"
               description="Photoshop Format">
        <ext>psd</ext>
        <magic offset="0" value="8BPS"/>
    </mime-type>
 
    <mime-type name="image/png"
               description="Portable Network Graphic">
        <ext>png</ext>
        <magic offset="0" type="byte" value="89504e470d0a1a"/> <!-- 89504e470d0a1a0a0000000d49484452 -->
    </mime-type>

    <mime-type name="image/tiff"
               description="Tagged Image Format File">
        <ext>tif</ext><ext>tiff</ext>
        <magic offset="0" type="byte" value="4d4d002a"/>
        <magic offset="0" type="byte" value="49492a00"/>
    </mime-type>

    <mime-type name="image/vnd.djvu"
               description="DjVu File">
        <ext>djvu</ext><ext>djv</ext>
    </mime-type>
    
    <mime-type name="image/vnd.wap.wbmp"
               description="Wireless Bitmap File Format">
        <ext>wbmp</ext>
    </mime-type>

    <mime-type name="image/xcf"
               description="GIMP Image File">
        <ext>xcf</ext>
        <magic offset="0" value="gimp xcf "/>
    </mime-type>

    <mime-type name="image/x-cmu-raster"
               description="Cals Raster File">
        <ext>ras</ext>
    </mime-type>

    <mime-type name="image/x-portable-anymap"
               description="PBM Portable Any Map Graphic Bitmap">
        <ext>pnm</ext>
        <!--magic offset="0" type="byte" value="50360a"/-->
    </mime-type>
    
    <mime-type name="image/x-portable-bitmap"
               description="UNIX Portable Bitmap Graphic">
        <ext>pbm</ext>
        <magic offset="0" type="byte" value="50340a"/>
        <magic offset="0" value="P1"/>
        <magic offset="0" value="P4"/>
    </mime-type>

    <mime-type name="image/x-portable-graymap"
               description="Portable Graymap Graphic">
        <ext>pgm</ext>
        <magic offset="0" type="byte" value="50350a"/>
        <magic offset="0" value="P2"/>
        <magic offset="0" value="P5"/>
    </mime-type>
    
    <mime-type name="image/x-portable-pixmap"
               description="PBM Portable Pixelmap Graphic">
        <ext>ppm</ext>
        <magic offset="0" value="P3"/>
        <magic offset="0" value="P6"/>
    </mime-type>
    
    <mime-type name="image/x-rgb"
               description="Silicon Graphics RGB Bitmap">
        <ext>rgb</ext>
        <magic offset="0" type="byte" value="01da01010003"/>
    </mime-type>
    
    <mime-type name="image/x-xbitmap"
               description="X Bitmap Graphic">
        <ext>xbm</ext>
    </mime-type>
    
    <mime-type name="image/x-xpixmap"
               description="X Picsmap Graphic">
        <ext>xpm</ext>
    </mime-type>
    
    <mime-type name="image/x-xwindowdump"
               description="X Windows Dump">
        <ext>xwd</ext>
        <magic offset="0" type="byte" value="000000"/>
    </mime-type>


    <!--
     !   Message primary type
     ! -->
     
    <mime-type name="message/news">
        <magic offset="0" value="Path:"/>
        <magic offset="0" value="Xref:"/>
        <magic offset="0" value="Article"/>
    </mime-type>

    <mime-type name="message/rfc822">
        <magic offset="0" value="Relay-Version:"/>
        <magic offset="0" value="#! rnews"/>
        <magic offset="0" value="N#! rnews"/>
        <magic offset="0" value="Forward to"/>
        <magic offset="0" value="Pipe to"/>
        <magic offset="0" value="Return-Path:"/>
        <magic offset="0" value="From:"/>
        <magic offset="0" value="Message-ID:"/>
        <magic offset="0" value="Date:"/>
    </mime-type>
        
        
    <!--
     !   Model primary type
     ! -->
    
    <mime-type name="model/iges"
               description="Initial Graphics Exchange Specification Format">
        <ext>igs</ext><ext>iges</ext>
    </mime-type>
    
    <mime-type name="model/mesh">
        <ext>msh</ext><ext>mesh</ext><ext>silo</ext>
    </mime-type>
    
    <mime-type name="model/vrml"
               description="Virtual Reality Modeling Language">
        <ext>wrl</ext><ext>vrml</ext>
    </mime-type>

                    
    <!--
     !   Text primary type
     ! -->
        
    <mime-type name="text/css"
               description="Cascading Style Sheet">
        <ext>css</ext>
    </mime-type>

    <mime-type name="text/html"
               description="Hypertext Markup Language (HTML)">
        <ext>htm</ext><ext>html</ext>
        <magic offset="0" value="&lt;HEAD"/>
        <magic offset="0" value="&lt;head"/>
        <magic offset="0" value="&lt;TITLE"/>
        <magic offset="0" value="&lt;HEAD"/>
        <magic offset="0" value="&lt;!doctype html"/>
        <magic offset="0" value="&lt;!DOCTYPE HTML"/>
        <magic offset="0" value="&lt;html"/>
        <magic offset="0" value="&lt;HTML"/>
        <magic offset="0" value="&lt;H1"/>
        <magic offset="0" value="&lt;h1"/>
    </mime-type>

    <mime-type name="text/plain"
               description="Text File">
        <ext>asc</ext><ext>txt</ext>
    </mime-type>

    <mime-type name="text/richtext"
               description="Rich Text Document">
        <ext>rtx</ext>
    </mime-type>

    <mime-type name="text/rtf"
               description="Rich Text Format File">
        <ext>rtf</ext>
        <magic offset="0" value="{\rtf"/>
    </mime-type>

    <mime-type name="text/sgml"
               description="Standard Generalized Markup Language Document">
        <ext>sgml</ext><ext>sgm</ext>
    </mime-type>
    
    <mime-type name="text/tab-separated-values"
               description="Tab Separated Values File">
        <ext>tsv</ext>
    </mime-type>
    
    <mime-type name="text/vnd.wap.wml"
               description="Wireless Markup Language File">
        <ext>wml</ext>
    </mime-type>
    
    <mime-type name="text/vnd.wap.wmlscript"
               description="WML Script">
        <ext>wmls</ext>
    </mime-type>

    <mime-type name="text/xml"
               description="Extensible Markup Language File">
        <ext>xml</ext><ext>xsl</ext>
        <!--magic offset="0" value="&lt;?xml"/-->
    </mime-type>
        
    <mime-type name="text/x-setext"
               description="Setext (Structure Enhanced Text)">
        <ext>etx</ext>
    </mime-type>

    
    <!--
     !   Video primary type
     ! -->

    <mime-type name="video/mpeg"
               description="MPEG Movie Clip">
        <ext>mpg</ext><ext>mpeg</ext><ext>mpe</ext>
        <magic offset="0" type="byte" value="000001b3"/>
        <magic offset="0" type="byte" value="000001ba"/>
    </mime-type>

    <mime-type name="video/quicktime"
               description="QuickTime Video Clip">
        <ext>mov</ext><ext>qt</ext>
        <magic offset="4" value="moov"/>
        <magic offset="4" value="mdat"/>
    </mime-type>

    <mime-type name="video/vnd.mpegurl">
        <ext>mxu</ext>
    </mime-type>

    <mime-type name="video/x-msvideo"
               description="Audio Video Interleave File">
        <ext>avi</ext>
        <magic offset="8" type="byte" value="41564920"/>
    </mime-type>
        
    <mime-type name="video/x-sgi-movie"
               description="QuickTime Movie">
        <ext>movie</ext>
    </mime-type>
        
    
    <!--
     !   X-Conference primary type
     ! -->
    
    <mime-type name="x-conference/x-cooltalk"
               description="Cooltalk Audio">
        <ext>ice</ext>
    </mime-type>
    

<!--
    Here are the Mime media-types that were in the Nutch original
    mime.types file, but without extension mapping:

    application/EDI-Consent
    application/EDI-X12
    application/EDIFACT
    application/activemessage
    application/applefile
    application/atomicmail
    application/batch-SMTP
    application/beep+xml
    application/cals-1840
    application/commonground
    application/cybercash
    application/dca-rft
    application/dec-dx
    application/dvcs
    application/eshop
    application/http
    application/hyperstudio
    application/iges
    application/index
    application/index.cmd
    application/index.obj
    application/index.response
    application/index.vnd
    application/iotp
    application/ipp
    application/isup
    application/font-tdpfr
    application/macwriteii
    application/marc
    application/mathematica
    application/mathematica-old
    application/news-message-id
    application/news-transmission
    application/ocsp-request
    application/ocsp-response
    application/parityfec
    application/pgp-encrypted
    application/pgp-keys
    application/pgp-signature
    application/pkcs10
    application/pkcs7-mime
    application/pkcs7-signature
    application/pkix-cert
    application/pkix-crl
    application/pkixcmp
    application/prs.alvestrand.titrax-sheet
    application/prs.cww
    application/prs.nprend
    application/qsig
    application/remote-printing
    application/riscos
    application/sdp
    application/set-payment
    application/set-payment-initiation
    application/set-registration
    application/set-registration-initiation
    application/sgml
    application/sgml-open-catalog
    application/sieve
    application/slate
    application/timestamp-query
    application/timestamp-reply
    application/vemmi
    application/vnd.3M.Post-it-Notes
    application/vnd.FloGraphIt
    application/vnd.accpac.simply.aso
    application/vnd.accpac.simply.imp
    application/vnd.acucobol
    application/vnd.aether.imp
    application/vnd.anser-web-certificate-issue-initiation
    application/vnd.anser-web-funds-transfer-initiation
    application/vnd.audiograph
    application/vnd.businessobjects
    application/vnd.bmi
    application/vnd.canon-cpdl
    application/vnd.canon-lips
    application/vnd.claymore
    application/vnd.commerce-battelle
    application/vnd.commonspace
    application/vnd.comsocaller
    application/vnd.contact.cmsg
    application/vnd.cosmocaller
    application/vnd.cups-postscript
    application/vnd.cups-raster
    application/vnd.cups-raw
    application/vnd.ctc-posml
    application/vnd.cybank
    application/vnd.dna
    application/vnd.dpgraph
    application/vnd.dxr
    application/vnd.ecdis-update
    application/vnd.ecowin.chart
    application/vnd.ecowin.filerequest
    application/vnd.ecowin.fileupdate
    application/vnd.ecowin.series
    application/vnd.ecowin.seriesrequest
    application/vnd.ecowin.seriesupdate
    application/vnd.enliven
    application/vnd.epson.esf
    application/vnd.epson.msf
    application/vnd.epson.quickanime
    application/vnd.epson.salt
    application/vnd.epson.ssf
    application/vnd.ericsson.quickcall
    application/vnd.eudora.data
    application/vnd.fdf
    application/vnd.ffsns
    application/vnd.framemaker
    application/vnd.fsc.weblaunch
    application/vnd.fujitsu.oasys
    application/vnd.fujitsu.oasys2
    application/vnd.fujitsu.oasys3
    application/vnd.fujitsu.oasysgp
    application/vnd.fujitsu.oasysprs
    application/vnd.fujixerox.ddd
    application/vnd.fujixerox.docuworks
    application/vnd.fujixerox.docuworks.binder
    application/vnd.fut-misnet
    application/vnd.grafeq
    application/vnd.groove-account
    application/vnd.groove-identity-message
    application/vnd.groove-injector
    application/vnd.groove-tool-message
    application/vnd.groove-tool-template
    application/vnd.groove-vcard
    application/vnd.hhe.lesson-player
    application/vnd.hp-HPGL
    application/vnd.hp-PCL
    application/vnd.hp-PCLXL
    application/vnd.hp-hpid
    application/vnd.hp-hps
    application/vnd.httphone
    application/vnd.hzn-3d-crossword
    application/vnd.ibm.afplinedata
    application/vnd.ibm.MiniPay
    application/vnd.ibm.modcap
    application/vnd.informix-visionary
    application/vnd.intercon.formnet
    application/vnd.intertrust.digibox
    application/vnd.intertrust.nncp
    application/vnd.intu.qbo
    application/vnd.intu.qfx
    application/vnd.irepository.package+xml
    application/vnd.is-xpr
    application/vnd.japannet-directory-service
    application/vnd.japannet-jpnstore-wakeup
    application/vnd.japannet-payment-wakeup
    application/vnd.japannet-registration
    application/vnd.japannet-registration-wakeup
    application/vnd.japannet-setstore-wakeup
    application/vnd.japannet-verification
    application/vnd.japannet-verification-wakeup
    application/vnd.koan
    application/vnd.lotus-1-2-3
    application/vnd.lotus-approach
    application/vnd.lotus-freelance
    application/vnd.lotus-notes
    application/vnd.lotus-organizer
    application/vnd.lotus-screencam
    application/vnd.lotus-wordpro
    application/vnd.mcd
    application/vnd.mediastation.cdkey
    application/vnd.meridian-slingshot
    application/vnd.minisoft-hp3000-save
    application/vnd.mitsubishi.misty-guard.trustweb
    application/vnd.mobius.daf
    application/vnd.mobius.dis
    application/vnd.mobius.msl
    application/vnd.mobius.plc
    application/vnd.mobius.txf
    application/vnd.motorola.flexsuite
    application/vnd.motorola.flexsuite.adsi
    application/vnd.motorola.flexsuite.fis
    application/vnd.motorola.flexsuite.gotap
    application/vnd.motorola.flexsuite.kmr
    application/vnd.motorola.flexsuite.ttc
    application/vnd.motorola.flexsuite.wem
    application/vnd.mozilla.xul+xml
    application/vnd.ms-artgalry
    application/vnd.ms-asf
    application/vnd.ms-lrm
    application/vnd.ms-project
    application/vnd.ms-tnef
    application/vnd.ms-works
    application/vnd.mseq
    application/vnd.msign
    application/vnd.music-niff
    application/vnd.musician
    application/vnd.netfpx
    application/vnd.noblenet-directory
    application/vnd.noblenet-sealer
    application/vnd.noblenet-web
    application/vnd.novadigm.EDM
    application/vnd.novadigm.EDX
    application/vnd.novadigm.EXT
    application/vnd.osa.netdeploy
    application/vnd.palm
    application/vnd.pg.format
    application/vnd.pg.osasli
    application/vnd.powerbuilder6
    application/vnd.powerbuilder6-s
    application/vnd.powerbuilder7
    application/vnd.powerbuilder7-s
    application/vnd.powerbuilder75
    application/vnd.powerbuilder75-s
    application/vnd.previewsystems.box
    application/vnd.publishare-delta-tree
    application/vnd.pvi.ptid1
    application/vnd.pwg-xhtml-print+xml
    application/vnd.rapid
    application/vnd.s3sms
    application/vnd.seemail
    application/vnd.shana.informed.formdata
    application/vnd.shana.informed.formtemplate
    application/vnd.shana.informed.interchange
    application/vnd.shana.informed.package
    application/vnd.sss-cod
    application/vnd.sss-dtf
    application/vnd.sss-ntf
    application/vnd.street-stream
    application/vnd.svd
    application/vnd.swiftview-ics
    application/vnd.triscape.mxs
    application/vnd.trueapp
    application/vnd.truedoc
    application/vnd.tve-trigger
    application/vnd.ufdl
    application/vnd.uplanet.alert
    application/vnd.uplanet.alert-wbxml
    application/vnd.uplanet.bearer-choice-wbxml
    application/vnd.uplanet.bearer-choice
    application/vnd.uplanet.cacheop
    application/vnd.uplanet.cacheop-wbxml
    application/vnd.uplanet.channel
    application/vnd.uplanet.channel-wbxml
    application/vnd.uplanet.list
    application/vnd.uplanet.list-wbxml
    application/vnd.uplanet.listcmd
    application/vnd.uplanet.listcmd-wbxml
    application/vnd.uplanet.signal
    application/vnd.vcx
    application/vnd.vectorworks
    application/vnd.vidsoft.vidconference
    application/vnd.visio
    application/vnd.vividence.scriptfile
    application/vnd.wap.sic
    application/vnd.wap.slc
    application/vnd.webturbo
    application/vnd.wrq-hp3000-labelled
    application/vnd.wt.stf
    application/vnd.xara
    application/vnd.xfdl
    application/vnd.yellowriver-custom-menu
    application/whoispp-query
    application/whoispp-response
    application/wita
    application/wordperfect5.1
    application/x-compress
    application/x400-bp
    application/xml
    application/xml-dtd
    application/xml-external-parsed-entity
    audio/32kadpcm
    audio/g.722.1
    audio/l16
    audio/mp4a-latm
    audio/mpa-robust
    audio/parityfec
    audio/prs.sid
    audio/telephone-event
    audio/tone
    audio/vnd.cisco.nse
    audio/vnd.cns.anp1
    audio/vnd.cns.inf1
    audio/vnd.digital-winds
    audio/vnd.everad.plj
    audio/vnd.lucent.voice
    audio/vnd.nortel.vbk
    audio/vnd.nuera.ecelp4800
    audio/vnd.nuera.ecelp7470
    audio/vnd.nuera.ecelp9600
    audio/vnd.octel.sbc
    audio/vnd.qcelp
    audio/vnd.rhetorex.32kadpcm
    audio/vnd.vmx.cvsd
    image/cgm
    image/g3fax
    image/naplps
    image/prs.btif
    image/prs.pti
    image/vnd.cns.inf2
    image/vnd.dwg
    image/vnd.dxf
    image/vnd.fastbidsheet
    image/vnd.fpx
    image/vnd.fst
    image/vnd.fujixerox.edmics-mmr
    image/vnd.fujixerox.edmics-rlc
    image/vnd.mix
    image/vnd.net-fpx
    image/vnd.svf
    image/vnd.xiff
    message/delivery-status
    message/disposition-notification
    message/external-body
    message/http
    message/news
    message/partial
    message/rfc822
    message/s-http
    model/vnd.dwf
    model/vnd.flatland.3dml
    model/vnd.gdl
    model/vnd.gs-gdl
    model/vnd.gtw
    model/vnd.mts
    model/vnd.vtu
    multipart/alternative
    multipart/appledouble
    multipart/byteranges
    multipart/digest
    multipart/encrypted
    multipart/form-data
    multipart/header-set
    multipart/mixed
    multipart/parallel
    multipart/related
    multipart/report
    multipart/signed
    multipart/voice-message
    text/calendar
    text/directory
    text/enriched
    text/parityfec
    text/prs.lines.tag
    text/rfc822-headers
    text/t140
    text/uri-list
    text/vnd.DMClientScript
    text/vnd.IPTC.NITF
    text/vnd.IPTC.NewsML
    text/vnd.abc
    text/vnd.curl
    text/vnd.flatland.3dml
    text/vnd.fly
    text/vnd.fmi.flexstor
    text/vnd.in3d.3dml
    text/vnd.in3d.spot
    text/vnd.latex-z
    text/vnd.motorola.reflex
    text/vnd.ms-mediapackage
    text/vnd.wap.si
    text/vnd.wap.sl
    text/xml-external-parsed-entity
    video/mp4v-es
    video/parityfec
    video/pointer
    video/vnd.fvt
    video/vnd.motorola.video
    video/vnd.motorola.videop
    video/vnd.mts
    video/vnd.nokia.interleaved-multimedia
    video/vnd.vivo
-->

</mime-types>
