<?xml version="1.0"?>
<?xml-stylesheet type="text/xsl" href="configuration.xsl"?>

<!-- Put site-specific property overrides in this file. -->

<configuration>

<property>
	<name>NTUNLP_HOME</name>
	<value>/home/vumamaheswari/medProject/apache-nutch-1.4-bin</value>
	<description>Absolute path to the CLIA system</description>
</property>

<property>
  <name>http.agent.name</name>
  <value>umantu</value>
  <description>HTTP 'User-Agent' request header. MUST NOT be empty - 
  please set this to a single word uniquely related to your organization.

  NOTE: You should also check other related properties:

	http.robots.agents
	http.agent.description
	http.agent.url
	http.agent.email
	http.agent.version

  and set their values appropriately.

  </description>
</property>
<property>
<name>plugin.folders</name>
<value>/home/vumamaheswari/medProject/apache-nutch-1.4-bin/build/plugins</value>
</property>


<property>
  <name>plugin.includes</name>
  <value>protocol-http|urlfilter-regex|parse-(html|tika)|index-(basic|anchor)|scoring-opic|urlnormalizer-(pass|regex|basic)|urlmeta|searchclinical</value>

  <description>Regular expression naming plugin directory names to
  include.  Any plugin not matching this expression is excluded.
  In any case you need at least include the nutch-extensionpoints plugin. By
  default Nutch includes crawling just HTML and plain text via HTTP,
  and basic indexing and search plugins.
  </description>
</property>

</configuration>
